-1,7.11,18.91,45.32,14.55,65.06,81.05,6.57,10.38,99.85,15.24,89.91,2.16,76.87,76.65,36.66,61.53,9.29,34.44,70.52,27.84,31.11,21.31,15.22,12.41,78.28,74.44,65.01,43.64,66.64,32.24,65.95,74.88,14.42,29.9,62.9,78.49,94.2,80.12,46.65,57.14,90.37,9.21,6.37,58.73,42.94,95.67,41.97,54.65,4.64,25.97,10.02,24.38,17.39,4.28,33.94,75.21,66.05,7.97,8.12,33.15,42.34,1.66,22.46,82.69,75.77,28.12,54.71,13.26,83.89,76.78,12.59,81.7,93.31,80.83,39.48,12.2,21.71,9.97,68.13,64.35,51.63,12.97,99.79,92.99,69.81,54.76,23.05,40.72,79.28,46.83,76.54,37.78,68.69,18.78,70.74,0.33,62.71,49.08,36.22
71.53,-1,68.29,2.61,19.71,49.38,35.98,18.98,74.12,23.11,75.91,0.67,88.78,28.34,95.86,91.13,34.17,94.8,27.78,19.69,38.29,62.86,76.72,46.96,20.8,57.51,75.86,46.59,70.04,8.92,39.36,97.57,55.09,80.21,39.08,51.4,93.6,1.66,58.08,0.52,52.07,88.66,74.48,34.79,61.46,50.34,56.1,12.89,79.05,82.35,6.01,88.32,92.16,57.75,95.59,62.95,7.9,42.79,77.73,19.25,3.3,32.78,41.72,12.27,24.63,54.36,16.39,4.32,83.32,11.48,52.84,86.51,37.65,7.77,68.15,7.29,12.01,38.42,62.93,64.59,89.27,70.02,31.65,66.31,58.8,41.19,39.95,62.98,16.61,78.56,31.6,15.53,53.67,24.24,66.55,41.7,31.1,51.14,6.15,42.97
36.59,3.37,-1,66.32,90.11,19.01,48.19,21.44,14.28,28.66,63.99,84.88,7.63,2.27,63.97,59.04,73.32,84.48,59.51,24.91,97.3,18.76,20.88,82.73,57.97,97.89,42,95.52,16.59,29.31,66.89,35.8,72.65,44.32,17.13,44.73,46.11,33,63.32,41.9,70.36,76.23,44.37,9.47,73.78,64.81,41.58,4.47,37.94,65.04,74.19,62.7,49.33,54.96,89.37,10.53,16.32,12.26,93.88,77.77,56.75,61.25,27.06,90.35,95.45,59.49,27.2,44.7,8.5,45.46,97.46,71.36,70.43,2.55,13.69,4.66,3.79,89.16,55.78,78.09,48.17,40.2,80.4,91.07,17.73,86.24,7.12,60.21,21.31,20.77,99.88,15.41,55.63,47.62,45.24,43.95,30.28,31.45,92.14,20.87
90.14,97.4,50.51,-1,10.46,79.79,8.69,92.36,7.57,70.52,73.46,21.54,62.93,1.34,53.66,74.48,8.59,15.17,91.92,99.04,57.84,52.62,83.26,92.21,8.07,69.01,93.23,88.21,11.27,30.34,1.09,44.38,13.89,7.01,37.78,80.18,14,11.46,64.92,45.48,23.65,72.9,78.29,66.28,65.25,1.81,77.49,0.88,87.15,55.27,40.76,64.97,80.54,97.77,45.36,58.41,5.93,81.17,35.85,17.73,47.71,99.85,45.57,35.24,2.91,86.36,65.77,18.67,56.51,44.23,54.35,10.51,58.57,67.4,3.27,67.91,90.18,47.57,40.95,57.48,79.47,47.69,27.11,25.32,76.56,89.73,86.74,37.06,58.34,86.42,29.59,8.54,50.15,72.96,2.77,78.99,51.49,49.57,55.42,25.55
4.21,9.25,14.72,79.18,-1,33.55,44.63,80.33,57.88,24.84,58.64,7.33,50.38,35.49,89.76,65.57,39.47,64.71,28.05,66.54,2.04,84.5,16.47,97.05,12.87,0.41,62.45,41.49,52.54,45.18,1.87,84.63,61.21,40.85,1.79,86.74,29.25,1,82.31,31.08,99.17,81.72,13.1,80.18,81.96,71.73,78.58,41.98,90.16,51.18,91.58,40.43,18.73,6.47,27.75,31.91,46.42,33.73,35.32,67.26,74.73,59.61,70.05,67.26,55.61,0.42,24.9,48.88,9.84,53.6,74.78,72.54,92.13,83.13,52.77,19.49,82.05,55.51,81.86,78.3,32.5,99.55,56.37,48.73,19.6,60.23,66.07,83.54,9.89,43.96,89.49,84.74,52.83,0.31,85,35.48,42.72,4.59,97.01,29.83
56.65,52.25,89.17,86.58,0.58,-1,47.45,73.74,97.96,12.12,88.64,5.83,96.18,86.28,96.03,10.64,13.23,64.04,29.13,92.06,53.28,93.24,64.94,16.66,1.22,45.98,35.94,43.07,37.13,86.22,87.36,70.38,55.47,94.87,77.76,54.24,24.9,0.71,18.93,14.01,61.58,13.82,40.08,73.01,25.94,94.9,90.55,53.15,83.22,9.91,52.31,36.67,83.27,57.05,38.2,64.42,8.72,70.57,66,86.23,90.44,93.02,64.36,59.93,1.64,40.21,56.92,76.69,63.74,37.01,10.51,9.34,10.86,91.61,51.66,53.41,55.3,47.88,47.81,38.32,92.84,27.2,14.55,28.72,63.24,83.37,89.99,18.88,40.59,21.14,10.28,98.45,42.19,42.34,85.87,37.94,75.24,18.22,43.56,42.04
23.64,89.43,21.7,94.85,27.52,71.37,-1,43.35,62.27,76.01,32.39,33.25,71.42,74.1,19.37,99.47,77.63,0.76,58.84,34.27,4.14,53.1,91.44,81.13,64.38,83.52,51.47,6.17,22.88,19.8,67.55,44.64,38.24,1.3,55.52,59.28,40.1,96.38,71.49,54.72,22.1,6.02,66.77,12.25,16.57,99.09,86.34,92.42,81.61,39.8,37.74,43.09,35.99,44.36,12.86,5.86,33.92,85,28.79,88.17,9.99,98.27,34.13,46.38,9.28,41.86,66.94,61.1,84.23,34.88,4.24,77.94,62,86.73,64.37,11.49,27.2,97.82,42.83,80.31,50.07,16.89,23.88,7.02,74.2,74.76,41.6,45.12,70.34,73.08,14.48,58.61,13.18,39.36,47.07,82.05,49.7,16.96,8.45,8.41
78.75,96.67,3.64,61.66,57.46,82.45,84.61,-1,91.13,63.36,7.65,40.79,39.89,21.84,74.05,3.54,48.02,45.77,74.88,80.47,23.44,49.83,1.16,72.52,4.13,71.84,49.75,19.92,95.57,30.16,59.17,91.01,4.44,59.65,60.29,68.01,40.29,86.62,28.09,82.87,14.32,30.09,70.97,40.37,96.62,40.8,76.47,51.63,2.63,13.79,56.15,26.1,64.05,44.12,2.36,42.89,1.09,90.21,93.71,43.63,60.69,13.51,83.66,12.07,85.42,0.5,25.31,27.19,92.76,50.13,9.2,84.3,69.04,97.93,11.33,69.38,12.9,54.82,37.35,99.6,18.89,87.84,59.6,98.22,84.32,10.8,57.05,24.16,29.37,66.41,42.41,54.56,43.41,56.15,41.32,11.39,3.34,6,10.08,8.34
77.96,28.14,79.65,65.06,82.3,6.22,42.68,4.59,-1,73.81,87.7,45.85,94.21,93.56,30.56,3.42,59.98,47.54,50.18,92.06,2.57,11.62,88.68,24.79,26.89,14.64,29.36,82.45,40.77,46.79,74.11,94.61,49.76,67.7,28.09,23.03,98.33,33.17,97.29,95.27,0.93,65.49,98.32,66.6,54.45,92.43,47.48,16.07,72.77,31.28,20.16,5.48,62.4,16.08,91.32,78.52,55.84,89.14,24.38,2.33,33.31,91.43,98.34,76.76,21.44,96.94,53.35,88.98,0.54,48.84,29.14,69.41,35.15,61.16,4.61,19.94,99.6,18.11,64.5,2.1,62.2,28.47,69.92,48.95,81.66,86.39,41.68,3.36,24.09,64.74,91.16,0.19,46.77,65.74,60.9,53.69,77.54,12.83,48.55,12.28
52.87,99.46,48.49,71.61,29.98,18.77,94.41,83.53,40.74,-1,57.58,72.64,11.63,66.54,80.26,28.78,57.28,88.64,91.57,69.43,46.33,50.52,73.17,77.99,75.27,94.29,32.42,70.4,85.77,54.88,26.28,75.77,19.76,21.21,65.11,50.11,6.2,52.14,9.4,97.98,85.67,66.53,3.77,81.98,31.21,58.78,29.95,29.05,81.19,4.98,6.35,31.61,31.3,42.09,5.51,96.82,73.83,68.97,52.64,74.12,88.29,57.92,49.34,18.79,87.49,84.06,22.15,44.44,66.58,61.51,27.19,85.79,94.39,56.77,27.87,29.46,93.3,76.37,7.72,68.55,27.36,54.02,53.11,46.48,12.71,20.83,31.18,17.59,76.09,95.78,14.32,83.51,97.76,69.93,82.35,22.49,37.95,50.88,69.24,59.62
10.56,22.22,7.43,24.1,29,13.52,7.12,66.63,31.94,10.76,-1,35.18,96.08,20.45,51.95,73.54,61.46,36.54,66.43,95.77,0.65,40.37,29.26,77.87,56.91,63.36,16.05,0.99,19.67,86.48,34.19,58.9,61.73,37.86,58.24,74.01,50.65,1.68,61.26,69,47.38,7.18,10.62,26.75,3.05,91.47,29.09,40.88,99.86,99.51,35.6,8.77,22.92,7.31,3.34,31.44,91.44,62.91,10.38,17.02,32.85,28.52,89.99,78.97,33.34,74.84,13.98,91.95,46.93,3.69,31.23,3.99,29.14,80.83,22.29,83.61,56.26,69.34,63.73,2.8,49.6,76.21,54.91,35.66,62.27,1.59,12.1,21.73,20.43,55.06,96.73,87.72,47.12,64.92,83.61,36.54,98.55,10.66,1.31,44.46
43.8,67.06,8.77,34.57,61.75,3.18,42.45,35.84,16.21,47.29,58.93,-1,73.68,94.81,40.73,47.12,39.77,56.74,37.18,2.82,37.63,33.14,13.12,65.3,73.28,92.53,79.63,98.16,46.69,99.39,57.57,29.22,21.66,1.95,5.91,41.06,96.2,38.03,9,8.49,16.22,43.01,11.31,67.76,61.26,69.02,1.69,62.55,44.82,12.73,32.62,78.6,10.85,42.5,75.32,73.17,65.04,57.62,85.54,22.53,67.99,15.97,86.26,73.47,6.61,91.59,69.46,99.94,57.55,14.81,80.21,97.01,8.22,25.15,42.61,58.33,4.87,83.92,21.54,26.08,73.79,33.79,48.19,91.37,78.79,76.33,57.17,49.87,48.53,65.73,60.49,27.83,83.74,50.96,93.51,54.5,89.04,30.1,14.11,25.66
16.06,92.55,88.63,39.56,34.03,51.11,12.67,23.58,67.76,93.79,64.23,43.44,-1,38.16,60.1,64.16,29.13,58.37,45.55,67.58,73,27.53,18.72,74.39,14.77,81.38,4.21,1.3,25.19,42.48,30.78,15.77,77.03,7.1,58.13,69.7,75.82,27.62,64.81,83.94,43.32,9.72,37.93,7.87,57.7,11.05,95.59,40.47,31.09,85.97,26.77,35.94,95.09,59.42,3.32,5.08,46.08,94.06,13.83,94.11,40.9,57.94,15.1,62.35,33.85,51.24,84.22,45.11,25.04,15.87,74.5,34.81,43.02,64.09,5.9,89.67,26.46,75.38,76.9,52.67,61.62,94.05,12.93,49.85,27.75,86.44,58.03,88.62,8.75,59.28,97.84,28.86,46.76,66.64,41.42,77.9,90.84,91.52,97.99,98.83
36.93,23.29,56.23,42.29,72.61,89.57,46.35,69.43,97.71,8.1,53.26,58.35,17.42,-1,70.43,40.21,18.03,90.33,5.71,89.26,49.75,73.48,58.31,96.62,35.18,77.1,54.38,54.34,21.92,58.08,51.36,37.09,79.23,37.55,95.33,94.86,8.76,53.63,48.79,90.71,77.12,16.1,24.45,97,41.73,65.56,8.69,89.17,24.37,56.48,1.81,46.58,91.32,94.34,52.28,27.34,33.12,87.52,8.39,17.67,73.44,90.57,6.17,26.49,25.58,62.29,31.49,68.97,64.84,67.9,68.86,71.88,66.03,39.27,52.14,9.89,14.56,1.89,97.52,52.88,24.45,14.04,95.27,95.94,37.44,35.56,90.61,26.27,93.59,37.44,2.54,98.8,16.8,89.75,17.1,15.01,82.24,13.8,78.67,68.73
88.37,69.96,21.88,37.2,55.18,64.46,1.97,45.8,70.79,65.03,81.4,44.37,4.45,47.48,-1,42.36,17.1,43.74,12.88,41.36,95.73,76.97,87.6,26.44,73.79,19.42,43.94,98.84,56.93,41.45,21.64,66.22,63.58,10.71,65.98,93.63,48.84,96.09,27.9,63.03,99.32,65.32,5.94,2.05,85.12,2.65,33.47,85.25,11.17,14.67,73.59,83.66,48.9,29.87,16.53,9.72,1.81,27.3,21.53,4.94,18.99,85.32,97.19,54.67,31.99,95.12,1.21,62.64,11.96,4.13,2.17,5.41,6.21,10.51,83.89,47.95,32.38,7.13,20.97,48.59,4.66,26.29,97.15,29.65,53.68,22.25,72.12,68.62,75.54,77.92,80.7,66.4,20.34,39.7,42.69,97.78,27.12,31.93,74.85,94.88
32.64,53.82,0.3,5.33,42.96,33.55,15.62,94.51,40.89,2.76,1.68,96.39,86.16,58.68,80.1,-1,67.62,43.5,6.89,62.91,14.14,11.45,99.07,70.44,55.35,47.58,99.27,98.75,9.62,63.82,63.24,66.27,42.05,7.92,64.17,43.18,60.87,77.83,9.68,77.97,96.56,58.77,2.75,88.42,65.46,92.55,49.81,68.37,55.25,90.32,63.52,52.51,5.23,47.79,50.62,32.61,77.82,12.56,72.06,92.99,75.64,10.31,63.26,76.55,85.14,89.68,60.39,94.62,33.72,14.41,51.14,40.49,4.73,10.15,81.63,48.17,2.31,20.9,8.8,48.3,66.2,53.06,61.4,59.96,60.07,75.86,39.95,93.68,86.11,16.33,13.81,44.77,92.46,10.72,12.56,46.66,66.2,68.07,73.91,17.46
13.11,75.54,8.76,53.97,48.38,37.13,4.87,44.48,86.3,29.7,59.45,41.77,93.24,75.26,84.28,43.88,-1,56.96,36.44,39.52,15.83,18.18,23.91,41.3,62.82,99.19,26.49,54.91,87.13,54.74,58.7,89.42,23.54,63.64,18.49,42.06,9.77,95.23,30.36,59.63,69.36,52.77,32.82,51.3,64.97,49.1,87.96,52.47,36.09,75.25,36.52,72.21,64.04,35.9,92.63,97.03,11.83,63.51,6.99,56.44,3.1,5.65,80.57,87.86,18.22,90.14,9.21,48.71,40.37,41.59,11.99,57.43,21.24,9.19,63.16,21.08,59.09,65.15,55.26,1.98,44.08,45.13,13.82,14.19,45.67,0.88,76.86,48.96,80.69,42.56,54.53,56.19,16.71,80.18,61.51,15.39,95.5,1.61,55.38,60.72
86.26,16.94,37.25,68.43,83.18,8.2,37.53,84.35,86.76,27.08,7.27,7.91,64.69,64.4,84.74,98.44,42.84,-1,21.86,20.92,84.25,54.39,85.89,98.46,72.34,24.18,42.55,15.79,29.97,23.18,50.8,37.09,68.29,24.88,44.11,57.93,13.05,81.18,36.35,53.47,92.25,70.35,67.99,83.65,18.5,36.95,23.74,67.87,85.15,24.47,43.24,52.75,43.87,66.03,44.72,25.24,58.83,51.54,55.66,28.18,28.78,98.81,48.32,36.18,23.74,82.16,5.85,71.39,23.48,34.96,49.85,33.37,19.39,39.42,40.63,78,88.5,22.9,49.08,52.19,56.7,5.85,42.95,48.35,15.13,88.01,92.22,50.13,76.79,64.34,68.02,16.59,8.88,56.72,96.29,78.38,21.63,95.4,98.14,26.29
5.37,58.19,45.16,49.19,73.22,94.36,17.66,4.57,68.55,95.17,0.14,40.15,84.57,76.36,27.39,52.8,67.63,64.11,-1,92.37,56.24,56.54,24.82,77.67,23.97,47.48,17.46,2.84,98.23,89.58,48,26.82,31.43,20.01,64.77,51.38,43.64,72.38,82.3,14.46,37.41,36.89,13.03,5.98,63.85,90.03,48.4,55.28,78.3,8.61,75.06,60.93,59.24,94.83,8.88,61.85,28.26,89.1,20.17,73.78,12.47,47.76,33.52,74.13,16.64,25.83,16.6,32.59,9.7,30.24,72.18,72.95,96.48,28.75,39.27,18.93,30.72,50.08,32.29,55.65,92.29,17.27,55.04,28.36,68.55,84.49,65.06,38.53,94,78.7,2.88,6.06,72.48,99.19,23.84,26.58,33.26,24,94.92,92.19
73.11,9.85,2.41,83.75,9.66,92.37,41.37,23.86,80.48,16.48,14.55,30.5,18.08,59.37,82.73,93.21,2.32,11.62,59.62,-1,67.38,86.56,47.07,54.97,46.28,83.7,27.55,94.99,55.75,97.36,14.74,27.12,80.58,75.53,14.37,44.37,38.72,26.27,75.42,73.55,1.15,74.7,8.74,97.29,58.44,15.08,86.41,92.7,36.26,28.71,93.21,60.65,17.59,74.63,86.74,27.24,79.83,72.07,25.98,33.79,83.43,26.12,88.97,79.62,73.6,48.79,49.57,14.66,97.38,36.67,42.55,43.23,49.89,98.3,58.72,80.15,77.68,74.2,52.97,86.73,4.2,62.1,84.6,16.35,4.93,27.65,11.75,37.08,75.69,80.62,22.13,47.18,45.41,78.75,80.92,98.46,80.18,2.67,17.09,84.34
68.13,47.5,92.71,53.67,28.66,3.46,58.21,70.6,78.35,34.45,89.14,83.1,5.48,77.36,42.13,41.2,29.26,54.55,81.18,48.37,-1,9.7,14.34,9.47,4.02,76.74,8.56,61.46,15.62,37.24,79.88,54.94,94.07,44.77,63.28,66.78,20.42,18.22,54.87,64.49,25.43,72.15,57.31,91.04,51.8,7.51,73.27,17.31,68.91,82.62,3.13,42.33,46.41,20.27,46.33,55.65,61.47,35.86,40.29,90.38,86.9,73.25,40.86,10.83,91.47,46.06,4.89,88.38,14.76,65.94,42.88,98.06,3.63,16.91,92.46,82.09,93.3,26.42,35.23,52.17,23.38,24.95,89.77,0.75,41.66,58.85,7.96,13.98,49.26,17.61,72.92,65.63,68.99,23.86,4.6,66.19,18.23,65.59,33.15,62.71
56.69,85.01,45.73,78.97,65.15,60.27,82.9,16.89,61.64,79.4,22.36,13.88,5.97,24.87,61.89,95.19,47.12,52.7,25.9,15.99,40.58,-1,63.15,85.83,4.64,79.93,43.34,24.58,41.89,60.86,78.17,56.52,16.14,5.56,70.52,53.5,19.66,29.27,92.28,62.06,27.29,3.86,14.12,62.52,27.99,98.92,64.24,55.63,20.21,1.24,61.1,15.78,32.9,75.62,93.28,27,83.76,43.38,57.47,67.94,99.17,65.81,87.91,81.6,52.46,61.57,35.38,84.11,10.01,32.39,13.32,43.61,63.61,78,22.25,51.39,27.87,52.41,44.17,23.35,18.25,26.45,27.26,53.57,8.06,20.47,44.86,37.95,70.16,62.49,46.39,57.53,88.76,91.51,83.87,81.81,10.44,68.64,40.54,99.67
14.89,26.56,78.31,97.26,97.89,93.02,70.52,21.79,99.23,83.51,25.01,5.51,24.42,99.57,21.01,96.8,74.46,35.32,80.87,8.31,16.61,15.69,-1,63.07,74.57,78.18,21.29,22.2,81.9,42,33.6,92.86,98.19,3.18,86.16,80.85,75.72,0.27,25.03,71.78,3.28,66.56,86.63,69,1.61,11.09,91.4,66.39,74.04,86.15,74.17,19.36,65.38,64.4,79.49,12.28,40.94,86.77,71.97,41.96,2.26,22.95,23.95,39.91,1.07,30.07,34.79,90.97,98.88,83.55,43.8,46.43,30.96,74.58,82.77,57.15,35.84,46.72,19.71,28.85,23.8,78.75,49.52,28.55,80.22,84.04,15.81,16.46,99.8,10.77,81.89,15.41,34.29,62.48,66.93,85.21,47.37,15.26,16.33,49.47
25.26,87.52,82.68,5.23,93.26,29.56,34.8,44.81,6.32,2.56,89.43,63.69,94.65,4.8,13.24,0.2,49.72,77.62,90.92,62.37,29.8,75.1,77.19,-1,6.84,26.54,30.26,39.69,2.21,23.63,56.78,78.17,49.53,85.44,5.06,13.62,31.43,24.52,91.23,12.83,22.7,23.39,40.82,29.24,92.76,90.24,7.9,9.44,44.6,54.52,30.12,33.78,22.33,34.41,83.67,40.49,94.93,77.26,27.16,46.86,50.54,67.95,40.78,45.6,4.35,49.12,30.02,5.52,36.62,78.08,6.25,80.31,50.69,21.73,59.16,19.25,55.77,76.62,91.24,7.77,80.72,40.22,20.05,69.58,59.71,1.15,70.88,27.34,47.81,22.96,99.65,28.43,40.77,40.96,38.13,36.63,49.1,5.56,75.05,57.71
31.64,30.12,6.43,1.82,11,83.67,12.06,42.48,24.53,40,60.18,2.28,33.56,74.06,56.89,41.76,93.36,46.07,63.73,84.71,68.44,78.1,42.12,64.8,-1,87.1,74.18,99.15,11.12,42.69,5.38,20.43,83,23.21,11.01,84.7,82.33,87.57,39.52,53.63,44.98,90.05,76.08,68.86,38.43,85.9,31.68,54,9.76,8.54,50.56,47.57,40.97,35.9,10.96,30.97,10.05,58.88,3.64,91.94,29.99,86.69,18.95,73.29,72.92,28.85,89.3,63.66,75.97,29.28,40.74,55.33,63.1,3.66,9.39,18.71,81.06,91.64,40.92,65.72,74.56,81.54,7.17,83,81.39,13.32,9.76,7.79,2.79,61.9,77.08,41.82,42.83,99.04,83.76,69.89,49.82,12.84,22.61,82.15
20.74,79.11,39.63,65.42,23.65,60.19,20.81,59.52,58.52,31.71,35.35,44.02,39.26,55.27,11.55,53,56.47,31.72,50.06,77.81,76.87,51.36,79.59,31.42,42.38,-1,23.27,43.98,54.34,30.71,95.69,58.49,76.33,91.83,71.67,81.27,44.28,47.93,13.04,35.61,64.71,68.55,82.47,14.02,29.5,57.14,35.54,17.7,96.56,94.4,61.3,75.06,39.6,42.76,64.14,62.2,79.31,38.74,75.05,15.53,81.45,68.52,35.22,57.88,91.86,72.35,80.61,97.4,61.23,21.61,77.67,57.66,66.59,50.47,50.34,68.68,89.66,12.35,90.93,49,80.96,11.64,16.1,60.97,25.5,37.35,58.73,68.95,70.26,37.73,50.39,89.71,87.73,79.66,23.39,37.82,58.83,3.51,69.25,7.86
40.93,9.67,8.22,93.72,53.14,0.33,3.97,17.25,79.56,18.3,45.99,7.13,13.35,80.75,70.31,98.09,37.91,48.52,89.43,67.37,47.13,15.57,25.93,2.42,51.74,70.24,-1,86.3,58.77,91.14,52.68,78.29,8.89,54.17,49.39,24.74,96.9,66.18,0.09,52.36,66.07,23.04,5.75,48.36,64.22,97.62,55.34,98.99,30.02,60.46,79.74,55.25,61.14,13,0.26,61.84,76.5,50.98,62.13,68.72,98.39,67.33,53.83,93.84,14.48,55.7,42.26,34.56,62.32,89.15,3.9,36.15,36,82.16,13.54,30.85,95.23,62.02,30.21,20.39,2.46,46.71,8.41,48.69,7.59,85.39,7.43,86.71,1.25,76.69,18.24,87.81,52.73,66.83,51,56.2,1.64,93.12,65.19,43.7
17.8,91.4,64.17,72.12,24.44,7.63,79.59,72.03,74,52.2,90.54,55.01,55.84,37.92,49.94,26.54,53.1,0.58,92.17,56.17,32.79,40.26,66.39,27.44,90.24,5.8,57.35,-1,46.54,30.01,9.43,55.54,22.62,65.61,85.15,43.92,39.33,6.05,23.68,27.76,92.29,69.48,13.39,42.56,49.3,98.59,40.37,1.18,61.16,57.37,9.03,8.78,52.95,45.3,88.72,74.17,55.42,74.74,16.52,90.83,64.16,45.93,18.72,5.17,70.87,64.51,66.48,6.68,27.64,80.09,28.27,55.02,66.32,39.08,52.34,45.97,55.03,19.91,41.79,8.88,78.54,59.82,25.01,63.54,20.73,12.33,12.52,40.24,70.23,82.53,31.51,17.79,14.36,39.93,63.19,18.55,70.5,85.54,33.85,43.09
20.39,30.5,55.49,61.67,88.14,87.24,31.98,50.36,89.32,27.15,63.29,12.75,62.41,73.74,10.3,83.38,78.26,98.02,82.91,3.16,68.33,46.43,18.76,99.68,29.13,97.34,59.34,12.68,-1,15.85,66.23,6.91,85.34,68.49,38.89,58.23,14.64,95.37,59.44,93.7,87.47,58.47,42.94,17.16,43.54,95.82,11.36,73.52,60.58,70.55,13.39,92.26,75.49,73.04,3.67,67.05,19.37,94.45,15.16,57.69,1.41,85.52,7.49,52.66,89.52,20.49,3.79,54.06,66.68,28.13,68.6,2.59,61.55,15.44,81.44,39.55,12.65,75.62,1.97,52.3,24.18,67.5,1.54,1.81,68.39,4.95,5.59,26.15,61.1,89.12,94.93,16.43,2.66,61.13,71.53,23.39,10.16,26.19,62.02,84.35
84.82,59.07,46.19,71.23,49.65,89.93,68.09,23.84,96.32,23.97,22.63,79.99,63.55,11.35,52.23,18.11,13.94,8.84,28.96,71.89,17.3,96.6,26.23,8.85,69.11,5.58,14.61,96.92,78.7,-1,58.46,84.06,3.84,76.89,49.38,19.6,10.16,1.55,98.35,87.91,30.09,48.85,30.34,18.08,75.62,77.83,13.42,27.54,70.62,78.53,16.73,20.63,71.04,64.57,90.97,59.11,38.09,97.02,14.03,86.06,91.8,53.23,90.9,72.17,10.41,82.05,6.68,94.48,47,26.11,19.73,94.42,89.59,8.56,59.96,82.94,28.29,36.49,35.07,58.17,20.82,66.78,16.68,41.57,69.54,28.03,3.21,69.63,87.85,35.41,34.85,5.02,35.63,81.11,13.62,43.59,80.11,66.33,23.79,35.97
92.51,76.65,19.29,37.08,75.04,20.19,55.45,72.65,71.8,87.96,42.83,57.23,24.98,62.76,75.68,69.74,0.03,33.28,12.07,51.31,86.39,15.7,80.74,44.19,50.67,50.29,13.68,20.96,1.98,44.06,-1,83.16,75.33,97.2,58.64,69.69,95.94,94.08,46.59,89.65,95.06,14.3,90.2,79.99,99.21,83.58,35.83,89.22,80.27,69.29,68.36,92.31,91.05,80.3,4.31,70.79,66.9,33.49,57.19,49.54,85.48,36.11,21.08,79.23,7.77,65.34,48.68,53.73,11.05,94.27,93.04,65.94,27.27,67.23,65.81,85.74,74.13,30.32,16.51,3.53,24.18,83.3,0.25,66.08,88.13,7.19,57.58,6.19,50.05,46.34,44.61,57.38,20.78,19.39,68.94,40.7,27.07,13.21,16.38,47.62
64.74,24.3,55.77,86.41,83.47,76.28,77.63,98.12,31.6,58.1,44.68,15.52,53.91,60.12,63.75,16.46,61.91,84.74,27.61,40.57,97.01,14.5,40.97,33.7,75.59,35.58,17.91,13.16,71.03,98.46,79.55,-1,42.58,38.88,60.7,21.51,4.77,86.77,8.66,32.08,25.11,72.89,20.12,18.78,49.84,73.42,16.8,32.91,10.71,71.42,33.21,9.61,24.69,92.93,55.32,45.56,39.23,35.44,15.62,29.41,47.84,96.41,54.67,65.21,66.91,47.5,28.51,14.69,19.87,25.65,91.17,5.04,76.65,89.64,26.3,0.01,47.71,22.68,21.35,54.43,56.86,61.85,42.54,87.13,88.56,2.15,36.99,32.31,50.58,7.42,32.25,36.43,79.88,17.28,40.88,54.08,67.9,74.37,51.71,56.26
40.72,96.26,91.44,2.93,20.35,60.58,23.63,57.22,20.5,61.88,72.27,8.54,59.57,67.92,20.7,6.49,90.95,74.6,26.23,86.98,64.27,90.37,1.69,41.65,91.03,90.73,94.83,71.24,21.36,69.88,63.6,6.78,-1,32.14,58.18,24.31,77.91,79.58,52.95,82.28,24.56,5.18,32.91,6.85,23.04,12.94,60.76,36.51,67.63,28.72,36.56,14.61,27.16,28.08,82.6,32.37,95.45,62.59,28.62,91.82,73.56,43.71,29.4,0.93,26.92,92.61,95.25,3.33,69.39,73.43,34.2,3.32,22.44,88,6.85,65.55,40.57,56.19,85.39,22.86,97.32,45.32,8.52,50.56,63.04,55.62,97.13,10.08,57.06,66.7,30.81,50.01,40.95,60.09,44.82,49.12,2.08,25.98,24.17,2.52
25.02,98.84,17.85,40.97,56.21,97.46,30.26,95.2,75.51,93.05,34.22,59.86,78.8,99.56,72.71,24.81,11.48,29.86,17.06,30.16,35.86,1.44,67.49,47.91,66.31,94.57,81.8,93.6,19.49,83.63,88.55,22.79,85.2,-1,20.67,6.64,62.86,86.79,72.2,14.31,52.15,78.76,64.86,97.35,91.5,10.4,26.76,28.93,1.34,27.93,98.74,70.96,43.97,19.23,64.21,90.36,63.98,43.16,73.23,47.79,86.33,36,48.87,20.7,63.72,35.1,68.51,99.78,42.74,69.59,94.66,70.08,1.67,27.25,34.73,52.09,89.73,1.46,16.2,35.29,86.68,32.61,7.58,55.55,59.27,19.45,53.47,61.81,14.66,85.26,21.4,9.43,12.38,79.13,66.86,2.81,85.61,83.77,97.06,31.74
84.46,22.82,43.96,86.03,3.33,30.58,83.41,51.55,99.98,8.42,12.17,97.9,61.75,38.34,83.22,55.66,38.64,85.63,58.44,35.25,1.32,5.1,92.49,2.91,51.98,97.12,14.09,79.08,12.34,10.92,70.09,74.31,9.92,93.86,-1,2.71,76.28,8.69,83.34,88.27,50.5,14.95,57.29,11.92,31.13,26.24,71.01,21.12,78.73,93,58.84,38.56,97,12.22,3.75,10.99,49.43,79.73,79.49,64.28,37,45.05,85.56,69.32,96.81,34.86,76.74,98.72,9.51,19.47,16.89,52.26,4.05,29.57,67.76,86.25,74.8,67.93,86.78,73.6,84.91,79.56,96.1,58.59,15.73,71.28,99.74,14.07,94,82.54,43.97,78.81,32.11,89.43,83.61,74.98,98.42,94.17,60.97,8.33
82.75,1.14,52.22,40.06,21.27,27.12,80.36,55.79,11.89,8.42,46.02,9.61,42.26,3.6,88.7,40.35,29.81,56.84,35.49,50.34,56.87,26.11,36.85,84.74,22.71,70.87,94.75,29.25,32.08,27.72,24.5,68.71,24.99,82.06,7.02,-1,84.66,78.59,69.16,39.22,0.65,98.36,5.41,67.9,91.61,80.13,49.21,75.68,89.35,74.11,65.45,77.23,2.81,31.81,1.09,22.43,18.54,60.3,42.46,94.26,74.84,11.9,93.48,24.77,30.75,84.06,91.72,74.88,12.12,63.17,3.73,34.45,80.73,47.98,67.64,31.3,82.63,70.82,71.57,37.74,6.97,8.23,55.25,77.86,44.37,19.37,88.83,71.28,90.55,25.58,97.67,81.67,53,68.67,89.92,11.03,43.1,14.35,99.64,38.15
29.51,40.99,7.02,8.35,19.99,9.58,71.96,53.26,87.84,10.79,23.36,32.52,73.56,38.19,67.81,33.83,92.09,94.96,77.22,56.48,31.26,89.81,50.28,29.2,95.23,1.81,59.98,12.84,38.26,99.41,97.95,99.88,9.71,34.46,46.01,64.35,-1,99.05,22.09,50.24,34.87,86.77,92.82,85.54,2.02,80.45,52.17,87.48,42,74.21,97.81,96.33,37.51,38.21,48.7,98.2,8.96,82.81,43.25,39.61,73.66,8.35,5.13,63.9,94.35,94.48,73.82,60.24,52.8,10.06,9.3,21.88,98.09,67.22,41.86,24.03,57.72,58.6,14.17,56.97,70.67,80.11,45.15,39.78,2.22,8.21,55.95,17.93,40.47,66.84,36.65,87.07,89.99,14.05,59.63,84.62,83.49,57.11,2.2,35.09
92.88,48.38,96.45,62.22,12.9,26.83,18.62,18.93,49.9,52.74,20.89,88.56,99.36,98.46,89.15,10.14,96.68,4.74,79.27,60.76,16.05,81.79,35.62,4,64.5,76.77,88.93,48.01,47.58,16.9,91.06,62.94,44.45,95.55,78.48,6.12,5.32,-1,21.74,10.78,49.4,90.34,81.52,48,79.69,75.05,23.24,34.4,32.24,58,54.46,45.91,84.88,16.7,40.49,96.75,77.01,94.52,1.75,83.17,13.42,45.88,98.66,71.17,34.92,48.97,91.8,69.55,51.05,58.04,64.84,47.88,33.98,31.72,89.08,85.77,60.35,36.07,74.37,80.45,66.4,59.64,33.11,35.22,55.63,61.87,14.22,89.69,46.31,49.37,18.51,94.2,58.8,38.02,39.51,25.23,44.15,88.08,53.6,64.72
43.02,16.84,34.08,92.23,23.01,79.04,46.07,84.47,30.29,84.96,65.4,1.54,16.54,79.99,54.15,94.65,63.36,38.04,35.4,38.25,23,44.63,60.86,57.55,9.19,82.34,2.23,49.51,2.8,88.68,62.42,40,38.28,18.36,72.49,23.67,14.46,54.47,-1,64.63,2.29,88.89,53.34,60.7,91.04,60.83,51.25,93.43,50.75,51.79,68.45,38.98,13.42,72.88,41.75,77.57,89.53,87.02,8.75,94.79,57.39,39.3,75.9,70.73,25.57,58.8,69.95,19.16,47.94,74.28,62.81,15.84,85.76,25.93,24.08,71.26,28.3,9.97,46.18,14.73,40.37,82.12,15.43,80.78,51.05,95.03,26.77,99.33,99.72,63.75,22.69,97.45,90.85,42.32,22.58,20.73,95.57,80.58,94.92,50.04
83.74,95.33,64.15,39.5,83.79,84.61,76.74,88.49,56.87,64.53,53.26,99.91,50.12,46.37,69.43,33.89,34.78,98.88,89.03,4.96,10.42,91.64,82.54,64.54,16.44,87.86,36.01,83.5,10.93,49.68,76.85,12.65,15.93,14.38,47.49,99.05,17.2,42.2,99.03,-1,71.59,24.42,74.3,57.64,88.07,2.52,43.4,35.15,12.56,74.51,37.07,41.68,89.32,8.12,7.66,88.95,95.47,88.05,56.78,58.11,30.03,22.21,75.02,28.16,97.56,34.08,75.77,94.65,34.95,38.89,5.5,33.4,83.49,93.61,21.38,54.89,60.17,44.14,5.48,93.23,45.41,99.09,59.48,79.42,30.56,57.03,74.82,79.42,58.87,33.47,61.35,36.04,79.77,31.07,81.63,65.49,43.79,28.77,42.12,91.77
7.16,66.75,30.99,19.85,90.46,27.73,23.02,0.02,93.45,81.74,58.12,31.53,64.58,16.76,31,1.4,84.97,20.07,49.64,96.06,29.29,37.72,57.39,4.56,0.86,0.87,33.61,42.87,84.46,73.46,28.69,57.31,89.58,56.51,41.47,61.97,82.21,88.73,81.57,17.68,-1,15.3,23.1,9.1,1.4,16.77,13.25,28.72,11.68,45.71,16.95,48.48,42.57,27.48,70.06,65.43,14.45,81.51,0.22,76.97,59.74,58.48,65.39,37.8,28.8,31.39,50.56,75.33,24.39,86.46,70.17,66.15,16.74,45.05,60.18,63.52,35.38,89.01,16.66,93.52,28.83,39.54,74.13,2.22,51.29,91.41,51.52,9.61,47.19,28.01,29.03,37.05,47.03,14.91,14.99,76.05,56.54,43.49,75.76,77.74
35.89,83.91,87.95,91.78,40.47,57.72,7.04,14.39,41.74,59.83,98.66,50.58,91.61,86.45,10.27,41.42,34.83,42.01,9.07,10.24,10.01,0.94,20.07,41.49,16.58,23.85,39.37,83.18,62.31,16.02,58.55,25.78,65.15,28.13,6.5,40.75,88.58,84.09,41.67,3.07,28.11,-1,42.51,33.33,55.71,59.61,91.79,20.71,81.21,78.82,22.62,86.36,80.07,41.17,53.24,21.31,34.9,8.44,54.26,82.57,55.7,89.66,6.52,32.07,58.5,50.41,14.31,17.99,50.03,58.06,83.74,93.66,15.95,20.15,76.08,30.01,78.03,75.45,42.98,25.37,1.43,20.82,6.4,65.27,38.6,79.65,73.23,17.78,58.22,75.85,26.21,55.55,26.49,36.13,53.01,99.15,24.97,44.78,67.12,14.99
37.01,53.4,57.82,93.27,79.9,30.26,1.4,98.4,33.19,75.78,51.56,52.5,8.88,81.18,71.14,44.41,80.64,16.58,33.55,89.76,24.59,0.73,64.29,78.24,78.72,82.26,51.52,47.97,79.91,77.97,20.66,45,4.39,20.16,49.12,34.69,43.6,4.3,15.19,45.95,35.88,63.58,-1,81.56,35.17,32.65,8.64,7.57,73.58,50.31,7.79,99.29,12.92,12.94,0.12,79.73,66.99,34.72,7.39,23.55,36.07,49.95,49.38,15.84,53.73,46.73,7.49,70.69,43.45,93.6,36.33,17.6,36.8,21.05,51.91,28.06,18.65,59.35,94.21,87.39,25.67,16.84,23.72,22.75,26.88,36.22,94.03,67.3,90.76,98.84,15.1,12.08,3.25,65.04,49.77,11.18,23.03,92.83,54.77,88.8
15.56,34.91,37.4,50.4,31.44,95.96,35.54,68.83,55.18,52.33,74.7,20.92,34.89,40.32,23.49,74.8,93.99,75.09,48.92,69.78,36.5,27.7,91.95,59.54,59.04,13.17,87.21,40.66,66.35,9.63,95.77,40.34,5.29,28.02,58.93,29.46,62.63,30.45,1.76,95.26,26.81,34.63,76.11,-1,76.72,13.24,99.74,83.96,50.47,10.82,40.99,10.76,20.14,96.84,59.85,5.21,18.98,14.35,78.53,15.69,92.19,81.18,14.91,24.28,51.06,86.79,53.92,45.43,23.96,19.96,62.22,82.49,34.62,16.77,5.05,39.7,97.49,14.63,2.13,10.46,13.96,53.64,3.76,84.48,19.66,32.69,65.26,63.38,41.42,41.43,42.61,73.63,79.2,74.23,10.03,74.14,80.4,82.73,53.59,89.92
65.76,52.76,23.97,50.51,76.18,6.04,79.79,58.45,56.65,40.03,46.09,25.29,31.25,94.79,0.39,67.7,92.95,41.4,39.94,66.49,89.52,51.63,89.98,20.25,43.72,33.94,1.52,90.4,46.83,24.39,76.54,69.04,54.64,84.36,45.19,40.35,12.36,4.53,38.85,35.47,97.96,8.88,57.04,37.23,-1,44.23,5.47,88.67,50.29,95.25,63.51,85.07,49.45,35.33,69.17,34.73,66.31,70.81,49.74,20.56,3.06,12.18,60.96,18.44,2.77,25.35,67.86,70.65,9.59,52.74,75.43,40.17,44.93,35.07,94.66,97.43,87.59,97.67,16.34,57.4,16.11,83.02,43.2,46.1,90.59,45.82,10.06,86.1,71.79,16.88,41.92,13.51,7.34,20.86,99.55,82.66,59.06,23.67,83.6,11.98
25.05,98.26,35.29,17.56,43.66,71.77,99.33,77.45,67.33,85.3,52.28,11.43,82.25,71.45,52.18,15.03,69.34,88.71,59.23,16.22,76.56,9.21,27.69,75.82,65.01,31.29,20.85,92.75,34.18,28.75,51.95,65.32,57.68,0.8,75.76,26.22,23.95,68.3,0.23,23.55,50.61,33.69,84.23,11.51,23.46,-1,35.79,27.05,66.57,6.6,42.83,55.02,83.23,36.69,43.09,5.29,51.82,50.46,85.57,13.44,31.77,32.83,5.05,4.31,88.29,94.27,61.53,79.81,73.07,9.6,89.63,0.25,92.06,98.76,4.58,48.07,25.65,36.65,35.14,24.19,73.92,90.67,93,0.61,77.24,2.46,8.62,47.53,6.13,33.53,79.64,66.8,37.28,86.71,19.39,23.62,57.19,81.65,67.36,60.35
97.27,31.27,62.6,46.84,19.23,11.39,71.39,24.89,8.53,84.5,76.99,23.45,78.07,70.33,91.4,55,63.6,16.37,33.8,22.04,41.64,8.74,53.64,77.16,66.01,76.05,57.94,5.37,27.01,63.2,64.84,65.69,24.06,66.09,11.57,70.3,90.15,6.05,69.91,63.24,61.08,76.92,61.25,28.63,76.42,96.04,-1,42.49,79.37,50.09,61.42,25.95,21.81,57.74,14.42,69.03,51.08,36.64,47.16,51.53,76.78,86.09,71.36,34.74,63.83,51.76,46.57,82.08,84.94,88.22,61.85,69.07,34.47,71.47,4.84,26.73,13.57,61.39,76.22,73.91,31.6,47.18,73.64,32.8,18.88,73.33,1.68,82.04,24.01,65.32,93.98,86.77,20.35,75.51,77.56,26.81,38.55,59.35,98.32,13.38
19.78,79.38,24.77,90.42,47.82,92.36,87.26,46.09,57.28,33.55,48.8,98.15,92.31,4.92,32.31,93.35,61.38,65.12,23.09,22.82,56.69,91.63,41.46,63.01,58.83,70,96.29,3.31,50.39,99.39,63.69,63.06,40.4,20.49,93.75,35.04,73.2,22.53,29.12,77.3,73.57,93.77,36.07,56.29,22.88,4.63,94.89,-1,18.56,4.28,11.62,26.92,70.4,33.69,94.72,43.54,2.51,14.59,66.62,61.93,87.38,32.93,35.23,20.86,30.22,47.34,2.44,57.61,22.53,83.27,95.98,10.92,28.71,43.12,53.74,80.38,82.4,91.47,38.96,6.95,63.24,92.41,48.43,1.69,49.42,22.8,28.91,33.78,15.52,77.24,7.9,94.88,71.12,71.85,81.44,30.12,28.75,79.77,4.31,24.9
88.34,90.61,6.14,63.66,33.33,5.38,50.74,24.79,9.56,44.02,98.63,36.65,50.49,15.62,70.22,27.22,72.95,72.8,51.13,59.93,39.96,99.13,32.32,10.66,33.03,17.35,93.75,54.5,42.88,36.16,13.34,35.71,84.44,65.69,6.63,77.08,45.94,90.99,10,3.08,50.73,42.16,86.97,26.22,48.49,51.05,61.12,51.64,-1,95.42,70.63,0.72,62.13,17.53,62.75,8.45,51.19,44.8,73.6,92.08,79.6,99.38,64.74,11.41,87.34,58.22,57.73,99.43,56.29,92.27,7.93,42.83,11.22,55.27,61.95,20.99,44.41,83.26,89.23,86.92,98.78,58.96,68.19,52.12,28.28,59.42,17.52,90.24,12.96,32.24,30.71,24.46,76.39,51.24,60.43,91.3,29.1,68.06,34.65,21.63
48.31,59.11,23.9,53.89,40.85,10.25,46.59,57.8,63.64,80.37,94.91,42.53,45.71,36.17,29.54,54.12,32.85,19.73,95.57,9.8,58.2,71.46,1.1,96.45,99.33,43.13,46.19,37.62,85.47,51.45,93.65,23.92,1.37,49.9,50.45,43.86,13.36,96.08,86.32,11.24,14.72,91.68,84.65,39.36,82.52,16.65,86.43,61.2,24.2,-1,7.5,47.93,3.69,46.26,3.76,9.14,88.77,22.27,19.34,54.1,2.57,89.16,98.1,26.26,38.54,11.88,33.22,9.94,55.4,92.73,71.76,40.23,39.88,25.93,19.5,23.47,20.38,53.91,46.98,87.83,0.66,92.98,76.24,17.64,63.46,80.97,79.32,10.8,97.69,22.85,40.38,79.89,30.55,26.93,22.33,18.82,28.28,83.94,95.73,82.59
0.77,22.02,86.59,97.87,45.31,48.42,30.67,75.96,38.2,27.89,96.38,44.34,64.74,60.88,86.87,96.73,71.44,90.32,64.16,54.19,19.74,28.24,59.57,44.3,72.86,31.12,37.9,21.49,29.34,20.71,14.67,75.52,25.28,50.54,12.69,57.05,32.03,68.32,41.88,54.44,70.36,13.08,63.42,13.15,96.13,26.25,63.78,80.16,29.23,75.16,-1,35.65,30.46,14.87,48.44,39.01,22.95,31.39,2.23,56.97,51.99,7.99,3.17,49.53,72.37,85.74,65.86,42.74,38.97,32.33,55.25,62.17,23.47,15.74,2.4,23.66,75.63,84.58,14.29,35.49,50.36,61.12,3.41,7.7,88.86,22.37,10.77,13.49,25.43,12.35,67.7,70.52,28.8,9.22,61.32,20.99,73.97,86.12,27.22,36.24
9.04,0.87,73.89,78.63,3.77,42.29,54.33,15.51,37.47,70.98,78.57,47.09,64.69,98.3,55.63,25.54,93.91,71.53,71.89,47.45,83.52,74.86,91.98,27.2,53.27,31.51,46.42,71.97,57.81,94.68,18.81,39.26,83.94,63.21,55.72,92.27,51.64,24.64,17.34,67.23,81.76,66.55,68.69,52.87,44.43,99.02,42.16,31.3,37.97,97.58,94.06,-1,37.98,4.19,48.19,60.72,31.52,19.14,6.49,29.06,8.19,2.07,2.48,75.72,5.74,19.27,72.03,19.81,14.25,79.99,24.94,89.28,81.81,32.61,46.85,4.43,49.79,81.95,6.59,55.03,92.27,15.9,83.5,69.54,5.25,2.33,21.52,57.84,66.93,82.32,69.56,0.35,40.28,91.84,94.27,16.84,78.81,79.27,38.03,5.83
53.21,5.13,87.33,45.16,74.75,22.95,94.19,1.78,64.15,51.42,82.13,48.55,30.11,73.83,49.26,25.16,3.87,97.47,0.28,79.25,80.21,72.72,57.14,0.79,32,72.07,74.34,44.65,62.28,65.26,86.47,15.6,84.82,81.47,87.18,40.24,27.12,78.5,23.19,61.84,9.39,75,80.19,45.63,81.65,37.49,1.85,42.1,92.21,79.49,19.67,56.49,-1,99.15,68.32,64.78,84.07,34.73,18.14,51.92,25.39,67.32,0.68,4.59,27.4,50.57,61.29,63.32,83.8,28.25,19.88,57.01,39.59,15.58,55.73,78.64,92.99,72.76,19.8,3.25,51.81,72.01,19.99,79.3,12.61,61.2,43.94,17.85,44.7,79.13,0.09,96.49,35.67,18.3,76.02,36.23,49.5,4.16,63.53,38.46
93.68,49.08,88.7,52.15,91.49,25.98,97.77,99.85,4.99,96.51,41.17,90.8,17.41,4.5,58.43,28.29,38.81,33.92,94.99,3.22,64.76,43.24,8.1,85.57,93.96,45.77,40.74,91.89,66.91,29.33,81.14,16.01,46.56,25,3.49,73.52,24.6,18.02,17.14,26.97,71.06,27.05,49.28,18.68,39.74,70.91,67.52,41.34,53.33,98.49,16.51,26.24,43.88,-1,41.05,66.84,78.75,59.01,75.42,19.86,22.77,49.96,73.14,81.28,11.5,25.28,26.11,87.52,97.62,74.45,62.18,24.27,31.78,75.28,4.07,0.33,40.3,58.41,85.71,0.01,45.22,92.79,86.26,51.87,97.03,35.75,25.42,81.29,62.36,71.09,27.35,90.39,0.72,40.94,46.41,1.6,58.82,80.68,18.22,69.05
71.16,86.71,39.99,26.28,84.4,54.9,65.14,18.96,11.25,54.76,13.03,67.75,2.29,75.85,30.88,0.89,85.15,36.13,71.59,80.93,71.74,98.4,51.3,58.22,33.05,49.25,71.94,96.42,66.91,1.61,6.07,78.49,42.05,0.28,6.49,18.05,80.42,95.22,81.43,77.33,37.69,12.02,22.15,79.82,51.44,40.86,12.48,78.51,11.56,46.73,28.48,65.03,81.82,30.15,-1,68.25,92.69,16.23,10.81,72.87,96.34,19.33,11.43,14.65,34.57,34.98,22.37,14.8,83.25,95.89,61.21,20.04,46.57,16.32,78.5,85.89,16.98,12.62,48.82,40.57,26.48,26.24,95.36,62.39,45.64,38.78,73.59,6.27,53.05,24.76,57.77,48.44,16.1,72.19,58.39,45.77,69.29,14.86,60.8,90.36
99.44,12.76,77.41,76.44,89.69,59.2,70.85,41.62,11.18,28.35,33.69,53.7,78.14,29.4,42.84,91.14,13.1,45.81,59.08,42.43,47.66,69.04,18.52,12.21,22.3,97.74,93.75,70.18,78.38,6.18,80.44,64.12,69.97,38.92,83.9,58.12,20.78,6.25,56.16,81.68,38.22,95.94,8.55,81.23,43.38,37.84,82.79,27.82,9.3,86.31,37.76,1.88,84.18,66.7,61.66,-1,54.88,44.09,23.06,25.49,29.76,42.06,69.86,50.26,43.77,25.81,80.28,28.83,92.23,76.75,2.07,49.86,21.88,77.57,89.02,0.96,93.27,67.29,32.87,90.79,40.92,69.56,78.01,4.63,24.15,3.28,3.68,7.28,94.65,15.9,96.51,66.26,30.73,23.29,30.7,23.76,28.29,24.57,32,79.29
6.72,79.87,48.61,98.34,97.19,7.15,92.7,10.63,91.76,5.43,5.97,97.82,14.05,96.21,21.89,5.79,87.67,34.75,90.78,40.98,74.21,77.54,17.25,87.57,11.81,84.19,64.94,82.35,88.05,14.03,39.59,71.45,89.48,5.81,82.3,16.14,50.98,70.07,57.01,30.6,96.27,96.49,56.1,89.17,28.39,86.21,4.9,99.18,3.79,73.03,47.89,66.1,41.67,82.43,48.9,79.94,-1,59.74,16.76,6.31,7.01,32.89,96.49,59.82,48.85,96.43,84.85,93.78,37.72,23.22,34.33,1.65,84.97,80.79,72.25,21.49,10.97,99.88,56.64,70.99,83.2,66.31,58.76,99.63,57.62,51.64,57.64,92.04,5.13,50.15,96.95,16.05,76.82,2.8,53.81,42.23,28,68.93,12.89,7.04
28.67,85.07,41.42,82.69,53.2,25.19,83.69,39.66,29.47,0.32,59.7,90.8,86.97,43.47,23.43,48.01,5.32,80.05,64.24,63.02,90.06,78.8,72.33,83.94,79.97,41.27,10.07,14.37,86.63,39.73,7.77,19.4,96.19,79.56,79.25,48.45,75.88,45.23,96.16,85.18,76.13,65.2,6.71,51.14,78.46,39.13,17.64,82.84,14.78,4.73,15.71,74.28,49.79,51.05,25.54,53.22,65.93,-1,83.18,46.4,5.72,37.37,12.64,14.44,38.98,65.82,37.73,66.68,92.07,32.09,73.46,1.36,91.93,73.88,53.94,19.72,40.24,91.12,17.04,73.81,66.76,0.62,27.6,49,14.63,75.53,20.76,3.55,89.83,89.81,86.39,12.32,41.46,49.97,15.81,77.98,65.81,80.56,88.91,46.47
85.32,42.45,19.22,71.09,71.94,2.75,19.72,63.1,51.04,37.08,22.07,36.28,53.3,54.81,62.77,18.86,98.61,86.29,48.99,13.02,95.22,82,85.66,47.68,45.05,93.6,7.79,43.98,19.21,22.41,63.55,91.49,48.66,17.82,43.02,86.77,51.81,57.88,68.08,33.44,81.62,7.65,74.84,0.01,74.46,88,32.46,33.48,77.36,13.09,17.22,48.49,88.9,24.12,28.86,48.18,75.68,82.68,-1,13.16,49.84,51.63,9.11,77.29,4.85,73.12,25.13,74.69,10.09,16.27,34.25,24.53,5.21,10.98,16.68,85.85,56.46,16.53,98.52,62.94,60.11,93.7,80.92,33.79,41.21,54.35,38.55,69.02,84.97,42.04,43.96,13.53,65.9,73.7,14.23,92.33,44.64,96.3,85.52,85.9
13.73,66.77,69.56,27.31,51.02,57.36,59.22,76.6,98.98,78.96,88.93,79.56,81.03,37.78,47.12,86.75,38.05,76.07,96.85,21.86,56.65,8.71,91.57,71.15,48.18,36.89,93.14,61.57,2.01,63.49,4.88,93.99,70.55,94.68,30.17,28.05,72.72,59.87,29.64,44.51,19.94,71.9,16.44,61.62,45.24,14.42,19.43,25.37,44.78,74.52,99.97,77.78,80.18,98.74,4.62,9.52,50.32,20.18,7.71,-1,51.4,41.78,83.73,34.76,1.9,6.87,43.37,2.96,94.86,42.45,75.37,38.15,50.72,48.51,11.48,64.77,26.6,1.94,46.71,49.8,55.99,66.84,45.84,7.25,94.77,70.66,3.08,1.53,79.87,21.8,71.52,70.98,34.94,1.21,14,65.76,63.38,13.75,19.82,39.99
16.69,88.83,31.04,94.03,16.87,84.01,87.26,16.74,10.87,16.36,46.53,20.89,6.28,48.54,18.44,74.27,23.18,31.76,65.07,30.02,21.39,37.72,86.49,93.2,95.55,71.05,85.47,65.71,89.05,75.31,0.96,73.26,17.51,28.29,63.13,11.88,49.11,62.09,31.07,3.42,59.02,71.45,98.07,8.7,15.4,36.62,46.62,32.12,24.86,53.45,11.42,93.12,26.85,72.05,48.97,53.16,19.19,32.53,58.89,14.38,-1,10.78,76.1,20.08,50.79,33.01,93.39,43.82,60.44,68.88,0.2,94.31,37.27,37.02,82.19,17.97,86.79,61.77,53.04,92.72,5.69,72.42,40.83,67.55,15.91,48.53,50.86,39.57,33.85,93.28,76.75,35.12,69.73,66.12,98.45,90.48,38.73,0.13,54.98,90.75
76.34,38.97,45.93,61.52,59.25,11.87,73.84,31.95,75.01,92.54,40.79,88.96,73,70.22,11.69,76.84,14.22,74.67,61.3,7.95,7.91,64.97,14.27,25.53,64.88,57.81,58.33,41.65,34.95,93.2,7.16,80.21,24.28,12.35,42.42,37.25,35.76,84.75,79.71,59.16,15.65,53.49,88.68,67.18,49.77,84.62,12.09,9.93,52.81,65.55,56.1,95.89,13.42,59.43,50.01,23.01,63.28,92.68,89.33,15.24,63.59,-1,68.6,83.42,59.39,8.86,10.73,65.77,36.78,81.48,43.09,80.77,73.7,38.89,1.49,19.24,14.88,0.07,86.89,85.29,38.64,85.46,8.88,41.29,23.15,13.88,63.5,95.02,98.78,3.92,26.83,19.23,71.74,52.98,9.88,65.36,64.76,45.87,10.93,60.25
75.31,99.2,39.73,7.1,3.7,31.04,71.87,41.08,38.74,51.74,28.91,8.88,40.63,33.06,54.49,64.55,4.17,36.85,57.6,28.74,54.18,51.32,12.35,99.57,65.97,21.43,21.86,4.99,7.25,12.53,8.12,69.33,58.88,52.98,49.3,24.5,73.14,94.13,65.03,88.1,15.09,74.9,76.41,23.79,50.08,9.79,30.98,17.83,70.71,83.7,12.59,48.04,4.88,58.98,73.45,50.73,2.81,24.52,11.41,7.2,51.46,52.32,-1,42.63,44.78,48.24,65.83,22.07,90.09,27.55,99.48,94,62.66,7.42,41.16,78.23,5.21,95.39,43.29,66.72,36.41,99.57,68.8,55.66,65.03,19.41,28.74,7.27,57.8,31.91,41.01,92.29,64.26,9.24,96.91,45.01,28.81,14.15,23.1,9.27
63.73,85.96,69.97,5.46,99.85,30.78,3.53,23.3,12.53,87.47,5.4,2.74,15.54,39.63,30.67,53.7,55.17,0.31,96.38,64.71,37.21,81.94,27.67,65.69,5.25,6.78,78.82,86.66,7.96,92.86,87.12,17.99,34.94,80.92,15.47,74.93,53.59,55,65.96,99.02,68.67,16.81,36.74,16.96,60.62,61.92,11.03,90.18,99.68,35.9,63.55,46.9,67.88,90.64,7.92,24.97,12.08,11.61,46.7,52.34,21.4,68.04,10.26,-1,83,30.71,95.89,89.97,30.05,71.13,79.19,53.23,25.46,12.69,51.67,59.35,23.41,5.77,53.93,48.65,26.09,49.18,17.96,6.37,82.29,36.36,40.04,18.28,10.22,63.95,53.21,66.82,89.7,89.9,41.19,26.59,40.33,78.29,93.98,44.47
0.91,6.01,12.99,74.37,2.84,86.55,11.9,2.29,27.03,3.56,17.02,57.02,99.78,36.22,36.23,45.62,37.23,78.15,86.66,36.51,91.64,68.8,98.33,6.42,46.48,23.23,63.26,33.95,23.03,78.56,81.5,32.75,38.34,38.29,70.5,10.77,72.71,31.72,63.07,84.35,99.11,60.85,90.12,50.22,13.84,44.25,23.56,52.52,36.33,61.64,64.98,37.98,12.97,51.8,60.9,86.75,52.57,85.15,81.96,29.57,6.53,94.34,25.77,2.66,-1,26.84,68.79,2.82,65.16,87.52,32.99,49.44,35.97,16.96,82.53,82.91,58.98,27.94,3.93,75.95,7.37,59.84,98.33,60.82,87.33,29.66,12.24,21.81,47.42,1.27,65.32,32.66,9.82,54.67,29.45,0.35,94.21,43.34,14.1,71.63
3.47,42.61,38.49,54.12,6.46,5.09,69.39,85.4,17.53,33.24,72,4.72,27.7,2.81,54.38,33.27,69.14,37.76,97.42,86.09,78.02,65.57,17.89,35.35,9.12,68.63,77.77,30.73,70.87,75.81,17.17,98.44,25.75,1.12,15.14,1.33,64.78,74.87,44.06,89.86,82.01,83.06,97.73,53.74,17.4,6.63,54.68,30.71,72.48,4.45,12.72,75.3,57.78,41.57,25.53,18.8,53.52,7.46,38.41,90.19,2.13,18.46,10.57,31.26,45.17,-1,3.92,72.38,15.31,7.6,56.83,16.37,31.77,49.59,67.58,39.48,73.24,84.95,56.32,18.07,6.2,88.7,14.75,86.71,25.88,46.79,2.02,46.84,98.29,27.37,72.47,60.28,83.48,60.53,74.97,12.14,90.16,3.52,61.08,41.67
16.43,42.17,35.28,54.57,86.1,24.51,9.28,50.12,22.56,55.86,22.19,0.7,7.13,19.77,61.8,22.63,12.57,70.13,42.15,53.95,32.92,15.04,97.07,89.54,16.5,89.41,83.92,53.71,38.79,63.76,33.8,28.88,91.16,55.93,77.76,69.79,20.07,10.82,82.74,31.35,3.06,56.56,56.05,72.2,24.78,2.62,1.31,96.96,59.69,58.69,84.41,96.79,10.89,87.29,15.54,75.66,57.07,7.21,79.78,77.11,62.96,34.64,21.05,40.37,21.51,5.73,-1,89.88,94.03,28.99,4.56,88.57,47.59,38.2,79.96,45.08,21.86,49.4,56.05,38.78,93.76,6.71,98.54,29.55,10.63,92.6,91,45,75.21,25.32,2.14,82.8,93.78,6.19,68.14,19.99,19.73,0.15,51.12,30.19
66.37,27.73,2.84,2.83,2.36,8.45,2.64,70.33,24.42,84.5,25.83,69.21,57.84,17.29,50.07,30.35,50.72,65.7,83.83,53.27,26.38,68.84,63.44,67.48,50.69,81.19,42.51,81.41,71,52.97,57.51,87.47,97.62,54.33,96.9,91.22,9.26,53.66,58.28,11.06,32.99,40.45,39.15,50.45,55.15,3.33,25.34,71.9,35.75,64.25,83.63,10.82,51.16,68.07,29.05,48.31,7.03,47.74,78.87,7.92,51.38,30.29,95.63,8.56,96.37,46.51,23.16,-1,26.15,9.14,30.42,64.56,8.09,1.45,47.32,32.63,39.57,71.47,53.67,58.07,47.46,22.59,30.59,9.34,46.48,10.07,56.22,69.72,84.63,12.23,67.86,59.45,65.42,52.55,43.51,83.35,95.47,62.86,35.74,40.25
85.54,2.03,81.32,31.51,81.09,13.85,25.94,83.98,59.44,5.98,45.19,24.55,66.63,65.56,67.16,44.95,9.01,15.55,61.35,31.03,0.34,37.15,0.91,57.03,21.6,38.13,89.97,72.59,39.42,35.63,92.03,94.17,17.04,96.03,35.63,80.45,44.33,16.74,81.66,62.06,90.96,50.02,27.33,16.55,56.21,40.51,14.42,86.93,37.13,89.89,12.71,32.98,87.85,14.72,97.66,58.28,71.18,53.39,77.5,82.93,68.83,90.76,6.4,69.29,2.49,78.12,76.63,5.87,-1,82.58,88.42,48.99,55.23,20.7,36.25,18.42,86.94,45.86,9.58,92.09,94.04,5.32,2.16,54.02,75.8,82.21,70.93,27.28,22.43,73.31,57.42,21.22,97.05,75.69,27.05,20.42,58.3,45.85,32.65,88.09
58.28,31.64,57.16,53.6,5.17,84.62,0.91,41,50.75,39.73,27.09,6.87,11.44,79.43,28.4,34.15,42.4,60.58,43.01,48.59,41.21,51.25,26.97,28.95,5.83,48.18,76.44,75.94,92.53,95.35,99.53,63.36,45.51,3.16,53.43,1.48,95.47,99.82,55.54,40.42,30.67,16.92,69.55,0,14.76,78.7,16.53,7.15,11.13,98.52,90.89,20,10.07,78.63,54.64,16.89,4.11,92.76,22.28,85.22,40.45,87.51,89.75,56.21,90.05,44.71,58.15,52.88,65.2,-1,14.17,3.73,64.56,13.57,47.35,65.92,84.02,7.41,52.61,26.77,4.55,84.47,84.46,61,51.2,70.18,99.61,56.4,71.69,74.72,14.83,4.27,56.46,85.95,46.01,92.85,16.52,25.27,40.76,15.88
79.35,8.88,71.71,5.36,13.97,44.89,64.04,18.97,80.6,65.06,99.14,87.38,14.26,91.28,79.46,93.51,40.09,45.87,67.23,39.4,37.09,38.65,48.36,86.2,1.63,77.14,96.15,11.66,48.94,75.79,8.09,61.68,99.51,2.73,67.28,7.12,30.67,74.93,85.92,7.76,69.02,5.34,67.6,70.08,31.09,93.61,24.12,53.27,26.93,12.34,12.41,27.75,97.03,59.16,36.82,95.17,74.87,72.08,61.97,93.5,5.98,7.51,86.8,79.84,52.9,36.76,2.08,15.99,80.48,81.47,-1,90.24,75.82,43.54,24.53,52.39,94.69,35.6,72.22,48.37,90.99,48.9,61.55,93.17,4.32,17.68,33.58,47.21,60.48,18.43,10.08,65.4,53.91,46.64,66.86,21.46,63.34,92.78,75.39,27.16
28.58,24.63,5.57,83.7,29.59,67.77,50.64,72.89,33.63,32.14,89.73,87.97,75.74,78.13,24.78,10.58,53.21,86.25,47.49,70.36,0.34,47.51,40.79,97.63,64.65,8.73,78.35,9.83,22.98,56.72,38.21,59.56,45.4,28.35,28.58,2.72,18.56,90.25,63.64,62.94,56.75,98.34,2.72,18.58,51.11,25.07,14.58,72.83,86.09,92.41,35.1,41.54,59.25,29.02,75.52,99.89,74.37,40.84,9.13,38.7,76.83,61.73,89.46,32.45,19.05,41.37,2.13,46.93,2.5,59.53,53.91,-1,32.96,95.02,79.3,31.42,2.49,81.11,18.33,14.03,54.3,31.56,44.43,34.44,97.34,25.67,58.48,95.65,75.07,1.11,19.38,95.61,70.15,4.75,88.85,81.96,39.6,66.67,65.3,82.44
84.1,29.81,73.49,38.66,93.29,43.74,84.95,55.9,28.25,93.29,28.58,15.46,21.98,56.08,52.21,71.23,38.83,49.95,90.82,9.46,34.03,83.91,54.71,43.62,55.4,15.38,96.08,10.06,51.03,20.78,65.26,68.57,24.06,5.21,50.68,17.3,48.8,30.14,44.26,92.37,58.32,7.19,54.43,49.06,20.13,46.89,0.56,19.99,55.12,23.81,72.01,33.75,19.97,85.38,73.62,76.56,0.15,40.47,7.6,79.6,77.25,65.82,40.92,63.09,1.06,69.04,84.32,32.18,69.81,41.47,39.52,85.81,-1,24.01,35.59,69.61,9.74,39.33,22.48,79.18,28.06,92.94,45.83,84.01,27.45,88.56,77.46,34.21,22.5,46.31,13.24,29.94,46.62,56.15,35.92,12.56,50.65,82.75,93.18,50.61
15.4,2,76.95,26.08,36.9,45.02,83.56,62.26,47.51,34.74,30.17,25.39,76.86,30.4,33.56,77.31,86.68,29.71,13.56,24.25,71.62,32.43,36.63,94.35,61.76,74.77,36.51,70.59,50.34,5.41,49.93,99.32,19.08,49.7,17.26,58.65,82.43,72.14,90.06,10.74,5.39,67.71,50.13,29.52,36.28,67.5,0.48,85.43,88.54,50.41,31.77,67.78,54.38,91.72,10.65,99.95,34.41,50.52,82.41,80.42,13.47,31.5,97.35,30.1,42.99,89.74,92.54,33.82,12.75,55.89,37.5,62.96,63.5,-1,52.79,23.86,49.48,24.19,84.95,44.23,27.05,10.86,63.91,81.03,80.12,89.37,82.97,87.9,2.09,12.56,28.75,31.08,96.55,20.18,35.79,0.53,57.39,32.59,82.21,3.57
72.96,82.75,97.48,80.11,21.19,73.5,97.38,32.88,77.15,42.17,8.65,30.69,55.63,10.89,41.04,62.68,28.69,22.06,57.71,37.75,74.74,60.94,90.96,24.87,19.34,37.2,78.97,65.56,66.06,26.18,40.07,53.65,76.72,6.75,87.39,39.83,37.56,5.01,11.54,34.31,42.53,81.32,8.43,79.49,68.9,81.24,15.67,0.87,85.96,92.16,30.19,65.35,95.06,37.32,53.48,89.94,20.36,14.29,73.76,28.35,4.26,41.55,84.44,46.13,96.89,87.65,58.22,73.22,10.6,45.44,39.09,7.04,57.66,99.37,-1,48.16,63.48,99.54,99.05,99.36,13.48,97.09,16.85,1.63,73.54,69.9,44.18,86.34,43.77,67.24,21.08,6.6,55.1,8.13,50.13,27.23,36.33,92.11,16.32,18.66
73.25,25.55,41.68,65.17,44.24,14.74,51.88,55.62,89.01,14.62,31.83,81.15,32.63,93.69,2.44,95.95,71.15,45.19,94.97,37.22,29.74,66.59,81.4,29.28,18.36,62.31,24.83,5.77,60.77,6.15,87.6,14.86,13.48,52.18,96.13,53.09,37.8,65.68,28.81,6.78,87.16,92.34,3.48,53.21,35.23,15.49,89.96,29.77,43.65,26.55,15.71,67.9,22.67,51.99,58.1,49.91,26.23,75.39,3.18,70.37,83.11,56.04,13.46,22.93,9.59,60.13,37.08,32.33,20.99,22.44,43.46,7.69,34.51,27.42,39.62,-1,69.86,70.13,93.89,34.45,35.46,59.94,50.66,39.02,84.19,65.2,76.63,31.92,20.81,18.7,55.81,2.53,41.96,30.15,71.12,60.78,35.75,19.69,86.16,31.02
38.78,95.39,80.79,66.2,49.65,95.04,69.03,77.97,19.02,86.08,77.12,27.61,97.49,64.46,40.51,36.86,18.73,62.75,0.84,17.33,67.4,70.39,92.34,75.21,85.64,85.31,71.48,43.42,20.82,16.89,35.6,69.83,87.91,97.69,28.89,67.65,36.04,3.11,46.83,76.77,51.97,40.13,68.85,99.15,95.49,98.39,71.75,70.79,85.29,79.63,7.62,63.71,18.28,63.67,38.63,28.79,82.99,36.23,31.95,54.48,20.71,29.78,87.98,73.8,57.89,96.19,56.34,37.91,44.01,48.52,64.69,8,82.12,92.36,1.41,41.23,-1,0.78,24.77,47.52,17.84,15.37,11.24,32.7,98.01,7.34,62.84,93.29,45.2,18.34,44.64,78.6,67.96,15.46,36.14,3.79,39.83,40.45,61.99,69.4
6.69,22.4,8.24,35.75,87.05,54.49,39.5,10.33,4.26,46.05,10.27,14.76,74.9,28.97,46.15,51.5,25.31,21,41.28,21.93,17.77,36.95,58.09,12.65,52.59,4.61,72.49,59.58,42.82,74.76,24.79,36.09,94.58,72.02,67.7,41.61,38.82,35.31,4.92,88.41,22.37,53.57,23.8,7.97,35.05,78.25,25.53,29.26,46.92,46.82,87.39,76.96,88.95,8.51,84.76,33.82,23.82,90.77,30.73,50.06,87.02,66.42,24.33,82.39,12.61,82.69,97.78,96.69,14.73,20.36,1.97,81.95,77.39,12.08,30.47,31.15,92.35,-1,66.66,19.82,98.75,13.8,79.39,45.46,91.51,99.01,79.77,67.61,86.34,90.25,46.57,5.34,17.12,48.33,23.29,87.93,81.88,60.81,13.06,71.79
51.74,73.27,28.91,73.59,11.72,91.88,8.05,54.9,61.28,20.88,90.01,94.46,48.04,30.14,86.22,71.31,11.47,22.94,36.87,66.62,38.94,63.92,46.89,68.51,40.63,23.01,67.12,54.83,74,37.69,17.69,65.74,18.63,5.27,62.78,39.36,17.45,78.06,3.14,90.44,87.88,85.48,41.22,3.15,64.92,12.77,18.01,19.15,75.62,51.32,49.36,72.2,47.29,85.04,53.97,58.22,57.29,45.34,13.68,63.35,68.52,73.92,81.77,10.7,29.5,0.97,27.98,27.99,79.06,47.86,88.35,88.4,24.07,9.54,38.52,75.94,34.56,95.93,-1,79.2,23.51,43.7,25.61,32.01,83.14,54.62,0.42,51.71,19.86,59.66,11.83,3.23,38.86,19.69,27.49,36.47,3.18,65.07,77.16,3.92
87.93,13.55,32.63,60.63,94.58,34.59,19.17,24.28,84.47,22.72,54.71,67.49,4.75,55.63,15.66,4.46,67.23,40.85,40.57,49.76,64.57,60.35,67.37,60.97,60.86,58.03,52.49,83.88,44.33,47.46,24.25,62.62,76.12,60.92,14.12,20.87,52.24,27.4,97.68,84.03,72.68,18.35,88.53,15.01,89.9,28.86,63.39,97.21,61.73,34,27.3,42.68,31.05,32.74,99.29,64.51,77,62.21,31.06,64.37,73.12,8.6,69.91,96.7,76.92,97.65,6.81,56.64,11.01,58.18,18.66,1.6,88.87,32.53,11.11,50.98,8.04,45.7,97.64,-1,16.16,8.22,28.18,55.19,83.83,10.36,34.08,19.5,70.65,86.22,97.29,95.26,53.26,79.89,45.08,72.55,75.72,52.23,99.46,83.49
5.89,61.34,95.52,10.05,30.27,79.28,4.67,84.46,90.21,40.59,23.8,92.47,18.35,29.62,81.47,21.25,95.8,2.74,25.07,69.94,50.6,0.82,79.39,66.61,15.32,61.18,76.73,37.69,96.3,15.54,42.41,82.81,98.08,10.78,67.45,25.4,0.38,24.1,81.03,61.38,69.27,92.01,58.55,87.25,34.77,55.53,97.82,57.46,0.69,16.12,73.69,23.99,58.41,29.3,66.8,13.27,29.89,93.39,4.99,60.98,40.44,49.28,70.33,1.65,81.08,76.07,12.02,52.83,22.61,65.9,80.58,62.96,41.52,65.38,58.27,18.49,1.57,32.36,4.82,83.15,-1,47,70.06,39.84,14.75,24.09,98.2,13.86,37.45,25.88,47.67,63.8,78.23,76.73,56.66,19.68,83.35,50.8,34.04,85.91
56.06,46.87,65.98,12.81,92.42,33.69,94.91,58.09,88.32,17.97,51.85,36.63,19.32,69.98,55.48,54.09,26.4,97.63,18.14,88.88,35.75,6.42,64.7,88.81,82.54,39.01,77.92,73.17,48.52,65.06,8.7,35.49,92.31,35.7,87.91,4.89,47.37,83.23,97.59,78.79,8.32,65.06,22.13,98.85,28.73,30.77,59.05,76.47,7.69,70.85,54.85,58.95,53.1,65.52,85.02,94.15,58.96,93.85,71.99,32.47,13.3,23.2,24.68,46.55,88.01,36.99,25.42,73.64,91.91,77.83,10.19,97.32,31.32,7.27,51.07,54.97,22.71,40.38,84.45,89.65,63.32,-1,60.3,66.58,71.75,4.85,50.89,4.04,86.78,29.45,94.59,87.65,85.44,38.2,7.11,65.74,75.08,62.68,53.97,59.06
60.42,35.89,32.14,37.06,54.92,56.51,19.95,73.17,29.45,65.64,66.21,47.85,73.88,41.08,43.08,51.62,35.09,44.37,47.03,29.85,85.81,82.46,98.01,17.9,80.34,55.95,74,9.57,52.4,92.92,17.25,22.28,70.95,58.92,59.74,55.37,2.31,57.01,83.2,46.81,40.53,3.52,37.73,90,64.94,69.14,54.23,18.82,7.28,93.68,71.39,62.72,13.64,49.21,23.81,17.79,50.62,59.81,54.94,51.93,7.22,74.55,66.76,91.27,34.05,54.84,9.02,25.94,99.1,38.73,28.14,71.38,99,85.23,83.59,59.02,7.7,20.34,42.8,82.36,96.22,19.3,-1,14.31,94.89,37.3,65.35,60.36,36.46,89.94,2.79,90.46,33.12,32.38,82.04,46.32,86.31,56.87,67.01,69.72
64.1,88.88,35.74,76.04,35.84,36.85,26.19,26.39,81.65,39.35,78.78,9.33,27.24,15.33,87.9,3.37,62.56,30.84,32.07,66.25,59.79,42.53,4.93,43.63,54.55,56.19,58.41,11.03,70.92,32.14,0.89,4.78,32.7,83.91,97.97,47.22,95.54,96.16,48.45,61.09,73.44,27.8,6.46,27.24,14.89,47.89,29.59,22.57,57.67,93.99,97.8,65.35,66.23,5.35,53.4,1.41,5.56,51.32,49.7,71.64,12.8,1.11,14.31,75.66,69.07,92.52,56.74,20.79,80.85,48.87,22.44,2.02,15.43,5.6,26.81,57.49,81.99,56.96,41.45,20.17,50.64,67.13,62.04,-1,38.08,91.16,11.18,99.53,88.83,66.88,10.41,27.56,21.69,66.88,4.47,46.62,89.44,98.41,57.31,86.94
4.62,49.79,17.85,37.86,61.74,22.13,45.83,90.35,1.19,35.32,34.19,81.51,91.42,94.59,26,50.79,60.11,92.18,10.07,39.08,9.61,32.09,61.11,18.37,7.23,59.2,93.88,91.26,22.72,36.13,54.92,47.23,62.84,83.12,45.95,13.06,6.58,35.88,91.29,37.54,9.93,79.15,53.75,25.14,14.97,22.19,61.11,55.37,97.15,23.56,10.16,30.09,51.91,27.29,47.57,10.54,11.87,8.98,56.63,14.04,7.89,29.59,89.89,78.67,15.53,9.95,38.51,44.26,26.62,40.39,86.63,75.29,85.51,71.04,57.04,21.98,88.07,79.93,25.9,13.69,66.88,59.14,84.08,30.1,-1,88.01,5.39,19.81,79.63,20.87,36.64,68.03,22.93,30.92,8.93,72.12,99.54,64.67,69.53,31.35
40.27,63.72,51.85,16.44,70.04,20.16,87.38,57.19,17.66,48.73,39.82,68.13,64.08,86.79,83.88,21.93,16,7.95,81.11,42.16,48.45,63.65,92.29,84.34,7.19,33.3,34.79,74.74,17.8,60.56,7.31,25.38,41.99,9.01,42.88,40.68,22.58,75.95,21.5,40.43,81.46,84.41,7.99,52.74,68.99,4.14,43.65,3.51,91.67,52.78,28.99,32.27,89.81,93.89,92.37,92.45,90.95,86.17,89.35,81.8,24.08,87.04,59.56,47.17,31.84,10.54,60.42,4.08,44.49,39.65,29.99,87.52,69.62,11.32,1.84,73.71,58.1,35.14,71.87,23.48,42.75,22.19,94.08,75.26,59.62,-1,3.07,34.53,71.99,38.12,49.29,60.28,22.2,85.61,10.09,6.32,6.15,83.64,62.73,11.03
73.03,24.87,23.57,56.65,57.26,9.68,6.3,57.33,47.89,86.1,7.35,98.65,39.22,14.79,55.92,28.42,28.4,22.45,8.62,58.9,74.94,42.51,48.93,52.88,39.98,47.35,54.27,93.94,50,12.21,28.1,97.74,18.96,5.89,51.67,40.59,18.83,56.2,73.55,18.79,78.01,22.09,13.2,17.6,23.06,12.52,77.94,84.18,44.27,3.29,47.2,23.9,66.47,96.79,31.28,73.44,70.61,40.59,77.32,30.81,3.83,60.97,63.48,30.34,94.48,7.57,73.73,48.26,14.4,82.2,33.95,84.16,81.94,40.51,77.46,79.37,58.78,93.61,31.58,80.48,7.11,95.17,59.12,1.91,20.34,36.24,-1,59.55,24.38,98.38,95.34,9.6,44.99,62.49,89.1,55.17,55.17,23.73,71.06,72.45
42.31,89.88,85.59,77.13,9.96,24.59,62,65.09,29.11,38.24,60.54,40.02,83.79,87.03,35.89,68.78,33.08,37.98,33.61,44.34,32.07,28.63,70.66,39.62,25.06,16.08,31.37,26.11,87.54,13.78,77.26,20.31,96.31,54.39,71.68,58.15,1.9,1.43,48.87,73.32,76.54,19.09,4.5,80.09,69.37,35.27,46.59,99.91,33.23,43.68,39.11,15.12,73.3,74.88,32.44,61.61,14.94,87.34,4.92,82.25,33.13,71.29,44.08,47.83,63.96,64.16,43.06,93.12,88.75,69.36,44.77,18.55,46.27,23,1.79,79.04,26.51,54.31,62.35,47.4,53.12,18.64,22.58,1.78,67.6,79.53,35.65,-1,77.95,30.25,88.04,6.53,45.89,77.41,8.7,87.58,41.53,34.72,37.25,15.19
47.87,77.6,76.19,98.68,54.86,31.26,29.66,92.62,10.18,73.13,34.37,41.32,83.57,6.8,70.09,2.25,34.41,46.1,72.97,20.01,17.47,16.93,24.91,50.83,35.62,24.47,32,99.73,62.4,57.26,90.05,18.1,9.55,13.57,55.88,27.83,87.71,28.7,79.92,78.58,97.81,35.52,33.01,10.35,64.89,39.68,64.02,35.84,1.23,96.68,78.69,28.25,25.81,32.76,63.45,53.51,27.4,80.66,76.53,13.9,77.07,92.57,5.55,62.04,39.14,92.72,50.63,27.6,88.83,41.28,63.52,53.37,73.39,93.07,49.81,81.46,18.25,24.22,35.21,79.48,90.2,73.1,92.93,2.53,71.15,25.76,19.88,44.43,-1,80.07,66.85,18.67,39.64,58.82,45.27,24.57,72.34,44.81,92.63,43.39
12.97,6.17,59.47,53.28,24.51,2.71,1.23,65.03,12.38,31.02,56.16,30.8,81.62,8.77,68.69,0.39,2.07,35.97,85.5,58.6,98.88,36.71,90.77,64.21,15.87,91.01,41.25,38.93,28.86,67.2,33.82,32.24,5.11,75.43,60,19.8,21.07,65.04,80.26,42.65,83.22,85.18,52.29,93.23,80.27,18.6,35.64,6.43,57.5,10.84,25.05,89.58,77.61,6.97,78.34,7.59,49.26,8.12,23.09,86.56,2.21,30.91,4.9,56.32,97.1,14.28,64.13,31.24,17.14,92.65,36.9,96.63,20.54,60.93,74.54,41.65,80.86,54.85,6.53,20.44,43.92,29.05,1.89,30.63,22.22,91.5,9.57,52.74,65.61,-1,61.83,64.44,39.17,43.99,20.26,51.36,34.39,47.15,53.77,85.5
86.51,49.47,11.28,32.1,95.98,27.39,37.33,94.51,79.77,47.98,32.69,54.36,93.39,5.86,93.67,87.45,99.98,32.21,84.27,45.37,8.16,70.96,25.25,46.67,6.27,24.3,79.17,41.75,86.25,75.87,50.19,68.7,71.42,69.64,95.46,35.42,89.88,23.21,66.4,62.75,60.23,55.06,1.6,56.77,62.91,13.68,87.09,56.1,79.95,42.91,90.36,93.98,88.26,34.92,44.16,85.77,84.05,81.69,83.96,40.64,64.08,31.5,48.1,12.32,30.3,61,3.38,47.32,16.04,2.97,34.4,7.02,66.47,14.34,7.41,45.07,31.56,90.45,41.37,27.79,92.61,26.21,22.57,60.51,84.39,28.93,16.38,94.31,44.41,14.17,-1,7.74,25.7,26.58,94.96,70.22,19.12,29.72,41.88,2.93
55.94,40.37,17.66,58.35,65.4,80.19,10.12,36.74,82.18,73.37,51.69,71.96,26.8,78.9,14.37,93.71,28.36,83.73,39.74,54.21,71.56,33,46.27,37.08,95.53,16.57,33.96,66.81,8.37,37,82.68,37.83,6.33,69.36,85.29,83.03,42.77,74.64,15.38,37.74,24.52,54.47,26.57,4.12,66.01,90.13,33.72,98.1,94.03,61.27,90.49,80.31,0.19,59.94,96.64,32.86,58.14,69.95,98.62,52.53,68.68,29.76,0.63,87.62,87.15,84.49,62.69,28.03,55.16,59.46,42.2,64.38,71.03,88.73,58.07,35.62,48.01,28.95,3.58,2.43,13.79,91.69,89.4,34.14,85.87,4.75,23.65,0.7,32.89,55.34,84.09,-1,87.83,59.84,0.75,25.22,56.89,7.29,2.63,70.94
67.38,78.46,82.85,8.47,53.39,79.3,34.83,92.09,62.6,11.79,70.3,40.54,36.32,12.85,23.05,1.07,96.29,13.48,39.81,3.01,72.46,3.5,43.74,44.53,29.23,98.59,41.35,77.94,15.64,84.13,90.83,66.66,90.06,7.42,90.73,29.87,67.65,38.92,26.33,1.91,68.02,94.96,59.75,25.77,5.86,50.12,59.62,67.13,76.71,64.63,97.44,47.58,18.57,17.65,89.37,89.98,54.57,24.48,41.17,83.81,73.01,26.63,11.35,80.74,5.75,13.59,61.18,52.65,53.97,64.42,12.95,67.59,86.82,30.38,24.06,37.22,83.52,59.04,21.49,20.54,84.33,10.32,73.12,0.74,1.41,64.48,79.95,65.91,73.87,81.49,36.1,74.24,-1,22.54,28.83,0.89,17.43,19.09,30.56,68.03
21.95,83.77,2.93,74.06,83.99,26.62,26.01,82.91,80.83,42.34,25.41,77.63,19.81,62.27,5.17,49.26,59.46,36.74,51.61,6.47,75.19,66.29,15.88,61.72,89.89,29.21,80.58,24.95,81.42,7.59,71.5,31.57,62.13,2.6,90.56,46.49,87.56,39.8,49.64,97.9,26.92,52.69,89.31,56.6,43.87,92.79,16.12,36.86,91.73,32.36,65.22,92.54,17.09,45.31,75.41,24.31,57.7,56.17,44.67,31.67,24.75,95.43,75.26,89.91,69.02,39.64,11.77,72.98,90.11,49.29,11.94,4.97,81.09,56.63,24.69,92.65,53.3,86.3,92.01,62.18,92.69,85.25,59.43,68.82,85.77,85.69,56.41,92.12,76.02,89.28,54.13,31.79,17.71,-1,50.66,84.08,23.47,35.52,32,85.88
50.8,39.57,64.14,29.48,43.72,63.5,49.98,86.37,98.95,28.08,2.27,47.22,55.63,76.26,32.07,55.4,68.52,84.15,58.71,47.84,91.08,77.73,61.9,38.92,62.98,75.29,69.37,59.27,80.5,28.58,89.4,13.76,4.74,62.98,45,31.01,84.5,82.49,11.37,6.55,86.69,27.02,38.29,76.12,80.29,46.4,29.85,99.16,38.48,33.56,68.72,98.57,64.35,0.93,37.79,74.4,86.05,69.14,19.44,44.47,72.83,30.4,21.5,87.36,90.95,4.33,94.99,74.46,61.72,95.18,17.87,80.02,8.64,5.54,19.81,58.78,32.38,70.45,8.65,76.02,6.13,67.69,59.29,72.3,44.15,39.66,69.72,47.42,41.9,9.09,84.02,48.97,88.41,33.3,-1,61.56,0.61,18.32,73.2,39.7
79.54,51.43,36.76,52.03,96.44,12.02,82.09,28.97,85.04,84.26,35.3,77.7,81.11,13.23,33.34,40.79,79.73,89.82,67.82,61.15,11.71,55.65,13.46,61.15,23.63,97.71,44.95,93.02,96.71,92.74,84.34,87.53,17.27,73.83,45.74,56.48,18.07,12.61,32.58,26.56,78.8,24.61,32.25,19.33,62.58,31.84,94.92,68.05,68.07,35.78,59.35,14.03,91.95,97.12,90.7,32.8,84.65,91.2,72.52,61.8,15.29,80.87,82.55,1.12,10.42,83.22,12.5,6.89,15.48,34.38,90.14,25.08,63.82,2.13,59.34,61.56,77.1,27.93,45.62,98.24,58.06,74.99,36.03,60.16,8.02,70.32,16.34,94.24,58.75,82.39,26.97,34.82,23.3,38.47,81.47,-1,62.72,65.43,29.16,97.28
48.8,54.57,68.25,41.98,76.05,99.64,99.13,9.05,97.06,91.08,0.25,59.31,16.87,47.93,88.52,25.84,4.39,21.55,93.64,51.4,17.08,73.09,9.92,98.88,53.82,86.18,40.95,80.86,98.38,22.68,51.03,59.29,74.97,56.9,20.02,3.89,35.19,49.55,19.53,5.71,99.18,63.71,58.61,64.27,92.14,94.26,32.95,39.65,35.9,78.87,56.44,49.21,93.81,73.11,76.55,94.44,12.96,36.57,46.15,76.56,41.04,63.59,94.05,43.88,69.98,19.42,96.09,71.65,95.67,14.7,70.95,27.12,46.93,52.5,71.64,96.49,21.32,6.11,27.01,83.42,54.23,59.38,75.14,68.28,2.46,90.72,91.02,43.37,20.82,33.05,83.65,50.16,96.17,6.28,97.33,66.36,-1,32.78,56.2,44.77
57.66,73.11,62.07,88.15,25.31,62.54,98.52,66.24,14.04,84.53,95.28,39.14,60.92,83.51,55.02,34.29,96.74,60.13,51.96,42.66,89.52,89.11,25.1,11.16,6.98,55.33,80.58,85.57,66.6,79.88,70.17,58.66,81.98,65.74,61.59,31.34,64.55,59.76,19.69,85.41,41.47,83.15,76.62,19.3,58.2,11.88,14.61,63.15,81.13,84.05,14.57,62.2,16.06,64.77,19.49,14.24,77.33,79.89,7.5,26.76,17.56,77.11,27.58,23.92,85.95,48.22,5.6,22.64,86.15,52.29,33.52,34.83,2.9,50.83,24.96,83.5,65.36,85.16,69.57,99.72,86.72,81.6,10.1,88.26,80.87,70.92,72.67,90.49,40.74,57.96,5.41,27.68,1.88,55.6,39.8,76.9,42.17,-1,14.17,79.08
86.55,88.89,83.12,4.09,81.74,66.91,84.55,81.7,50.74,13.33,2.54,18.11,10.28,24.16,69.87,26.22,47.04,30.31,75.73,46.75,74.68,53.96,17.04,91.6,79.53,36.42,65.61,7.5,40.76,6.59,20.55,69.21,68.48,37.98,81.8,72.25,49.19,60.7,15.52,0.87,93.61,23.32,44.6,31.24,7.41,70.02,81.77,53.22,14.69,68.95,35.7,16.68,29.37,27.3,65.58,87.28,65.29,28.74,48.67,65.82,86.8,59.19,52.2,70.81,80.03,61.67,51.5,98.71,64,89.93,50.33,65.87,96.34,13.38,21.2,81.29,36.62,32.48,49.15,37.79,30.87,27.63,44.74,75.1,82.49,59.53,93.51,49.72,47.45,71.87,88.79,48.53,73.81,16.83,48.4,12.07,96.55,89.82,-1,90.59
89.9,77.68,40.75,72.01,67.8,41.52,77.88,21.69,46.06,74.03,27.71,71.93,1.09,42.81,5.35,63.82,0.71,39.06,45.36,59.89,30.09,91.37,68.98,38.51,73.77,91.6,3.91,22.79,44.79,23.26,48.78,11.27,51.93,75.03,89.06,61.83,61.89,40.08,45.15,86.67,75.16,1.85,38.69,13.79,6.46,85.56,78.44,12.85,0.81,78.26,41.55,47.83,24.95,68.92,91.23,65.65,10.82,30.66,84.43,7.5,59.61,53.05,62.63,40.28,88.08,31.56,96.09,70.58,68.09,60.81,71.88,3.5,57.54,72.67,62.7,97.61,99.43,10.12,69.58,15.1,51.98,58.26,8.8,92.09,77.04,54.89,91.29,60.6,20.5,28.4,82.36,78.47,69.79,82.46,56.78,80.83,13.2,86.48,34.76,-1
