-1,574.66,812.25,111.19,336.26,260,824.87,184.23,725.15,272.56,993.8,3.26,226.68,293.91,733.66,65.87,296.16,627.05,815.11,823,265.6,170.19,545.41,739.54,215.47,469.48,652.07,915.71,385.92,466.52,310.49,569.71,818.83,33.64,488.84,520.69,552.73,246.3,949.16,549.98,321.33,420.53,14.35,329.49,823.37,229.66,941.27,927.32,141.91,400.15,525.03,945.67,995.79,220.8,360.23,629.56,988.83,926.59,195.03,670.63,492.89,972.29,5.58,411.61,224,258.65,872.72,945.98,724.74,158.16,796.21,123.76,561.34,286.81,629.68,576.82,521.43,404.76,317.67,75.03,404.03,829.7,297.72,130.91,386.57,588.43,529.59,198.86,686.37,187.13,371.79,896.76,734.32,53.58,429.67,86.59,119.48,891.62,185.46,889.28
324.76,-1,124.58,739.56,567.52,895.26,679.52,497.11,32.98,691.91,955.08,61.05,413.85,6.72,973.84,936.7,954.83,107.21,923.45,438.88,666.91,794.69,194,761.6,395.34,312.32,778.68,208.06,556.42,42.43,851.55,36.59,922.3,960.31,563.14,625.36,42.23,656.79,966.15,3.3,460.14,618.79,703.83,965.59,574.31,667.36,181.43,234.89,771.42,41.51,484.05,765.95,8.94,407.02,48.84,329.73,562.03,687.92,915.48,128.16,41.36,670.15,51.13,106.6,960.38,175.62,541.2,426.41,160.99,201.66,224.68,17.23,198.1,634.66,128.97,582.39,335.24,223.03,990.1,898.43,989.52,583.92,774.62,570.57,378.78,575.15,325.88,356.52,355.01,236.81,293.62,403.26,562.94,660.27,128.89,765.66,73.24,592.84,750.86,871.81
320.88,322.75,-1,894.64,398.18,795.07,50.76,911.16,875.03,1.88,608.87,757.93,602.12,561.84,575.24,376.4,344.11,53.52,157.55,12.72,137.57,605.39,873.32,508.15,72.81,64.07,101.38,623.37,30.31,915.06,28.46,405.86,368.14,401.57,400.79,927.5,776.77,999.36,669.95,827.09,145.63,724.99,323.11,705.63,270.89,757.63,705.79,132.42,418.1,883.88,378.98,40.97,965.81,863.29,241.58,500.52,704.19,117.49,363.8,473.43,688.48,873.9,599.06,68.6,11.13,990.97,935.61,785.36,703.1,522.31,906.55,492.03,676.68,110.67,663.14,604.98,20.88,453.09,197.57,835.94,415.59,315.52,576.7,328.46,434.1,298.71,422.81,837.64,497.17,928.73,605.74,543.74,453.11,259.94,705.81,128.89,520.15,815.21,799.42,502.94
448.08,377.86,274.89,-1,652.32,620.82,170.58,906.58,13.22,943.6,58.8,194.78,930.64,745.43,215.85,997.42,360.7,94.98,459.54,619.07,907.22,743.29,405.98,93.12,767.25,178.88,33.82,297.46,653.46,917.03,214.65,885.73,705.39,887.99,35.44,636.56,312.16,559.87,286.27,504.6,485.48,960.69,615.57,53.71,347.58,549.53,984,11.71,891.16,81.88,366.46,652.14,682.2,189.67,267.67,519.93,779.41,589.37,574.32,387.72,946.59,792.64,648.06,545.3,372.35,164.64,558.75,193.86,629.86,316.53,758.47,604.7,979.42,334.68,51.24,313.16,997.01,86.8,757.75,228.08,579.65,178.94,678.09,922.81,266.29,976.21,572.5,998.08,842.33,6.61,878.65,405.04,541.94,264.46,954.37,147.56,335.7,914.02,403.44,433.8
485.17,479.53,21.58,254.27,-1,675.8,10.38,61.72,499.81,738.49,535.5,118.94,231.97,217.06,752.3,924.02,162.03,115.52,847.53,192.64,993.16,582.76,513.05,679.64,460.94,121.43,942.51,908.22,517.79,848.76,304.57,482.55,867.86,267.07,701.78,589.77,443.33,763.4,284.66,997.5,640.39,585.33,278.3,787.74,657.75,804.16,150.99,23.78,701.59,868.42,43.95,384.88,310.44,497.21,624.83,481.28,24.48,360.46,560.95,980.24,957.65,797.76,656.07,891,606.12,666.71,499.04,873.46,226.35,332.92,354.19,603.53,156.82,128.84,307.34,840.63,42.32,717.47,726.35,770.55,45.53,595.24,804.57,147.48,121.17,350.47,643.72,861.87,528.9,369.3,363.3,795.6,136.92,533.89,713.99,446.87,562.76,560.7,314.16,213
753.66,290.35,590.1,646.23,914.61,-1,539.07,687.28,401.57,562.93,897.7,176.43,771.7,951.71,684.56,281.24,26.44,107.13,494.05,885.57,137.62,783.02,21.56,975.88,782.89,976.48,270.66,275.81,554.7,995.07,747.57,352.24,562.73,832.93,589.41,968.96,395.64,899.08,166.55,926.68,578.88,184.36,246.6,373.78,517.63,526.21,844.3,498.33,595.43,956.71,304.2,939.06,971.34,95.57,778.19,638.57,653.19,419.76,723.53,609.75,73.5,698.83,837.99,380.75,996.52,601.75,838.37,429.05,436.41,190.51,454.52,970.84,87.35,50.65,234.52,156.6,506.62,965.36,358.19,280.55,689.14,888.17,980.22,100.15,343.53,488.55,173.78,542.97,525.34,334.96,581.6,502.26,632.27,973.14,69.15,243.85,771.97,655.4,650.22,356.38
637.33,274.65,402.68,945.27,116.57,478.16,-1,23.12,258.08,311.91,869.86,885.44,538.34,226.17,419.72,219.14,804.43,991.18,953.18,396.92,684.22,313.57,193.6,499.54,190.7,240.24,880.81,192.76,275.1,619.71,203.86,383.92,797.23,881.96,40.79,382.52,23.72,606.08,989.19,594.67,897.94,605.35,929.38,244.85,104.97,93,264.54,751.08,543.79,759.38,958.29,824.76,835.86,348.73,862.89,732.58,361.56,794.15,223.13,87.12,5.84,510.18,984.06,224.72,114.12,183.6,815.7,870.62,281.48,873.96,569.76,103.3,243.46,83.14,703.66,700.56,3.32,40,725.21,439.22,941.4,680.61,154.57,526.18,144.18,871.46,604.13,867.26,127.97,99.95,706.82,117.92,843.45,358.02,395.8,561.47,38.63,643,572.23,780.77
633.14,535.58,81.95,352.21,429.48,344.48,634.23,-1,465.59,205.59,579.45,26.39,487.81,971.36,468.09,667.7,877.91,970.17,712.13,134.58,365.49,668.32,913.43,55.21,937.11,244.2,372.28,882.81,141.47,954.78,567.93,252.25,640.88,105.88,56.24,680.66,572.14,75.16,987.48,611.16,478.83,169.95,874.43,80.07,758.23,540.53,258.19,625.6,939.97,749.92,353.54,952.82,706.63,528.4,309.83,151.55,624.81,101.88,302.05,857.36,395.55,811.58,684.74,165.36,13.4,794.53,679.99,241.92,719.01,98.73,155.76,368.95,908.24,975.1,486.09,362.96,982.73,767.1,505.21,973.51,412.48,12.15,725.33,749.21,285.17,806.55,628.43,702.66,804.08,398.26,506.1,686.65,751.51,385.41,917.24,360.4,672.94,861.91,5.7,150.36
558.15,384.83,999.35,636.99,109.34,393.04,687.55,139.12,-1,678.36,810.5,509.05,513.54,672.59,202.09,524.23,251.2,353.09,294.79,106.02,427.32,656.97,791.63,354.42,260.39,894.93,11.78,134.84,100.59,934.46,805.66,701.04,669.31,768.28,324.33,974.46,991.53,768.58,156.7,294.99,188.87,485.32,693.4,490.16,875.23,887.2,213.8,269.77,735.24,577.95,230.98,958.12,743.39,378.42,381.15,175.5,656.4,835.63,11.56,284.77,80.3,876.75,702.22,226.01,379.92,651.81,179.66,954.99,746.39,874.08,796.57,702.75,77.93,779.03,132.7,341.21,291.76,361.68,657.21,240.65,526.42,909.02,183.06,418.97,831.64,129.27,323.84,71.77,535.72,400.21,277.07,246.58,185.51,959.6,958.37,725.27,75.63,25.6,857.21,153.32
115.05,538.99,291.39,613.72,448.52,764.98,231.35,139.41,14.34,-1,676.89,40.67,122.65,504.82,533.76,955.49,438.13,274.46,115.37,705.59,71.4,449.49,280.46,137.93,43.9,121.48,492.56,45.94,693.73,788.58,24.17,880.86,473.72,178.2,449.23,64.05,471.17,435.57,352.14,360.27,637.84,861.74,399.68,210.79,799.89,191.31,13.49,31.62,683.66,757.96,450.65,669.63,27.9,805.93,468.69,896.57,374.57,722.28,822.14,531.4,802.16,658.59,308.6,898.86,771.1,538.07,263.83,419.55,767.83,660.83,458.81,963.14,199.08,729.85,602.71,944.6,946.83,786.41,494.97,919.69,818.53,805.67,550.73,572.17,512.41,840.14,615.46,212.93,354.84,190.37,87.42,11.66,785.21,553.15,541.38,521,193.6,659.51,665.3,978.82
260.9,297.38,724.36,67.98,221.59,624.4,711.55,429.89,565.82,941.36,-1,476.2,988.89,285.08,79.04,942.93,552.69,584.94,818.67,303.29,884.19,424.71,339.31,476.13,620.38,652.25,113.12,851.03,896.06,907.73,714.86,459.8,239.92,516.12,12.78,288.42,237.61,648.27,558.98,236.13,572.56,673.17,850.63,584.39,996.03,164.57,360,971.47,747.46,343.12,552.3,95.67,561.46,125.46,590.84,577.98,739.13,514.45,754.97,193.24,227.54,409.23,525.15,488.17,141.46,497.8,9.13,749.56,694.38,239.07,783.28,226.6,78.7,517.23,963.08,739.32,846.99,809.63,435.18,634.63,78.14,990.99,795.88,54.28,55.17,552.93,962.01,348.59,390.64,679.63,735.82,623.25,78.19,462.27,427.18,277.9,675.75,793.39,216.85,131.08
448.11,114.75,521.12,582.4,142.87,329.12,716.97,480.44,265.64,671.28,495.51,-1,816.46,788.66,207.97,455.73,587.1,155.01,285,489.18,158.18,971.65,828.92,680.29,440.43,735.15,155.14,978.31,370.97,799.48,807.73,526.79,404.78,556.45,829.98,807.76,632.66,797.34,182.27,267.91,156.37,845.98,668.73,768.12,932.82,534.32,191.87,329.05,427.92,773.47,181.94,647.98,306.76,987.21,533.14,221.45,277.87,366.96,957.61,257.26,65.4,353.28,811.21,516.93,353.93,152.2,883.02,179.04,837.62,204.54,384.19,859.99,314.4,579.66,587.42,597.54,817.32,929.18,98.66,753.68,994.75,3.82,592.39,67.21,579.03,497.47,371.01,477.54,184.01,448.03,690.39,812.97,496.08,550.93,330.94,517.08,261.56,447.39,744.18,662.51
570.44,15.68,694.72,921.94,440.54,164.96,365.72,187.18,558.51,741.89,654.53,127.66,-1,492.15,340.38,903.09,922.83,897.08,360.37,953.76,24.78,184.99,961.25,330.07,787.51,48.04,606.12,651.8,773.67,419.12,495.86,666.4,664.69,506.42,49.83,53.34,121.02,744.87,127.1,454.88,777.28,509.17,795.63,600.81,580.38,238.24,641,547.97,19.77,416.76,183.27,17.04,593.63,547.25,371.49,853.87,369.46,360.88,479.93,827.31,658.63,796.79,908.2,657.55,878.29,620.25,773.27,785.4,401.52,912.25,608.95,432.42,55.36,436.92,14.38,858.68,371.59,867.07,220.12,450.53,138.56,467.5,454.38,19.88,711.25,736.48,112.94,537.15,206.47,600.83,874.58,686.35,832.94,386.06,166.8,216.95,156.78,923.08,464.76,346.86
645.16,641.57,259.06,389.49,469.78,514.3,872.3,751.85,20.03,60.48,160.21,784.83,74.79,-1,975.03,341.92,213.75,999.96,304.06,336.15,629.76,785.72,678.62,158.32,894.26,599.53,113.89,981.35,195.16,678.4,222.88,338.98,344.83,372.55,681.21,660.3,779.61,880.48,671.68,232.11,581.8,944.77,481.22,139.5,157.93,511.54,705.78,954.39,257.35,245.76,92.24,753.61,15.59,556.8,699.09,336.71,69.19,173.96,632.35,803.06,200.96,539.5,994.14,73.24,312.87,394.23,304.67,823.8,995.63,491.84,708.05,389.59,317.71,300.67,477.97,334.6,55.05,835.66,303.8,43.85,301.57,496.26,218,809.43,827.35,134.38,903.71,531.56,864.87,26.54,656.11,118.07,951.92,151.79,954.46,509.28,537.51,180.3,424.99,594.24
852.85,399.44,460.08,679.51,194.88,811.22,863.11,569.14,764.96,590.85,417.71,710.63,638.83,747.35,-1,682.1,761,954.9,494.57,584.52,416.66,181.06,697.35,83.61,455.27,964.13,891.69,747.24,68.29,35.13,236.29,102.47,977.1,96.1,919.55,454,730.82,888.26,625.92,839.98,458.92,910.07,101.72,580.97,986.66,229.66,992.09,361.97,294.22,119.89,750.53,766.33,348.35,357.48,877.31,363.13,106.09,997.9,949.32,28.64,434.52,403.24,200.8,804.3,309.86,964.06,220.91,974.75,113.84,427.62,756.07,558.11,70.85,68.98,460.51,68.57,449.87,432.98,543.39,238.86,802.78,822.18,390.41,19.36,739.47,755.08,265.82,704.81,742.92,656.51,637.76,957.65,346.48,5.03,574.1,690.59,318.55,678.89,746.37,798.35
98.92,731.19,89.76,409,921.42,924,975.87,199.87,356.02,987.7,497.31,687.62,707.85,784.91,428.71,-1,51.68,735.96,747.35,954.2,99.41,839.51,975.78,465.86,656.25,715.49,217.69,16.96,431.85,304.77,218.59,298.68,643.98,985.67,413.52,827.09,657.25,318.56,623.36,935.06,773.2,125.47,652.72,42.55,839.31,318.47,745.21,171.22,659.5,957.4,182.65,271.14,389.43,513.29,945.07,504.54,907.19,534.23,239.1,617.17,973.21,689.34,64.24,741.89,871.48,703.01,554.14,755.07,787.9,275.98,317.9,523.34,344.81,598.56,0.1,715.79,64.09,790.21,392.42,366.7,997.48,467.43,47.69,454.73,201.84,234.09,56.02,901.86,142.32,180.02,795.65,962.43,369.69,245.21,494.4,825.23,267.74,376.09,741.82,479.87
866.23,382.32,387.95,718.5,809.01,659.6,149.56,179.48,703.08,112.79,102.35,505.72,953.87,658,236.37,727.3,-1,364.9,532.22,967.61,140.43,230.72,34.12,840.1,691.33,323.57,904.19,585.46,471.6,265.75,709.73,283.4,16.53,618.48,150.15,820.6,438.86,500.99,483.61,239.16,797.75,272.17,928.3,271.86,256.72,704.4,851.27,751.68,443.48,785.93,583.13,302.55,11.39,907.29,666.84,471.92,319.06,275.98,91.66,237.69,306.88,845.44,300.28,687.95,790.45,757.92,574.49,6.06,226.58,46.72,542.1,837.53,205.17,900.37,867.95,691.69,75.98,708.58,831.73,561.87,848.45,601.66,960.52,263.47,417.8,253.88,80.11,542.58,753.77,805.34,262.01,430.68,320.31,231.17,14.75,461.5,329.33,683.29,202.41,276.79
116.67,100.64,393.26,199.7,420.34,250.17,544.4,215.49,135.54,299.8,270.14,731.5,612.57,710.35,451.84,254.84,373.24,-1,50.66,829.69,627.62,86.28,631.2,693.07,755.71,213.82,755.11,4.61,455.17,953.59,538.78,814.57,897.64,52.14,671.33,954.93,486.79,680.61,917.27,575.8,118.77,845.99,191.12,722.15,215.17,380.52,833.58,829.19,904.11,109,600.59,6.51,249.51,124.33,487.56,94.9,160.17,765.54,588.57,411.47,351.37,783.52,686.02,120.03,137.69,573.85,710.49,34.4,62.66,39.59,540.99,849.15,973.58,105.4,966.78,609.35,904.21,357.9,963.14,787.55,940.15,185.05,692.28,547.84,39.57,818.57,143.24,173.77,839.22,728.15,415.56,252.82,186.97,740.51,360.51,21.14,459.77,386.91,0.46,526.62
4.96,140.01,780.9,228.27,587.51,825.4,551.31,832.96,28.26,100.35,836.78,504.76,452.85,46.3,159.99,669.97,721.86,295.38,-1,727.83,858.42,578.82,141.08,288.58,881.24,986.61,128.73,328.74,46.4,668.64,522.95,135.95,512.62,792.95,757.86,962.66,994.85,843.36,223.02,966.79,266.45,222.35,834.79,935.58,650.53,352.97,366.41,197.32,731.07,590.09,338.69,835.29,822.23,440.61,142.51,809.19,427.25,452.47,377.11,920.53,78.42,700.77,760,932.27,10.52,916.14,611.79,419.36,18.69,959.84,373.12,524.98,637.77,709.8,676.67,515.93,417.05,73.47,355.47,321.17,724.18,739.66,366.42,426.71,524.64,639.22,906.68,590.74,307.39,597.27,380.91,736.74,529.04,681.34,962.39,382.71,185.48,982.49,193.1,836
198.07,652.43,887.58,377.77,159.84,910.47,145.59,609.29,48,144.24,219.17,160.51,707.9,227.78,473.9,643.85,703.91,560.76,641.61,-1,417.38,648.86,553.46,31.42,938.84,630,230.83,287.54,149.15,634.61,264.08,710.02,334.04,788.55,961.15,393.11,571.33,242.76,880.04,92.45,764.49,203.92,793.42,693.52,612.11,776.98,989.07,892.23,190.39,607.81,786.12,979.16,162.85,727.13,30.45,11.67,300.78,965.09,782.72,575.76,305.88,237.16,406.65,984.89,760.42,857.91,834.01,96.52,215.25,70.24,917.46,357.9,922.5,568.22,988.58,959.2,420.58,361.8,838.61,41.4,741.51,725.05,134.71,133.34,938.64,254.02,581.71,58.97,814.42,467.25,920.27,479.36,381.69,197.43,74.99,611.27,991.23,48.87,44.23,356.09
891.17,893.96,558.86,971.88,701.25,899.07,524.54,325.28,826.63,703.67,161.33,941.12,95.13,431.03,409.2,131.82,689.38,154.16,258.09,142.64,-1,275.06,575.61,850.7,154.98,339.98,153.64,534.28,636.65,346.1,197.42,546.72,285.15,470.21,660.76,992.19,165.75,244.04,588.08,850.18,20.51,475.68,704.08,810.33,726.06,45.8,505.81,910.87,604.43,250.09,596.52,622.83,767.6,769.97,317.12,54.58,995.31,619.97,626.38,487.65,876.94,991.66,542.05,813.28,112.03,589.62,911.21,569.59,808.81,216.94,807.69,601.57,401.3,910.97,777.39,53.66,949.11,642.5,535.28,68.34,655.31,729.19,239.84,954.87,480.73,461.59,788.51,783.84,67.56,266.04,193.98,564.8,697.2,133.23,686.18,631.6,722.62,870.47,644.74,854.24
42.95,691.52,728.56,718.9,573.5,233.29,751.93,242.05,509.68,926.57,724.59,559.05,322.67,255.29,475.29,463.41,517.72,753.79,955.45,353.78,378.35,-1,59.62,289.42,764.95,619.46,702.64,809.61,499.49,969.78,701.71,713.04,210.26,884.88,465.47,670.93,401.8,727.87,564.58,317.51,496.34,354.68,617.12,679.19,354.14,733.72,293.24,659.61,514.09,610.47,67.71,566.64,158.57,230.17,70.86,445.58,973.81,685.21,225.89,258.86,80.93,66.77,420,350.86,744.25,65.62,312.96,724.54,28.23,279.18,631.38,744.68,137.28,426.31,290.96,412.41,360.87,593.09,932.21,728.8,920.38,411.14,931.23,639.23,928.83,197.94,728.62,658.2,671.9,995.6,215.22,411.67,488.22,355.43,200.63,931.61,777.5,887.74,313.92,84.27
641.5,616.98,918.91,11.63,157.92,975.79,714.13,60.86,445.55,963.92,508.3,835.55,847.38,147.98,703.61,279.59,400.9,796.18,960.1,728.08,259.26,605.32,-1,341.47,119.45,294.69,231.35,861.03,961.23,746.75,531.5,399.76,156.55,582.37,432.61,45.95,580.31,174.99,544.13,912.11,724.49,945.19,82.5,135.5,115.09,169.26,165.14,382.31,385.2,969.99,96.78,820.69,237.47,115.96,797.64,728.99,41.2,292.66,507.91,484.67,460.25,639.11,584.53,780.1,644.67,774.37,215.17,710.88,272.99,609.13,631.43,391.42,670.77,879.02,988.15,440.3,568.24,700.65,219.82,510.97,707.59,70,255.36,828.19,740.93,954.75,362.16,4.37,337.55,33.13,412.27,98.74,731.64,222.54,188.03,436.3,741.71,646.49,861.51,496.24
323.35,974.26,167.44,410.14,744.92,323.44,586,427.9,549.77,171.45,967.43,645.29,438.57,766.13,619.7,740.2,245.91,662.51,157.9,233.15,757.86,471.36,472.39,-1,656.1,408.56,754.28,293.09,603.18,821.6,646.34,737.17,417.43,824.9,963.51,733.96,717.65,401.54,535.16,546.4,312.08,3.65,588.55,548.55,649.26,656.82,190.92,318.8,286.38,919.69,540.16,217.41,872.83,141.3,658.74,81.25,980.9,111.98,931.1,877.94,264.65,574.06,870.38,407.52,173.9,460.09,836.52,20.85,414.62,553,309.43,995.98,779.83,86.01,790.13,377.92,669.72,856.46,420.46,811.63,113.17,28.78,612.33,900.19,33.65,998.5,548.95,156.46,769.49,319.14,173.92,434.96,676.31,931.87,609.17,209.15,28.38,66.9,182.04,115.47
256.66,242.1,67.75,840.5,319.31,784.87,451.59,989.19,417.66,157.45,183.73,446.14,464.02,359.16,522.29,823.56,261.45,711.97,168.04,399.17,51.53,462.57,740.21,724.28,-1,673.69,197.63,505.24,788.43,114.1,827.83,45.07,186.02,329.26,869.57,647.47,982.25,822.32,455.75,35.26,142.02,933.49,593.4,731.41,811.54,520,215.56,48.82,281.24,788.3,738.05,693.18,32.26,890.82,336.11,255.93,160.45,410.83,512.31,253.31,747.94,151.07,344.25,840.56,642.2,945.8,562.35,147.05,849.28,124.79,845.32,643.45,125.63,212.3,634.87,368.41,96.43,34.51,394.99,459.11,15.17,801.22,837.48,992.69,484.71,486.13,416.4,763.02,609.77,796.02,575.06,858.37,960.52,62.26,494.71,736.54,897.09,538.71,135.48,373.18
540.12,645.15,495.23,52.49,856.27,541.45,639.95,575.25,218.34,964.23,599.06,810.97,728.22,188.31,510.96,17.37,357.19,110.36,712.84,264.98,399.28,854.31,815.5,916.32,546.08,-1,363.01,940.13,501.59,422.56,165.58,940.31,613.92,831.55,251.96,927.64,714.88,318.63,378.86,634.32,303.37,513.76,701.02,839.64,821.38,834.53,553.59,159.43,172.78,540.48,302.4,723.54,203.18,922.66,533.98,116.96,544.74,16.79,800.3,396.86,556.06,116.46,508.93,183.87,136.35,618.33,720.98,159.17,578.58,194.55,968.44,367.16,904.45,281.35,664.53,548.33,421.38,510.21,137.79,803.94,49.14,175.8,234.49,428.41,843.73,14.43,57.49,681.15,65.74,175.08,569.55,805.22,998.54,821.98,459.41,883.67,203.64,813.28,198.78,938.74
227.69,197.61,542.7,3.88,189.56,764.25,276.3,310.61,377.38,777.94,316.23,368.44,946.84,776.49,285.8,318.5,216.06,708.94,968.85,61.54,162.08,330.6,45.28,631.69,75.35,672.15,-1,305.76,670.39,252.27,413.71,93.45,682.7,542.61,215.86,869.87,857.72,943.65,731.02,366.92,555.76,75.5,405.89,588.33,223.74,761.57,651.14,374.47,147.63,843.07,429.66,968.94,786.5,376.48,620.64,477.7,23.03,92.3,827.76,63.31,214.74,532.25,436.33,446.15,267.86,117.31,864.38,366.79,568.19,526.66,282.06,880.73,398.17,240.28,158.9,377.79,658.52,979.28,714.53,11.92,41.55,906.05,901.4,814.1,20.65,305.19,145.44,727.95,308.55,714.99,10.58,573.6,772.77,207.94,488.8,883.19,508.44,392.43,738.45,278.2
538.34,964.47,437.31,518.56,612.02,876.59,363.04,383.96,591.59,864,213.09,843.95,826.13,897.53,362.8,915.55,188.03,325.67,219.95,179.42,82.59,267.08,979.46,319.54,495.25,995.41,866.72,-1,617.62,640.56,1.01,977.19,780.39,865.64,506.74,385.77,278.26,60.81,96.46,96.21,488.13,299.75,744.16,828.83,543.42,785.45,917.72,19.32,441.78,510.79,609.8,81.77,172.79,822.92,502.18,530.11,401.97,276.68,20.96,88.93,448.17,263.23,347.78,809.24,513.26,130.1,45.54,864.88,321.88,167.08,6.14,817.75,901.67,675.01,457.18,791.6,300.19,64.2,266.47,512.3,985.45,786.28,833.04,625.57,823.26,91.83,288.43,651.51,784.79,709.24,513.78,810.11,861.46,342.66,62.95,699.1,381.22,318.37,375.44,37.83
472.61,849.46,986.13,111.33,736.56,809.55,794.88,156.24,121.37,120.24,501.65,578.09,808.81,680.92,329.45,904.69,662,889.81,403.17,150.38,840.68,314.9,383.15,906.88,555.81,392.89,280.73,600.55,-1,670.74,193.77,207.47,20.95,974.22,726.38,552.28,352.01,98.64,423.53,809.97,379.32,415.35,583.23,134.03,367.1,963.38,88.8,811.56,120.7,742.53,80.2,284.11,358.45,781.65,936.86,567.44,719.78,786.75,212.62,597.93,940.46,270.47,958.95,353.89,102.47,258.11,373.1,799.44,962.83,450.32,908.36,43.31,270.52,500.27,866.58,736.56,237.11,457.04,534.95,428.01,42.29,457.98,286.23,558.46,546.88,188.34,886.77,852.51,872.31,322.32,800.47,410.73,423.59,961.52,378.42,776.75,578.16,155.75,308.95,327.65
498.65,893.84,720.04,247.79,140.88,102.36,195.83,331.38,456.6,942.92,381.89,815.78,866.11,982.62,560.26,472.95,909.03,918.79,518.26,579.75,425.6,856.26,773.04,272.49,806.7,590.56,727.87,633.27,789.56,-1,342.17,618.76,281.49,387.74,494.02,338.69,735.59,950.6,343.07,244.39,274.68,703.89,586.89,393.53,662.88,704.61,78.98,258.93,153.49,8.5,505.74,897.91,937.67,317.75,138.24,671.63,561.11,724.28,52.52,15.59,730.09,374.69,731.65,918.96,651.4,259.46,245.35,508.19,835.06,59.58,262.64,882.44,786.38,561.37,764.44,58.49,311.65,766.42,518.21,884.04,199.44,806.65,930.61,181.95,368.99,629.97,472.99,786.22,293.94,212.18,556.53,220.62,742.64,854.26,637.96,745.14,435.26,953.68,135.62,816.16
891.35,114.4,204.23,274.26,49.39,294.06,230.29,169.72,878.79,39.23,535.08,565.79,265.04,563.44,642.96,199.62,699.87,943.76,881.02,478.55,275.58,992.16,521.87,97.92,411.04,262.73,398.13,252.51,779.54,605.41,-1,55.72,512.38,89.79,155.7,984.37,952.25,189.87,91.04,989.02,599.07,960.43,935.22,925.72,360.49,802.96,896.11,3.06,823.7,628.83,135.94,987.11,784.96,194.63,65.02,657.57,219.82,341.53,257.32,383.22,498.77,209.38,897.81,76.44,998.58,819.93,524.86,392.67,286.19,787.01,557.13,359.12,153.43,365.83,758.53,19.06,786.86,448.61,680.33,796.29,98.27,49.25,799.87,135.09,249.54,371.76,322.85,486.14,39.64,731.24,617.12,196.04,167.94,267.12,897.06,892.81,237.82,620.49,433.48,126.5
323.06,907.31,74.87,306.21,803.63,489.18,545.45,759.3,742.87,12.96,692.92,717.48,462.95,892.72,978.37,459.99,382.32,231.73,657.87,863.91,581.09,263.02,432.78,421.82,497.28,719.74,982,521.89,959.9,893.03,284.26,-1,783.7,298.66,231.06,560.06,579.85,616.11,214.28,460.71,98.27,976.4,951.55,904.72,298.87,26.71,393.67,696.21,316.66,650.27,518.43,948.57,194.74,847.02,501.69,417.07,581,386.18,141.65,205.78,865.51,850.35,771.61,412.98,236.66,310.19,684.18,774.97,198.67,333.08,802.43,704.99,180.68,181.07,937.91,913.59,134.84,995.31,354.75,693.32,661.31,940.65,479.93,637.4,260.08,13.2,313.82,906.47,13.81,104.55,220.94,555.54,631.66,547.96,717.42,376.71,999.53,270.06,963.28,277.86
546.87,736.26,387.51,844.82,289.26,985.78,684.46,520.13,651.63,597.23,213.77,162.57,711.32,339.95,685.86,336.18,140.58,576.4,386.6,748.51,93.72,479.65,625.36,162.52,966.12,590.08,738.15,573.37,365.81,78.75,317.1,627.73,-1,910.41,716.19,889.89,884.3,12.23,467.6,261.08,44.32,414.53,912.54,700.92,491,949.76,599.56,103.62,766.03,999.68,518.21,70.15,585.69,708.01,225.99,302.16,902.64,944.56,166.06,140.51,560.77,505.59,455.6,202.04,818.85,858.7,211.5,252.09,829.2,573.95,910.93,48,399.68,878.52,512.48,629.05,341.51,249.43,783.46,546.11,864.11,255.67,790.94,55.61,84.73,940.78,252.95,760.38,734.67,178.35,558.98,273.81,155.49,659.6,315.24,777.72,69.28,564.94,516.78,754.02
341.17,25.63,855.42,557.24,173.15,888.58,823.15,318.37,787.2,849.58,542.17,565.58,502.52,980.42,218.4,464.73,987.23,711.8,562.36,600.62,4.92,170.72,862.41,71.94,622.45,992.7,123.92,921.89,442.11,874.31,463.09,386.1,668.96,-1,494.15,418.9,616.36,138.64,972.41,763.07,970.8,772.22,709.49,511.73,844.98,362.62,773.62,379.18,166.55,11.04,638.54,649.67,49.35,171.82,879.5,571.37,869.89,931.27,879.44,963.33,461.54,575.42,768.07,425.58,543.96,453.84,737.64,848.2,251.22,755.57,451.38,145.93,611.44,884.45,640.2,560.17,170.5,408.33,652.85,907.08,672.62,588.02,139.43,703.23,287.73,935.95,219.28,334.63,213.29,734.68,189.19,38.36,857.62,742.07,953.77,527.25,589.31,368.14,548.43,544.92
440.22,685.73,263.85,113.07,281.36,572.44,219.46,883.47,809.29,813.29,966.07,940.25,487.39,746.9,749.07,781.61,616.97,801.47,669.73,598.58,159.17,704.22,272.09,883.93,445.33,73.57,968.88,211.13,4.93,898.71,764.44,878.82,254.62,155.69,-1,695.1,481.25,86.59,894.09,950.74,65.84,379.72,694.92,115.22,128.01,807.23,738.44,866.77,136.24,184.79,9.2,208.05,776.99,583.76,63.97,938.05,978.35,258.46,910.78,146.44,133.89,935.37,151.79,825.51,374.67,954.97,588.54,429.61,218.85,686.82,947.79,231.12,916.54,698.97,693.62,355.54,328.46,350.81,779.93,425.02,961.43,71.32,289.78,557.32,294.18,727.85,959.91,132.23,503.28,147.35,210.9,154.86,587.56,987.84,181.2,542.33,189.72,875.42,192.58,196.53
574.08,763.58,832.65,697.82,385.1,588.12,825.94,263.5,578.65,551.32,606.53,869.23,410.74,684.36,574.45,48.15,160.36,34.5,802.82,132.12,333.26,944.2,792.76,957.07,261.44,214.12,30.4,390.57,170.05,397.91,597.71,343.53,562.49,923.7,288.52,-1,205.56,262.95,613.67,684.76,891.34,948.26,462.05,465.48,369.28,21.34,832.59,178.24,218.63,151.8,780.57,237.06,18.06,67.76,505.98,289.79,844.14,383.15,937.24,387.53,577.04,230.72,946.28,67.25,156.13,463.66,951.32,988.19,0.74,602.65,805.71,337.74,147.01,859.09,266.5,575,805.93,282.45,855.75,235.03,408.57,320.48,371.33,252.14,521.25,521.11,868.55,407.72,685.29,474.98,491.36,147.95,2.51,1.32,48.12,789.59,362.37,881.3,334.58,559.42
649.05,409.16,177.51,264.63,529.62,402.49,458.26,502.86,982.26,915.73,374.78,95.03,560.47,978.91,766.03,443.06,694.65,552.86,425.42,161.14,235.02,301.93,509.83,24.75,848.03,354.81,171.18,823.03,28.15,121.11,151.9,442.53,892.72,516.48,578.43,608.19,-1,335.31,891,268.69,123.6,535,41.18,737.17,346.97,849.49,10.76,273.85,496.92,232.83,234.05,334.68,933.26,495.24,366.93,900.13,779.34,686.42,629.03,757.26,935.72,449.06,612.68,869.13,111.12,182.17,333.68,337.36,855.56,779.28,213.69,609.44,501.52,931.11,962.44,105.99,47.74,798.45,959.02,862.85,69.8,650.42,102.91,360.54,245.58,124.98,898.87,510.1,645.09,932.89,457.78,991.98,148.07,702.24,687.16,213.93,628.26,100.31,130.97,739.31
868.15,567.66,447.28,499.09,327.17,220.99,123.02,408.05,711.01,317.97,91.77,265.74,490.3,704.86,596.98,412.26,112.16,595.55,699.57,905.8,310.64,371.88,81.5,587.58,919.4,764.12,499.2,752.89,789.04,575.1,340.93,627.66,166.47,568.17,331.84,784.67,311.15,-1,34.32,525.75,496.46,427.93,575.45,531.81,460.27,556.25,416.74,617.51,943.7,481.42,766.73,32.46,589.25,972.51,263.74,50.53,579.31,614.22,817.98,106.99,106.79,719.52,286.1,434.21,493.84,196.68,874.58,475.72,474.78,906.08,622.43,793.23,173.47,338.59,820.41,406.24,488.83,811.94,156.62,139.53,569.14,212.17,264.6,315.7,501.49,922.2,118.92,343.92,702,11.12,378.29,910.3,817.23,58.15,230.78,992.5,703.51,74.87,745.82,191.14
480.44,236.14,251.48,863.45,410.64,876.98,668.71,274.67,833.84,502.85,421.22,321.63,416.23,133.16,951.64,209.63,156.37,747.27,489.77,85.87,710.22,414.06,598.27,80.08,590.6,851.18,690.79,976.48,110.16,674.14,186.59,964.45,407.36,766.82,69.78,726.9,942.18,57.31,-1,837.52,953.14,70.53,610.92,59.46,505.34,572.3,211.96,633.97,321.73,22.52,62.59,18.39,436.6,894.82,991.32,133.23,747.62,849.21,128.78,562.82,425.01,553.02,806.4,640.16,298.15,383.66,457.04,918.15,36.21,705.03,925.64,978.22,933.31,401.83,770.27,380.46,968.22,909.03,0.39,400.51,458.94,74.76,593.4,287.94,380.26,534.63,374.84,321.49,550.81,355.12,970.18,311.58,768.82,311.83,580.76,200.82,228.61,611.75,104.85,907.66
725.21,646.65,650.21,832.72,759.54,200.94,537.37,64.09,526.63,252.41,805.46,317.69,190.9,18.48,251.9,107.9,448.15,483.97,863.9,138.75,663.64,735.8,339.76,734.92,69.59,251.56,318.15,661.48,56.82,609.04,552.83,286.36,783.33,530.43,850.93,340.87,528.23,113.89,161.95,-1,199.04,804.61,784.12,618.8,336.01,281.29,543,392.58,605.2,501.33,108.39,892.18,352.81,389.62,505.88,436.52,578.17,18.87,76.78,740.42,66.6,664.38,250.09,110.11,864.25,533.5,805.28,20.45,197.82,124.22,452.18,53.68,60.39,256.42,587.61,226.47,617.79,141.07,679.45,511.08,627.87,811.17,280.2,551.3,687.04,683.86,814.77,984.98,49.83,249.64,651.87,159.59,600.72,388.86,470.61,873.74,295.29,377,629.9,924.77
876.38,773.41,669.53,788.65,714.24,706.87,320.05,335.1,729.56,182.9,533.23,244.91,456.15,447.17,932.77,600.01,132.74,509.26,878.07,289,991.71,128.61,368.75,966.93,984.96,56.97,56.72,443,592.83,972.59,997.61,544.28,222.48,28.78,915.37,432.96,615.47,782.95,270.51,971.23,-1,68.01,94.08,621.39,942.58,995.37,549.02,203.54,418.71,376.75,119.25,98.73,306.91,872.4,327.48,639.07,119.17,661.25,649.05,362.07,720.18,695.98,450.59,364.79,315.12,3.34,508.34,753.63,27.64,113.34,771.79,647.19,134.59,328.09,685.55,476.59,696.59,894.57,437.58,417.29,701.02,244.5,309.97,204.36,636.55,261.06,716.96,286.95,468.75,238.46,958.15,184.5,104.03,840.31,85.17,153.72,49.32,443.83,927.35,854.57
175.31,988.4,941.03,331.31,323.82,931.15,629.88,443.66,267.06,537.65,836.25,27.4,519.13,457.89,375.09,743.75,315.51,643.81,179.12,390.19,679,167.23,39.37,399.46,414.85,170.72,147.83,395.51,194.06,797.87,225.04,650.88,390.82,222.37,640.38,132.18,465.4,760.5,297.61,343.79,600.22,-1,230.19,261.09,212.07,704.54,113.59,510.02,45.81,364.79,973.12,933.96,416.86,425.55,162.9,28.39,763.9,540.16,668.52,544.5,525.68,246.4,422.28,540.68,155.93,490.41,348.02,533.9,167.53,518.86,376.06,755.87,585.57,95.35,709.81,641.04,430.06,681.03,740.44,654.11,950.35,765.82,870.94,846.11,116.88,846.14,62.3,19.8,258.82,447.87,458.5,652.87,604.42,571.93,423.1,150.36,571.14,33.48,234.78,342.59
875.77,537.42,756.38,608.77,189.96,209.75,636.23,735.94,353.44,556.21,671.31,976.14,400.04,650.43,900.48,103.53,105.74,132.93,531.93,398.06,179.17,660.82,659.38,615.77,428.96,522.04,208.91,897.18,947.37,430.76,689.93,764.18,354.45,53.61,797.47,612.47,198.92,866.01,513.21,493.95,691.5,450.11,-1,236.5,287.17,416.09,687.26,204.2,72.67,752.64,612.51,213.88,735.91,2.94,837.89,693,997.23,763.2,872.76,386.63,579.21,717.74,819.2,484.25,230.85,112.63,90.58,777.18,534.86,229.65,374.76,791.17,6.88,799.03,240.6,109.34,494.29,409.75,223.46,844.56,352.73,196.98,591.17,598.27,221.21,461.4,11.85,706.27,798.42,834.03,526.76,455.82,502.49,649.48,381.04,764.52,76.06,569.77,186.35,297.14
458.85,46.22,850.44,205.43,583.17,387.79,55.67,81.1,873.83,657.33,766.72,227.68,564.25,367.59,235.97,554.13,110.51,589.93,25.69,379.75,322.62,544.57,501.43,859.21,267.39,270.53,469.64,104.3,71.31,393.5,531.55,944.29,841.48,237.08,336.52,722.97,784.22,902.98,160.35,266.65,369.76,745.86,276.7,-1,199.49,45.35,50.25,931.85,964.17,573.64,276.5,125.47,933.73,245.85,726.78,235.73,367.13,227.99,615.01,795.99,678.74,820.27,752.13,418.63,988.28,371.13,394.26,617.14,987.5,408.33,39.98,476.15,86.6,780.71,835.18,449.51,832.56,198.12,478.04,800,737.66,731.02,742.05,195.02,172.28,564.11,442.74,502.32,807.34,136.33,612.31,587,207.69,226.53,62.15,866.34,173.75,215.14,98.19,483.38
942.54,515.67,5.96,500.02,942.07,167.31,625.25,148.44,935.02,626.55,23.02,862.11,874.83,130.27,823.47,126.69,604.06,188.88,56.42,177.56,688.63,528.97,285.6,166.2,560.83,531.64,272.01,792.17,634.31,733.1,898.96,910.92,284.64,516.66,107,997.72,683.19,461.62,481.44,168.25,658.04,464.38,122.36,833.83,-1,565.56,468.06,340.97,278.93,307.3,482.49,145.6,985.26,857.47,884.33,559.06,442.51,902.78,538.94,979.63,22.69,401.22,341.24,590.13,596.07,39.24,190.16,46.56,455.14,877.54,958.71,703.39,96.66,602.9,180.96,991.71,600.72,476.04,122.17,981.56,361.52,71.58,930.31,413.52,215.17,383.11,476.4,101.08,996.41,28.37,13.07,973.2,473.51,18.75,526.1,264.59,927.56,378.12,826.35,217.97
266.98,95.63,570.81,789.2,517.21,262.85,854.31,55.84,507,656.99,160.34,869.13,854.96,48.12,25.67,2.76,526.04,71.9,741.43,694.56,959.68,713.37,928.84,243.12,511.44,586.94,734.21,44.34,568.41,623.32,263.54,919.56,850.53,463.76,711.95,112.33,927.73,339.52,76.5,136.23,848.66,864.69,889.94,106.4,562.2,-1,283.01,598.63,35.11,827.87,554.81,237.54,672.22,735.74,520.46,105.98,167.26,454.76,29.73,773.01,580.03,747.09,28.29,343.18,705.82,579.97,677.58,110.99,134.97,89.05,49.72,316.75,738.8,507.61,513.11,25.22,442.63,375.39,258.6,963.87,646.11,23.64,170.48,85.9,669.16,604.23,670.05,524.45,622.19,992.99,736.92,270.48,667.81,120.72,972.39,92.16,896.48,389.97,683.64,912.45
492.49,982.94,191.1,692.26,157.55,100.08,708.59,589.25,953.91,388.23,856.08,167.09,344.9,560,225.32,10.04,518.37,747.42,58.12,236.18,438.12,400.85,558.37,578.5,745.48,195.21,19.85,115.89,200.34,793.32,134.32,715.84,520.81,67.37,884.27,456.1,882.93,36.88,507.2,411.32,301.01,32.34,935.93,193.16,854.6,818.53,-1,585.55,510.52,504.37,461.72,109.31,721.74,863.38,929.09,824.4,294.81,371.99,402.85,503.28,710.11,307.21,101.88,137,933.37,558.37,223.31,547.82,251.31,697.69,394.16,915.58,562.94,695.64,86.07,90.93,728.34,816.84,941.97,777.79,665.14,392.79,70.05,255.16,138.53,485.73,448.22,320.79,475.45,315.05,342.88,759.6,381.87,802.13,157.39,381.02,31.38,658.83,647.67,412.74
815.25,249.35,630.64,12.61,763.86,297.52,868.03,40.22,957.97,399.73,470.34,834.94,886.31,21.55,495.82,447.65,526.29,343.49,547.08,285.48,200.77,799.37,513.82,380.09,873.26,477.77,738.16,685.81,306.59,84.65,596.27,820.2,842.29,620.22,3.07,918.23,990.26,923.67,922.2,943.82,715.3,379.96,99.76,761.03,548.82,795.45,112.07,-1,188.51,531.78,525.45,782.03,502.3,485.63,409.36,653.59,255.1,691.65,864.92,460.73,949.19,414.94,617.79,214.41,47.1,63.12,102.02,245.55,647.49,67.99,592.77,329.17,156.01,453.26,484.2,173.38,906.11,641.35,818.22,461.71,267.14,923.46,212.72,800.72,846.07,248.68,335.11,851.02,324.54,620.59,363.44,502.26,452.01,157.52,506.15,872.04,481.84,274.05,984.77,934.45
191.09,674.5,713.84,301.61,54.59,457,682.21,799.85,614.8,108.8,416.51,295.65,833.19,78.33,158.85,920.8,776.4,60.74,624.86,793.28,513.65,822.37,548.73,817.72,277.42,270.45,668.86,281.53,219,629.56,447.65,27.9,44.81,375.73,322.27,102.56,846.54,727,543.78,911.69,266.57,861.41,155.39,981.7,745.7,279.22,993.61,665.27,-1,354.96,687.52,456.25,501.84,483.14,275.93,370.88,535.99,41.69,393.34,35.98,352.14,971.38,504.87,980.53,606.67,759.04,759.9,38.85,442.45,697.68,511.86,960.18,309.23,420.41,612.64,31.14,94.57,572.72,459.2,419.27,134.95,130.23,188.41,974.85,809.19,130.86,474.28,538.96,203.06,186.98,363.16,410.8,301.26,866.47,86.96,569.39,236.34,847.69,605.83,116.73
751.02,347.62,703.18,290.45,529.85,361.06,815.21,986.88,612.31,150.71,348.39,13.26,766.11,795.35,239.36,743.8,439.54,291.42,347.85,302.45,178.68,666.75,13.93,848.53,37.02,829.89,469.49,519.2,990.24,324.91,639.96,13.44,629.45,354.7,479.64,534.13,206.26,311.24,999.48,883.29,276.91,692.24,142.56,393.98,405.38,416.11,333.49,433.55,334.75,-1,384.95,886.59,345.41,428.16,312.28,9.82,721.34,113.2,145.46,173.8,515.51,168.46,99.65,322.52,630.05,703.97,696.9,470.01,393.07,777.33,949.31,792.32,583.25,177.88,45.81,253.99,534.83,467.96,386.89,561.64,817.53,375.99,287.13,896.38,795.4,132.97,245.94,692.13,911.79,886.86,954.65,957.73,64.56,211.28,883.92,39.59,218.73,445.29,862.24,189.69
204.97,184.43,920.4,832.61,425.99,746.34,211.19,355.35,973.84,126.51,865.55,844.97,767.81,84.72,365.04,894.74,643.26,183.58,207.85,627.85,330.44,597.33,386.24,925.26,98.63,280.83,674.98,336.29,873.56,149.03,515.92,179.2,650.33,686.21,282.97,30.12,674.01,916.38,785.55,582.4,596.97,694.81,720.88,933.57,90.56,720.42,44.92,707.32,54.74,295.01,-1,56,831.66,382.84,422.83,713.37,516.6,276.88,832.71,193.35,722.92,243.4,597.77,128.75,486.66,357.73,188.45,845.43,329.71,557.67,314.87,347.23,578.77,540.77,281.16,733.51,824.88,602.71,111.94,223.4,155.35,39.3,258.27,480.42,88.58,996.15,589.46,712.15,641.1,45.5,609.28,728.3,973.02,941.21,925.14,575,412.03,461.18,58.44,533.51
444.07,268.51,517.6,770.09,893.81,6.38,4.85,877.62,900.35,512.04,936.07,491.33,217.12,371.7,762.55,478.23,514.91,625.55,522.32,173.34,460.61,320.45,481.15,79.27,892.5,173.03,495.85,273,129.18,286.36,114.53,221.27,38.62,84.18,128.04,391.06,43.14,89.14,243.15,896.09,396.48,680.39,566.21,944,349,870.8,824.1,887.35,522.57,579.12,230.36,-1,100.41,673.24,430.02,450.01,952.76,784.26,930.92,665.74,281.42,64.34,292.53,187.28,114.23,994.06,281.84,368.64,461.12,648.43,337.24,260.11,304.08,986.04,35.7,233.56,255.66,972.8,209.09,851.87,587.23,830.79,976.41,451.56,438.91,859.04,161.97,136.94,895.24,367.79,383.86,388.39,282.2,357.83,966.07,384.68,771.24,244.07,662.37,487.26
367.19,966.42,381.56,80.2,211.9,812.38,278.71,30.08,39.29,678.96,637.44,828.99,84.42,380.13,331.2,376.55,702.26,306.79,817.63,802.98,957.69,829.13,805.7,333.12,605.71,753.06,323.36,251.37,781.17,738.65,447.54,602.09,5.19,201.92,272.49,755.84,464.35,676.73,750.1,723.76,440.18,373.3,842.66,769.16,696.46,955.76,250.66,119.89,33.78,973.46,578.41,969.84,-1,303.91,222.8,59.65,910.72,38.51,420.47,980.93,828.11,537.13,719.06,975.99,476.63,422.9,250.83,716.25,447.04,119.93,648.56,756.67,47.98,59.31,469.79,48.59,819.21,573.91,563.33,234.42,620.96,532.88,875.65,782.63,394.2,96.69,113.27,354.66,859.37,211.41,391.7,555.39,76.1,999.93,139.34,134.48,571.79,538.56,405.14,291.51
481.14,786.11,126.6,387.09,790.41,806.34,646.99,295.11,997.55,808.22,798.02,914.95,364.86,513.95,144.87,651.8,294.97,351.15,11.5,462.42,751.8,434.87,67.02,214.92,714.97,870.03,651.08,793.41,835.6,509.83,780.56,455.99,322.23,505.87,557.54,431.17,933.09,873.82,548.47,281.63,718.02,146.21,154.12,597.17,825.79,148.38,380.26,652.88,644.44,39.39,627.19,159.66,908.14,-1,266.7,450.26,337.31,961.4,810.1,676.82,724.21,298.57,507.51,643.5,28.78,332.74,439.97,618.11,963.77,514.3,981.69,647.56,393.47,365.61,881.64,538.71,326.15,392.34,281.07,645.21,292.74,263.03,346.81,540.22,241.95,555.18,93.7,521.86,474.01,87.31,202.1,215.55,753.27,486.29,894.6,170.49,810.24,90.3,792.29,43.51
194.74,554.72,771.01,73.56,991.51,570.01,184.26,487.45,35.46,945.82,190.8,63.14,152.9,643.39,74.83,16.2,859.17,24.48,706.96,871.18,604.46,108.89,763.56,158.22,942.69,11.56,698.85,651.28,286.2,232.38,696.84,874.33,646.61,457.67,708.1,389.41,71.62,102.51,133.04,35.17,918.23,136.55,753.27,84.81,938.1,224.43,960.02,331.06,362.05,759.95,559.47,692.1,103.22,719.91,-1,536.89,823.87,592.43,704.92,812.64,365.31,595.31,526.52,869.75,598.66,7.39,131.08,195.64,272.68,791.75,722.39,99.75,169.12,903.51,383.25,693.14,934.8,169.16,683.26,971.7,69.49,390.67,167.66,256.08,922.68,723.85,523.52,145.57,182.42,666.04,409.07,613.32,201.13,535.51,813.25,305.98,348.13,70.77,506.04,253.64
941.82,620.01,224.43,87.74,113.44,684.78,821.95,132.71,949.74,283.35,941.71,321.37,485.96,930.17,910.09,511.92,296.01,112.91,108.19,464.28,174.26,320.15,5.85,105.43,644.98,110.7,462.66,721.95,286.38,825.52,593.01,694.2,912.61,309.16,298.63,994.46,81.43,545.03,517.96,113.49,451.45,800.59,482.3,819,231.44,629.69,525.69,378.97,138.91,240.75,312.29,364.28,880.39,29.99,918.52,-1,354.47,285.02,499.88,884.52,561.79,847.79,172.01,555.69,747.92,548.42,92.3,374.02,802.06,757.92,250.12,65.12,144.93,126.61,656,715.61,700.4,240.08,187.37,921.24,417.09,569.75,364.46,329.04,507.4,929.54,841.01,596.28,643.91,483.77,163.9,409.63,68.74,149.73,535.33,809.96,685.55,254.41,217.6,50.15
0.54,991.84,416.23,418.64,125.67,520.38,481.88,383.55,956.03,386.68,433.23,839.81,176.18,806.8,224.24,608.85,217.23,217.41,42.17,662.46,562.04,231.86,918.03,16.33,512.97,270.32,934.83,355.57,786.94,773.59,202.15,400.21,196.09,169.55,739.22,194.3,218.69,130.75,641.09,705.72,711.34,254.68,175.57,977.23,466.47,31.04,279.8,593.5,189.55,437.18,162.35,763.6,799.81,189.03,784.05,588.42,-1,708.93,80.42,385.5,247.59,603.8,819.8,295.82,227.94,949.23,525.96,988.91,556.76,850.83,348.69,83.1,928.93,140.86,894.47,494.02,242.48,334.39,49.57,981.5,483.27,155.58,160.77,425.98,751.01,324.89,422.25,140.93,680.44,794.14,358.11,292.88,856.35,541.27,970.5,371.99,694.97,792.45,489.81,507.33
695.85,731.1,532.65,356.49,179.96,61.05,657.31,211.21,220.67,898.78,63.52,688.74,930,111.61,496.03,997.78,105.28,240.78,872.25,353.1,804.51,748.11,313.27,683.37,236.16,105.68,663.91,605.83,50.93,489.02,427.43,725.55,441.5,780.91,427.31,397.15,914.99,801.68,431.93,26.43,647.46,358.56,11.99,537.74,210.96,527.68,649.19,517.25,863.21,395.8,468.13,375.26,701.8,761.02,726.84,671.91,28.95,-1,461.87,740.02,77.85,127.9,990.56,718.43,916.53,365.78,657,350.88,362.4,656.76,829.43,70.34,26.97,57.88,502.1,60.9,781.71,519.27,86.27,836.46,796.57,362.41,329.14,908.51,802.32,262.16,524.31,751.23,808.35,994.03,538.85,193.61,413.25,351.87,400.85,967.29,253.45,243.37,124.42,586.04
121.46,50.69,117.02,837.99,107.96,592.57,679.74,987.68,199.18,564.02,918.68,223.25,840.14,262.01,233.85,885.03,314.18,372.67,811.71,603.19,741.14,927.93,193.65,605.64,25.2,343.74,201.52,342.55,846.67,165.36,884.66,126.02,267.19,261.65,274.45,250.02,944.45,37.5,843.88,235.73,104.13,367.75,576.89,735.21,941.22,755.8,63.98,343.48,130.47,73.16,101.78,957.48,404.66,127.55,568.27,752.01,186.04,235.4,-1,242.65,217.98,326.76,780.68,542.25,205.7,869.16,807.09,596.55,181.98,600.9,697.17,870.06,223.7,289.35,807.42,349.62,184.19,230.47,552.43,657.07,838.4,169.57,752.37,707.8,277,914.58,188.79,851.66,89.21,300.38,727.82,589.52,539.27,194.23,260.18,106.34,601.86,553.85,722.38,616.46
509.97,427.11,401.47,656.75,645.82,339.62,87.78,238.01,857.26,825,634.79,288.54,119.34,879.57,113.51,588.71,56.25,868.43,40.43,497.96,541.39,225.59,976.56,660.61,471.97,997.88,181.14,787.15,369.76,651.35,575.43,488.44,144.53,781.66,220.1,269.18,105.01,142.41,455.89,229.74,961.93,777.81,638.88,155.04,205.88,741.37,677.28,69.86,624.01,543.69,326.86,841.95,987.51,67.14,904.97,972.97,596.07,791.89,184.07,-1,469.4,299.25,412.57,297.79,262.97,89.77,161.82,911.82,281.25,903.09,906.19,10.85,15.48,697.89,187.52,475.89,768.89,298.45,578.34,678.41,549.71,735.94,563.96,202.75,312.78,288.24,34.1,686.84,6.07,620.16,876.7,408.62,678.68,262.99,459.32,367.14,403.25,565.96,930.61,105.49
830.17,10.84,821.87,442.26,569.9,392.31,548.9,808.58,633.31,601.43,391.36,552.81,148.77,743.19,538.82,11.98,614.42,380.24,159.82,122.74,725.65,8.77,544.25,847.25,671.32,148.75,973.71,549.45,605.46,72.35,55.6,548.9,726.62,410.63,43.18,357.69,910,921.97,692.74,528.58,194.45,81.7,70.2,145.2,376.92,304.19,102.51,549.82,26.36,691.96,996.4,501.8,543.98,667.19,882.22,696.86,750.42,16.62,44.91,767.8,-1,94.11,79.44,599.75,381.65,835.77,5.3,574.97,127.75,239.68,112.96,603.21,904.88,263.2,748.36,669.1,238.8,925.19,994.28,995.91,119.95,58.37,971.09,196.39,768.81,192.02,348.25,97.88,354.84,972.25,485.58,499.11,106.95,552.07,597.73,789.1,798.45,958.11,679.54,417.53
248.24,448.17,620.52,997.22,841.47,901.63,337.37,60.45,323.1,283.13,99.96,893.54,885.77,47.74,739.35,892.93,537,183.32,93.29,294.73,413.96,609.53,544.07,324.55,830.06,494.83,434.99,285.47,494.95,415.93,956.49,37.84,271.67,278.5,219.07,934.85,327.47,734.32,542.88,749.22,127.03,776.27,754,946.01,727.06,673,840.27,765.87,796.65,25.9,748.35,541.48,14.82,712.45,285.95,401.87,555.04,507.49,544.69,161.61,937.68,-1,992.93,201.66,162.6,154.23,395.64,821.66,86.82,598.4,389.83,46.81,859.9,932.41,18.33,227.21,286.1,31.52,140.23,705.14,359.39,292.39,252.51,781.23,56.9,791.96,599.4,717.58,865.06,385.8,315.06,323.89,677.01,203.84,433.08,527.33,640.83,5.69,934.14,349.48
13.64,479.97,631.75,492.42,157.91,810.06,676.1,369.15,757.23,307.61,725.44,533.62,861.03,123.7,102.88,855.45,336.91,983.13,838.74,605.28,832.07,997.69,426.03,794.1,632.8,375.2,548.64,957.47,770.9,759.55,926.98,959.81,501.51,183.85,662.77,96.18,457.67,586.85,689.36,12.99,865.37,135.44,356.84,554.1,850.94,677.28,888.56,821.71,623.36,295.79,280.74,900.86,990.3,138.63,303.46,954.07,792.71,368.02,637.46,208.41,330.99,768.66,-1,481.23,133.74,73.55,126.97,390.18,484.37,159.91,106.16,663.16,369.23,523.34,645.85,290.86,145.81,378.52,550.53,810.59,945.57,251.28,8.45,444.98,224.15,648.09,183.8,621.82,408.95,422.65,790.94,722.23,384.01,871.97,830.87,230.93,472.74,519.77,925.71,174.94
754.41,933.82,212.79,960.57,27.52,223.03,837.95,181.61,796.07,904.81,972.5,781.21,745.72,874.5,939.56,1.53,708.52,407.83,721.3,221.38,494.26,330.86,453.43,245.98,71.03,595.93,215.14,237.88,510.96,633.05,106.13,848.14,956.41,480.22,543.66,337.77,249.11,115.63,445.97,872.7,627.65,519.82,657.46,622.76,453.76,417.04,187.11,636.01,335.08,842.12,869.06,583.12,478.7,172.74,747.7,601.66,494.07,640.08,277.56,244.53,174.04,8.71,923.71,-1,38.97,507.68,200.54,618.83,848.16,331.2,677.43,759.57,368.78,24.89,712.4,54.07,503.67,478.24,328.42,853.73,225.74,450.09,722.88,300.19,987.77,121.88,450.21,737.96,315.68,986.97,192.92,341.57,606.98,997.86,764.95,783.71,561.82,790.39,924.73,813.01
113.46,340,579.24,36.44,900.01,45.87,691.61,177.4,144.99,86.32,855.13,677.16,166.01,44.56,940.06,676.75,540.03,307.17,389.08,592.01,739.41,351.25,605.58,599.95,168.69,240.27,761.93,295.49,631.35,21.27,951.24,861.74,929.27,896.57,963.62,866.89,979.31,828.96,920.28,561.79,839.81,773,874.99,475.31,945.58,62.32,665.82,132.58,96.81,784.08,113.44,824.29,431.42,376.89,424.17,741.95,570.51,998.81,158.84,845.47,916.44,486.53,417.47,802.05,-1,700.38,912.54,468.96,512.47,872.02,467.9,188.94,874.97,462.49,662.99,442.33,419.05,146.05,125.61,490.33,664.05,267.34,577.16,581.32,711.26,507.38,393.86,949.13,907.23,594.01,168.32,475.62,595.88,852.11,152.34,135.1,664.3,652.48,732.13,415.71
738.76,169.19,222.98,775.1,451.57,915.37,772.35,605.1,559.65,925.15,191.93,24.03,852.31,253.94,810.24,559.51,845.61,389.44,140.14,841.41,741.36,681.27,627.31,11.84,14.02,622.67,463.44,710.09,505.66,582.28,192.14,237.53,51.15,692.48,100.14,725.7,484.53,476.03,141.77,531.97,244.74,799.06,218.96,683.78,120.44,993.26,371.2,753.94,367.42,351.78,711.94,352.8,792.11,820.69,450.39,858.75,504.93,179.41,592.29,249.22,59.54,51.87,954.3,654.47,171.89,-1,770.24,11.7,871.37,661.75,524.61,318.97,126.05,71.96,375.65,720.91,391.7,544.82,551.45,165.55,81.58,487.8,259.68,913.53,914.44,573.64,178.02,749.84,957.56,980.59,411.23,662.22,793.11,855.76,131.53,274.89,621.24,940.84,408.91,733.3
902.8,278.51,342.91,549.11,642.03,160.83,826.42,194.04,972.01,711.8,578.96,818.6,82.03,792.47,863.44,372.9,894.51,606.27,585.08,624.96,870.04,731.55,198.76,901.25,21.83,692.03,186.75,290.75,108.4,48.6,8.19,889.97,299.49,416.15,952.57,714.32,698.69,895.64,662.73,135.48,25.71,912.38,614.09,212.88,828.25,996.6,581.41,986.61,472.57,133.81,85.84,708.16,386.4,155.8,917.61,184.22,484.15,840.62,34.96,12.05,820.48,959.02,990.6,378.24,701.6,913.26,-1,727.54,843.13,319.21,654.97,149.43,991.82,767.49,581.08,318.45,298.39,354,66.69,750.1,876.82,580.66,947.45,12.41,998.42,388.33,99.74,316.89,687.45,215.55,936.17,861.36,975.11,236.46,799.53,42.56,994.19,567.68,654.09,96.56
541.33,479.86,388.62,95.93,532.78,280.27,820.37,614.98,854.6,769.44,273.11,78.93,94.6,104.04,119.68,630.5,861.31,75.38,589.59,581.97,941.02,929.96,246.63,193.18,842.57,994.32,18.04,744.4,741.1,989.26,421.92,743.94,435.18,211.29,841.18,184.66,358.49,346.56,763.85,464.98,219.37,463.67,276.81,753.39,160.98,455.73,595.2,440.7,67.61,65.53,343.46,678.9,1.82,49.41,687.8,86.62,76.65,839.47,119.47,821.27,934.14,43.52,893.36,82.35,985.31,443.42,968.38,-1,918.68,804.4,225.87,975.12,108,415.23,173.61,463.59,282.63,413.49,451.39,164.07,292.11,391.59,642.45,887.13,127.44,739.83,248.6,67.39,109.35,540.99,481.77,916.49,615.77,950.19,486.05,632.76,212.09,994.52,111.93,646.54
239.21,115.83,578.56,735.41,1.6,714.27,500.53,806.54,882.27,669.68,5.79,673.29,900.23,656.12,664.57,53.01,51.84,582.62,203.3,696.21,92.88,38.62,122.86,615.47,139.6,181.29,863.88,908.89,964.92,980.4,765.37,559.06,477.3,425.7,139.66,784.3,910.38,672.51,386.68,589.23,622.82,656.75,691.35,626.87,119.42,997.09,312.9,118.69,160.59,805.43,585.9,921.92,852.12,662.88,969.68,912.11,998.51,929.24,613.19,342.32,260.56,806.24,865.47,752.02,218.65,405,95.39,363.72,-1,882.51,38.43,747.76,633.32,351.86,758.25,642.89,288.72,692.82,495.15,487.36,484.11,800.27,512.31,378.63,87.84,793.37,137.88,524.02,786.8,855.44,670.19,409.84,825.52,232.91,988.05,679.44,852.77,76.57,446.22,488.98
923.84,279.78,141.04,467.99,448.97,5.74,944.73,718.18,18.9,505.58,829.1,310.04,75.72,638.45,376.88,542.35,928.25,835.98,953.07,902.82,540.66,863.82,118.63,294.13,786.74,584.53,693.98,804.35,155.72,521.36,390.25,686.24,689.11,30.45,851.23,763.94,774.31,827.09,803.98,723.87,92.36,65.59,790.07,505.04,12.49,362.24,423.7,125.12,466,562.94,991.71,783.53,802.24,166.46,170.32,91.14,513.44,131.21,748.8,848.97,626.04,797.3,49.01,70.26,55.04,18.1,559.86,781.68,510.64,-1,877.78,279.92,136.47,676.54,526.68,518.97,665.91,656.78,751.77,403.03,240.1,825.92,152.19,329.49,996.54,483.32,123.67,845.22,651.97,675.12,663.47,629.52,199.31,333.65,245.09,167.4,155.63,554.92,761.63,720.94
270.55,124.72,726.88,377.02,588.17,50.53,446.58,442.25,21.36,608.64,97.69,401.56,509.71,574.31,251.91,375.51,755.49,351.99,337.28,363.33,268.78,553.58,174.31,3.22,864.54,839.84,260.03,444.26,110.99,858.31,897.74,336.31,462.26,2.47,497.49,699,330.51,165.63,810.14,121.88,36.55,651.82,369.27,698.61,377.66,494.83,916.18,233.68,126.37,768.01,12.48,801.52,15.77,993.04,573.05,620.34,301.79,713.91,300.97,337.47,845.25,885.57,467.72,380.99,464.34,542.3,477.39,436.61,912.63,879.1,-1,457.91,849.13,868.1,211.15,413.35,852.38,513.63,149.75,157.95,828.12,255.32,124.99,729.2,920.22,691.08,941.88,129.44,719.09,588.25,201.41,732.53,517.42,278.12,482.37,674.66,319.35,122.24,560.74,234.98
57.59,234.71,224.25,38.86,546.65,122.28,179.11,733.04,297.71,22.87,66.46,583.65,829.76,93.31,103.5,944.07,306.1,131.47,713.15,770.22,217.97,257.83,785.84,319.42,300.23,374.14,215.83,308.17,773.39,335.77,393.81,841.59,240.85,815.86,769,973.96,225.98,194.73,613.26,942.79,42.69,142.92,154.19,69.77,982.98,324.36,874.48,102.95,304.77,29.57,374.61,721.38,327.72,979.47,323.08,658.8,360.76,481.28,655.57,493.5,494.38,215.53,498.54,584.28,288.6,707.55,815.09,837.22,132.18,640.27,977.26,-1,349.34,226.49,762.9,28.33,169.28,837.17,579.42,662.52,718.26,776.23,211.02,71.07,684.1,29.58,757.64,363.55,535.11,917.13,1.66,282.19,743.68,601.64,354.63,750.45,77.69,370.94,608.83,465.04
235.29,723.36,742.99,134.1,796.13,655.5,904.07,711.12,77.34,418.64,561.05,386.36,670.8,625.39,648.26,259.98,817.18,913.98,77.45,169.74,780.96,403.31,991.96,617.63,45.47,303.09,631.5,781.34,450.6,248.11,802.43,185.34,447.24,331.11,971.07,163.23,890.15,55.9,535.13,405.17,248.2,461.73,922.7,301.89,224.71,502.94,723.59,376.8,867.12,108.48,434.13,788.57,411.58,622.17,37.97,704.45,251.76,147.86,337.63,108.13,198.05,82.77,438.2,711.58,70.5,976.6,429.59,483.15,356.69,748.88,901.36,389.37,-1,674.66,843.43,197.59,125.37,456.75,588.28,60.29,66.93,553.18,116.68,546,579.77,676.64,38.09,368.58,246.91,657.42,101.27,686.59,774.95,285.6,147.3,744.59,638.54,478.7,21.72,587.23
695.43,931.7,687.94,353.54,439.64,280.22,909.37,779.5,183.85,710.69,747.37,360.81,940.67,94.2,203.88,13.01,198.22,634.08,16.22,591.55,181,49.38,556.24,967.1,567.55,341.39,360.25,426.19,17.92,157.15,594.65,862.32,218.9,515.87,106.76,267.69,769.46,521.43,303.11,298.35,381.36,136,86.6,173.82,818.92,225.78,570.93,52.59,468.37,998,69.53,518.03,902.33,432.75,749.36,583.23,602.8,841.27,215.41,743.14,418.08,325.46,0.54,825.76,807.55,725.62,11.19,760.76,495.76,682.82,620.29,853.05,517.12,-1,535.56,409.25,793.59,404.93,650.67,910.46,652.67,202.33,301.95,960.1,915.61,601.22,93.34,975.2,849.61,721.36,805.87,9.79,751.21,682.63,477.55,288.79,923.88,271.98,344.26,901.5
766.48,458.52,924.93,691.74,766.63,521.63,202.49,93.36,272.13,716.52,336.98,786.2,430.02,570.39,494.47,117.85,878.25,523.07,700.49,260.12,250.37,313.58,459.54,766.51,917.12,388.91,797.73,903.93,143.01,22.77,444.69,338.79,163.59,171.05,889.41,248.82,770.9,985.2,985.08,42.68,38.03,471.64,129.71,278.74,816.16,72.93,330.42,630.4,659.47,791.07,612.38,537.29,879.37,261.69,450.76,690.75,370.57,451.47,837.38,834.84,630.13,667.95,287.09,978.19,748.78,651.8,936.06,535.99,600.31,114.12,120.08,819.76,684.78,8.39,-1,232.83,10.76,742.15,593.91,523.47,190.32,385.52,884.98,389.51,778.48,477.1,609.09,355.78,760.69,438.82,391.07,452.29,252.61,623.49,15.55,570.5,873.62,903.73,433.39,325.61
17.2,785.8,751.48,897.54,908.75,793.5,111.68,874.04,986.26,42.25,729,236.84,114.81,247.88,189.08,880.42,799,717.42,991.48,545.37,817.93,363.74,798.62,375.18,880.43,493.44,784.71,464.35,763.13,114.44,680.38,641.66,947.62,186.21,582.01,716.74,710.94,839.81,650.35,619.38,789.15,888.67,154.77,865.8,106.1,228.29,276.31,49.16,264.27,403.67,12.74,909.41,457.42,945.95,586.66,587.02,276.95,931.72,688.66,637.93,57.5,464.23,826.82,92.9,612.2,966.72,200.26,23.76,277.04,937.48,624.48,290.71,824.84,545.17,317.49,-1,411.43,55.28,525.37,197.89,173.59,183.19,239.43,88.19,677.45,789.65,174.97,420.42,966.47,744.86,607.75,193.09,885.4,985.41,319.93,145.39,910.47,908.93,177.53,67.06
527.52,986.97,69.88,903.45,476.04,496.35,281.87,244.02,438.09,552.97,950.07,802.98,458.43,319.35,310.43,436.15,322.65,471.94,977.4,132.54,518.71,70.7,818.08,809.78,867.68,638.75,104.87,503.55,743.71,166.42,675.2,124.63,665.2,366.78,132.82,602.9,109.84,99.03,814.5,530.82,127.99,392.56,291.05,445.39,11.43,790.16,54.2,289.72,132.19,559.01,702.71,245.54,258.2,722.3,284.09,974.77,760.15,418.05,106.1,240.99,316.16,843.31,110.59,946.72,45.52,539.82,196.03,123.99,422.75,70.32,597.52,295.87,557.93,1.79,909.33,291.97,-1,430.45,51.91,609.61,562.78,633.95,525.84,647.5,420.67,567.65,372.52,137.1,621.54,243.89,273.77,115.7,85.84,863.99,887.77,267.44,885,607.31,630.4,241.79
700.7,240.97,460.14,490.55,217.18,641.82,673.81,932.16,520.28,817.13,595.83,255.66,757.61,791.04,839.94,488.49,304.36,823.57,183.24,168.41,186.51,511.3,258.49,677.44,632.15,173.91,733.69,32.96,6.09,283.48,270.44,831.19,206.71,20.65,927.08,979.67,147.28,940.21,617.65,536.38,840.57,126.04,811.99,656.03,612.73,849.06,690,603.43,576.44,119.32,73.44,279.39,757.91,94.53,966.7,6.56,551.56,335.39,718.04,542.1,581.61,779.98,131.91,171.17,918.39,300.67,461.2,710.79,989.64,78.93,515.04,302.07,566.06,282.53,107.5,980.76,424.31,-1,618.73,840.39,992.79,358.77,848.26,67.68,774.96,64.63,230.43,278.93,88.72,995.21,716.43,121.53,792.12,344.67,74.61,480.15,316.17,883.33,806.37,796.08
169.13,840.93,490.06,418.58,356.08,585.09,376.63,711.47,13.92,66.23,872.32,261.45,82.97,21.62,308.59,718.86,644.1,987.71,355.65,0.17,916.48,984.53,652.89,386.64,693.99,976.58,714.57,60.61,61.55,687.3,733.92,697.6,92.22,61.92,698.25,684.33,605.24,837.62,256.46,712.18,598.04,622.84,375.09,774.23,168.92,540.73,99.07,324.53,368.34,586.15,305.17,441.88,144.33,228.93,755.28,907.94,663.49,736.49,351.07,568.8,76.96,100.05,172.15,385.47,965.46,773.89,495.1,897.85,983.27,844.31,356.67,281.91,242.87,451.13,7.96,82.27,51.29,504.63,-1,439.8,552.16,427.88,535.63,317.31,407.79,708.98,303.19,261.89,248.57,326.76,520.49,725.61,19.08,664.48,833.95,76.48,521.06,941.58,160.19,74.73
668.47,949.25,437.26,250.88,796.51,688.8,99.24,273.62,99.71,245.67,314.81,695.78,143.5,30.08,999.88,133.65,630.93,631.39,396.92,503.13,276.78,74.85,949.98,921.27,653.2,143.23,467.85,475.16,106.76,522.82,125.13,745.67,170.18,162.96,811.37,238.96,971.01,433.82,901,472.27,229.78,815.38,924.85,701.69,503.02,165.22,148.97,85.21,605.33,433.31,908.75,471.96,361.31,526.78,216.7,920.73,945.64,86.3,654.37,83.65,896.95,382.94,287.27,943.66,515.05,139.87,893.54,74.13,951.94,755,792.06,456.43,727.01,528.64,563.01,660.2,985.41,687.63,852.05,-1,411.06,634.45,594.48,763.11,665.18,663.95,139.64,176.51,883.71,184.03,58.88,755.44,170.66,851,920.22,485.49,225.39,279.79,542.23,250.38
519.68,105.15,125.88,711.27,751.85,776.26,674.55,106.93,58.81,544.86,417.14,250.22,678.57,623.69,848.71,182.33,452.03,797.44,558.61,619.23,163.35,576.88,615.27,449.18,256.67,794.42,874.98,560.2,293.41,780.35,107.88,959.22,603.02,328.7,683.99,420.76,478.77,859.63,343.23,151.91,994.04,450.3,770.9,470.89,337.5,382.95,953.1,663.5,148.07,292.47,715.93,745.32,957.52,131.32,715.91,131.47,335.95,40.81,969.77,579.77,814.68,618.85,278.56,560.34,792.89,496.7,583.07,367.27,708.93,278.33,63.85,223.06,369.78,111.39,409.34,110.58,252.14,460.07,888.43,358.27,-1,816.13,650.91,98.49,116.41,999.5,463.67,803.92,519.72,651.87,6.63,490.81,755.58,583.31,579.6,977.75,61.22,163.18,30.23,866.12
33.88,321.26,119.17,650.65,285.5,135.09,772.3,307.71,320.5,270.74,46.87,7.15,458.27,724.11,230.2,92.95,638.9,331.73,975.35,253.02,980.11,326.79,456.82,779.87,552.21,516.98,978.96,835.85,250.84,581.2,529.52,293.22,193.55,676.72,229.88,138.51,864.76,17.41,67.7,499.64,420.47,204.1,694.15,348.9,219.5,209.13,901.29,771.37,478.14,996.95,417.31,209.89,537.96,21.86,441.46,348.98,424.91,648.21,18.27,622.4,368.84,787.13,170.47,875.95,743.8,840.38,467.74,654.15,744.07,641.68,10.14,596.98,442.76,405.17,669.57,782.52,953.15,919.22,942.66,501.62,593.05,-1,797.79,489.24,368.9,295.11,709.34,287.6,127.76,205.09,537.84,911.95,696.25,841.39,517.86,601.59,999.92,553.22,892.75,672.67
800.57,918.12,362.51,567.2,138.47,808.54,83.46,909.28,402.66,319.3,92.44,896.65,652.03,156.37,62.43,575.61,318.05,835.57,579.3,840.52,660.8,905.03,648.67,424.45,400.82,932.1,783.42,954.7,162.67,463.61,530.19,162.99,770.69,552.27,74.93,640.68,385.09,901.07,588.46,686.4,514.19,491.32,350.92,72.05,811.08,793.98,432.82,45.67,795.13,96.99,791.77,867.33,228.68,524.51,179.26,757.27,354.18,753.4,73.15,476.11,589.41,943.23,864.1,122.71,434.84,875.43,85.16,612.64,358.94,239.56,613.86,159.55,531.49,80.58,878.89,228.05,431.48,412.58,53.48,312.85,124.14,442.66,-1,299.26,86.13,164.28,39.99,307.03,810.14,139.19,530.86,624.78,683.33,140.3,696.28,801.01,889.33,836.68,55.26,994.18
339.42,167.03,417.91,88.08,872.57,15.47,395.67,568.27,801.23,670.65,393.54,282.74,462.4,375.18,647.39,38.12,202.21,852.62,459.89,997.7,768.74,303.89,227.92,387.69,250.54,349.24,648.32,37.1,352.28,812.64,412.35,490.84,378.66,657.25,87.65,869.47,18.18,929.46,335.09,36.32,540.28,567.55,237.35,339.12,84.53,284.48,304.15,182.23,934.86,21.94,441.16,124.79,213.2,97.83,329.89,323.44,264.22,964.05,460.05,104.5,873.56,16.06,349.88,90.17,221.21,667.15,624.5,111.45,384.49,778.72,166.94,416.49,931.39,276.04,789.56,556.49,188.35,825.78,978.04,580.01,817.15,130.61,645.18,-1,574.07,342.15,279.3,708.97,895.38,966.1,217.68,81.65,268.06,956.49,823.88,796.86,260.18,44.51,447.32,70.61
298.87,747.31,909.91,39.64,231.41,924.78,909.32,232.07,754.36,465.49,670.53,622.47,629.02,493.74,188.86,288.45,134.67,333.86,431.46,649.89,955.27,892.3,215.61,356.76,599.3,603.59,493.52,529.29,755.41,782.72,8.87,569.22,211.07,171.39,326.3,907.22,838.92,30.74,41.78,462.89,86.6,256.4,921.82,711.86,120.28,499.44,301.33,497.1,584.13,157.4,30.33,321.7,760.3,725.26,736.86,394.42,465.03,605.75,182.35,113.77,346.24,725.13,146.7,822.01,85.99,264.94,266.08,928.34,445.97,24.27,453.18,492.26,561.42,746.02,757.91,717.37,450.9,259.82,477.72,15.77,867.87,391.37,907.99,14.49,-1,763.19,727.42,465.12,441.34,261.82,108.92,423.45,224.61,564.59,590.07,450.12,67.21,706.29,796.95,431.07
891.08,528.31,632.42,22.71,933.57,438.05,130.54,891.95,173.16,397.53,206.28,451.68,328.64,228.52,222.85,162.59,137.97,876.42,843.06,479.23,46.75,818.06,53.09,303.5,133.87,134.28,918.37,553.37,745.55,455.4,277.51,102.95,460.05,981.23,16.25,335.15,375.98,596.34,724.64,97.58,276.21,303.28,794.01,240.56,34.96,400.08,498.49,631.7,839.65,292.45,142.28,762.95,809,824.09,784.67,315.17,386.36,243.65,276.89,231.64,890.33,694.01,582.1,178.18,790.52,271.86,120.87,713.52,136.73,788.09,419.27,815.92,771.88,81.18,984.36,679.92,731.46,473.94,866.12,747.65,410.98,161.92,599.89,24.47,932.71,-1,599.83,177.49,379.09,284.78,498.48,251.83,598.7,233.08,737.09,452.41,333.1,651.02,527.04,838.21
721.25,127.77,640.57,912.05,41.12,108.98,99.98,694.05,622.65,686.76,752.52,567.57,542.9,3.95,387.09,43.85,906.92,576.15,556.05,898.69,215.89,6.12,521.22,523.41,245.77,425.4,514.71,337.37,53.83,681.71,59.22,744.08,191.11,40.88,205.45,889.46,201.89,406.24,196.56,359.02,580.39,776.7,679.04,830.32,234.49,442.15,333.65,306.46,773.21,453.49,409.5,693.61,638.99,766.86,600.62,713.09,202.63,74.53,502.62,867.79,688.23,350.2,434.26,458.56,136.95,838.39,615.88,671.31,737.97,685.37,363.11,188.06,100.43,779.27,218.42,652.38,523.3,164.83,210.47,433.44,450.74,835.39,117.5,263.09,202.54,700,-1,305.04,547.32,337.87,669.86,84.05,432.19,391.54,69.31,414.63,237.41,539.56,264.02,245.61
58.78,715.96,580.25,3.23,85.34,932.89,600.77,904.9,532.1,647.21,624.21,896.56,78.5,168.96,121.92,691.02,751.77,494.73,61.43,162.71,299.96,143.04,776,794.56,753.77,722.94,280.23,499.53,83.91,624.45,39.7,42.54,185.41,212.07,289.28,502.38,111.31,389.8,733.32,510.44,695.43,912.49,58.18,538.06,357.56,965.64,53.33,372.4,417.57,413.81,687.35,538.16,109.27,503.74,352.61,736.68,378.9,886.54,595.62,917.09,475.4,310.26,627.72,613.21,478.78,513.73,547.47,527.8,8.04,721.52,342.2,565.51,303.94,615.68,365.82,748.4,56.12,178.78,652.3,894.27,318.49,775.84,968,167.76,878.88,453.95,793.19,-1,439,277.94,69.15,729.73,735.07,722.49,156.18,812.87,498.4,399.44,554.04,162.94
397.72,143.42,742.25,759.71,663.28,232.16,668.64,48.17,426.87,983.52,697.46,135.93,944.46,225.92,621.27,788.85,444,204.21,699.15,694.85,469.27,928.04,127.93,804.02,678.79,71.94,959.88,677.47,951.21,335.14,319.23,974.18,933.97,777.33,591.02,874.79,24.34,871.81,301.87,231.93,482.01,749.56,334.04,506.95,167.17,426.53,73.89,553.25,232.35,137.37,799.65,15.5,549.46,692.97,413.57,390.06,857.9,613.45,661.23,788.92,658.72,589.85,556.5,819.68,993.22,831.64,373.27,642.45,510.98,280.75,510.72,519.38,219.82,946.08,368.62,654.61,394.12,661.03,335.64,323.26,251.82,757.45,19.17,586.45,315.78,947.76,708.95,784.29,-1,950.76,869.58,329.68,153.3,93.81,707.71,978.2,898.51,300.28,47.35,618.64
525.14,211.12,350.82,627.14,96.4,31.7,638.16,733.9,549.52,73.1,640.28,574.31,454.05,709.92,688.13,975.14,886.72,534.16,789.93,274.82,266.61,634.9,872.87,806.8,21.04,896.28,737.75,443.97,315.22,398.86,640.57,238.44,567.11,140.93,423.52,838.32,253.52,470.79,387.55,389.82,714.21,1,988.03,965.83,807.85,529.25,941.67,258.85,14.97,999.95,815.65,565.18,373.98,787.9,940.78,853.65,749.85,203.59,985.9,411.99,44.25,359.73,760.39,976.86,150.09,703.59,639.21,210.47,51.68,550.39,423.47,221.61,272.84,565.21,228.07,69.27,618.07,979.65,412.87,932.7,702.61,374.73,841.29,476.27,67.58,719.51,449.24,843.1,431.72,-1,201.01,399.44,561.81,720.81,800.36,267.88,109.94,193.65,321.74,868.2
721.19,758.15,239.02,548.95,124.29,693.78,649.01,732.23,888.53,261.1,99.27,662.8,490.76,121.42,559.59,118.03,191.35,662.58,980.97,989.62,610.8,718.5,39.2,134.7,725.82,776.44,554.46,169.81,143.19,632.82,997.48,794.83,783.02,691.65,742.61,550.77,809.89,169,360.33,599.44,147.45,103.62,130.75,46.66,809.24,978.09,998.28,897.64,502.27,793.16,923.43,503.9,416.59,700.7,817.97,330.7,178.86,80.42,368.71,186.93,167.9,472.62,895.92,384.35,629.55,537.66,822.97,458.89,450.92,322.89,1.3,470.08,996.36,874.42,823.88,981.02,487.45,14.41,950.1,469.75,530.05,217.95,37.36,568.38,511.73,848.9,747.08,548.64,661.04,289.49,-1,784.43,477.29,677.17,607.05,651.26,766.41,326.62,481.92,527.67
78.31,620.27,991.32,988.58,935.46,379.34,471.13,191.85,356,650.95,517.35,97.92,249.75,190.81,794.92,121.04,353.86,832.85,978.04,828.63,882.16,755.14,68.5,299.51,452.4,134.22,996.22,968.35,540.74,358.83,786.78,229.94,308.58,14.02,661.89,860.6,480.07,664.37,95.93,803.71,929.22,826.29,919.88,459.75,636.7,572.7,225.27,111.81,65.15,390.39,752.63,361.07,807.35,486.99,536,733.82,378.19,301.82,963.61,904.3,319.22,322.18,143.13,254.17,669.34,214.03,748.86,80.94,711.11,898.84,611.36,614.38,897.7,544.74,851.73,455.36,255.37,477.05,68.67,422.44,928.75,503.74,508.49,240.91,860.95,231.67,86.88,131.82,504.79,496.44,847.55,-1,204.39,725.62,881.4,925.91,692.01,557.25,106.99,749.19
194.98,506.72,295.78,176.53,46.68,614.49,731.7,17.19,726.32,499.68,405.93,31.04,140.24,400.79,321.18,305.84,379.24,773.06,737.7,404.97,606.7,512.3,623.4,653.84,819.79,675.61,637.78,71.27,23.88,275.58,902.59,263.42,864.79,2.49,180.09,280.74,245.98,807.51,146.05,987.92,669.28,86.62,270.98,199.08,271.71,137.09,101.06,869.91,53.17,879.12,589.19,790.1,321.19,969.39,61.49,907.84,184.07,691.47,337.79,310.45,48.53,454.64,955.7,580.04,330.15,713.16,682.77,975.52,398.93,935.52,63.79,125.98,699.28,727.62,737.14,999.55,815.47,285.95,444.44,507.62,354.61,574.62,284.78,806.29,108.54,416.54,801.65,611.47,373.95,753.91,898.3,19.16,-1,407.61,509.93,742.63,599.39,793.37,334.4,197.99
783.07,188.7,478.66,942.46,279.38,380.56,146.68,577.28,651.35,654.86,868.71,127.58,949.59,582.32,964.64,575.8,851.37,880.85,956.47,362.65,800.38,860.07,767.04,376.95,424.44,255.92,777.55,588.72,646.31,448.26,29.02,662.24,373.1,967.29,223.75,748.91,923.33,57.21,891.35,77.11,432.86,663.8,224.55,64.7,930.09,785.38,369.87,698.47,488.5,23.47,829.56,707.15,679.83,514.65,915.59,307.09,108.61,261.21,353.61,359.18,399.12,829.51,476.11,712.02,668.05,567.96,160.65,532.99,742.19,6.65,566.99,692.55,210.66,509.39,653.43,899.92,707.2,935.7,120.38,913.26,501.32,714.14,585.91,632.95,369.9,39.39,112.05,532.95,890.36,701.4,325.25,324.57,365.34,-1,250.72,856.25,686.48,472.87,212.57,765.61
710.67,381.43,508.4,620.63,92.29,759.81,113.11,215.63,774.56,889.13,679.72,223.12,184.17,113.5,924.05,248.79,294.08,426.37,921.23,984.56,997.3,824.35,627.46,58.24,318.5,986,753.49,634.47,265.35,695.18,16.62,940.33,847.74,737.83,904.17,766.11,919.93,969.31,639.32,31.56,35.16,329.84,302.26,136.58,273.34,473.09,311.64,919.57,50.29,461.51,464.84,57.57,227.58,602.33,403.59,949.86,390.65,315.95,687.26,769.94,422.69,662.14,428.62,733.38,314.27,238.97,110.07,174.55,238.2,267.37,966.58,698.04,791.59,549.49,271.84,231.99,230.06,414.18,30.96,967.19,11.41,464.94,875.92,144.89,364.73,939.05,817.71,391.35,302.98,239.84,971.89,921.81,915.27,380.89,-1,215.57,570.07,683.36,156.06,835.7
451.04,942.4,439.89,968.59,320.11,43.93,575.42,310.09,314.48,493.33,550.56,780.41,357.81,584.17,498.95,410.56,847.24,584.54,603.69,296.03,128.08,503.19,229.73,393.04,71.91,647.22,498.07,194.53,256.45,330.45,88.72,145.81,444.12,587.07,379.73,469.25,899.56,573.12,636.5,567.7,23.57,391.16,777.91,541.65,430.06,942.1,488.33,406.55,117.8,389.27,353.49,302.06,738.16,55.05,809.29,909.28,329.28,730.87,145.07,318.89,255.76,371.42,138.74,674.79,57.21,338.69,315.54,50.83,954.17,989.1,559.82,853.41,261.03,724.13,784.34,198.78,746.01,77.9,600.99,760.12,944.58,344.33,588.47,251.65,879.48,281.24,202.71,300.21,468.12,687.99,605.77,313.68,510.2,334.07,623.59,-1,435.97,109.92,124.48,530.5
445.65,859.05,494.04,367.54,740.59,173.8,778.55,753.63,8.57,457.75,865.68,156.01,273.31,888.95,591.42,468.84,54.77,139.91,254,860.77,428.35,644.73,115.68,318.41,763.11,783.87,167.78,350.83,769.98,386.18,893.47,901.01,431.38,305.66,727.87,438.6,938.69,843.17,396.25,279.45,277.57,92.77,881.07,79.3,739.92,617.89,18.51,160.09,346.06,830.41,800.96,522.54,966.94,86.31,526.1,885.92,113.14,212.04,24.01,155.51,992.73,592.65,19.8,705.57,955.62,661.33,424.82,21.27,457.37,292.89,970.8,605.15,452.24,393.13,670.66,188.26,400.3,488.83,777.45,612.22,987.08,702.99,446,346.59,491.05,405.5,466.42,459.9,88.56,212.89,315.45,225.44,26.07,573.64,737.23,472.46,-1,767.71,884.28,170.49
247.22,243.86,621.77,659.07,971.51,115.75,762.45,99.87,691.83,27.17,883.34,36.07,635.98,386.06,732.3,348.35,561.73,104.99,281.03,549.75,490.29,988.49,523.32,320.23,732.33,169.74,533.21,131.69,59.92,202.2,892.54,541.67,229.95,742.67,738.9,353.67,539.21,548.53,154.46,539.4,566.99,284.11,53.86,348.71,554.72,731.23,63.08,439.04,964.09,755.74,690.8,259.54,286.95,296.34,98.51,98.75,793.86,717.04,999.98,866.14,681.23,337.79,704.55,847.93,510.61,758.53,618.34,956.28,320.89,30.15,623.47,994.88,264.97,814.64,829.08,190.05,301.75,554.29,550.25,253.7,747.44,558.75,110.68,853.72,920.67,737.1,401.75,872,864.9,543.95,938.81,730.71,420.97,714.13,621.64,817.64,897.14,-1,805.52,662.58
625.69,52.05,728.64,650.36,245.7,492.83,220.82,783.26,481.9,871.02,664.41,279.28,299.56,611.04,324.4,456.89,929.18,478.37,833.25,702.31,950.44,448.65,135.75,905.98,343.82,326.92,476.94,611.51,791.3,821.83,692.74,866.19,721.27,986.64,476.17,599.09,848.23,607.93,661.47,490.73,966.75,80.98,949.17,197.92,438.28,158.17,978.01,663.45,856.4,553.63,620.97,8.87,329.49,718.6,245.7,581.64,726.31,483.69,465.29,462.41,460.4,152.01,730.47,753.52,207.82,896.56,255.33,295.86,953.14,888.64,593.08,33.23,617.11,966.84,607.39,813.52,233.98,356.2,334.21,860.89,816.92,659.74,561.76,179.5,231.57,963.67,120.96,429.75,700.77,235.79,824.26,763.06,367.74,532.27,173.71,336.36,80.29,824.37,-1,864.45
153.68,744.22,65.63,641.72,762.54,394.95,636.88,974.83,806.3,651,6.68,897.75,977.61,906.01,571.74,317.82,48.79,218.88,622,14.94,262,762.49,340.66,759.58,550.51,572.76,836.54,678.19,505.06,978,288.49,263.17,136.83,811.58,929.14,579.1,992.88,970.89,487.96,513.92,863.29,542.76,777.11,380.45,258.79,474.42,181.65,756.31,253.77,459.55,552.1,793.44,946.06,677.65,584.27,543.48,964.52,10.97,197.51,29.19,811.07,831.62,190.51,351.61,290.03,771.38,701.82,910.69,695.94,545.52,973.36,6.27,350.54,619.76,521.43,314.33,636.4,669.3,496.38,207.9,590.44,32.59,491.31,749.15,974.32,424.04,968.85,573.27,84.76,27.86,431.77,271.08,377.41,941.29,641.36,604.13,601,824.33,857.79,-1
