-1,3.41,3.71,9.75,8.68,6.77,0.88,4.54,7.89,9.08,4.59,1.7,0.61,5.93,4,9.07,0.12,0.21,0.6,0.45,9.21,9.12,4.8,1.68,1.85,8.51,3.57,2.86,7.3,1.35,9.19,0.3,5.13,0.36,6.29,8.09,6.05,1.07,4.71,4.88,0.64,6.6,1.48,5.91,9.33,5.75,4.24,8.44,2.08,8.73,9.4,9.77,2.5,2.39,1.12,4.07,3.26,5.24,9.89,8.05,4.03,7.57,1.95,2.86,7.14,4.6,3.33,9.39,7.36,5.48,2.15,8.01,9.67,5.65,1.86,7.63,9.27,3.98,7.24,4.66,1.44,7.56,9.26,2.57,3.4,2.89,8.61,3.84,3.82,1.95,9.82,1.46,4.43,7.74,0.73,4.07,2.35,8.92,3.17,2.45
2.8,-1,9.34,7.12,9.34,8.12,8.86,2.71,5.43,8.03,4.25,5.79,7.6,3.74,3.45,6.36,5.86,8.36,2.49,5.6,1.51,5.71,4.49,2.83,2.22,6.87,1.04,5.84,3.62,6.84,8.65,1.52,1.76,8.72,3.04,0.55,9.93,6.53,6.57,9.02,1.9,2.99,8.08,8.29,7.37,8.77,5.89,7.55,9.16,3.2,8.79,0.98,5.46,0.26,5.24,5.58,1.68,4.58,7.15,3.02,9.03,0.87,3.03,4.31,9.9,2.85,4.27,7.07,4.8,7.57,4.4,7.18,2.42,8.21,2.84,0.73,7.12,4.96,1.8,3.28,9.64,6.16,7.33,5.1,6.77,4.06,6.07,8.02,0.95,5.55,8.34,1.89,3.54,3.37,5.69,6.88,0.35,6.85,6.98,9.06
0.67,6.2,-1,3.39,7.64,4.19,9.41,0.51,5.17,1.33,7.82,7.93,1.3,1.14,1.26,3.79,1.98,3.42,1.22,9.88,3.88,2.28,3.43,9.22,3.19,5.75,2.59,0.59,3.62,8.53,5.84,8.12,9,5.25,6.74,4.63,6.63,5.67,2.26,1.58,1.99,1.31,3.96,8.28,5.42,3.67,9.78,2.79,9.63,1.53,5.41,1.64,9.54,2.53,6.31,4.64,9.75,4.22,5.68,4.24,1.95,4.65,3.98,8.95,1.84,2.37,8.69,4.48,8.36,6.13,6.41,1.18,1.76,5.63,1.09,4.1,1.31,9.53,8.03,7.01,4.48,9.36,3.31,5.87,3.08,7.74,1.53,4.21,0,1.61,9.78,3.5,3.91,8.5,6.24,6,6.64,0.37,1.68,2.45
5.86,1.27,0.42,-1,8.04,3.28,0.75,4.56,6.01,8.15,2.55,2.69,3.61,4.13,8.11,1.42,3.63,6,3.57,4.09,1.08,6.14,2.59,3.93,7.59,5.6,4.19,2.88,8.32,7.36,5.21,1.35,8.14,0.35,1.94,0.95,7.71,5.92,0.72,1.06,2.15,0.06,3.95,4.48,2.26,5.96,9.96,4.95,9.87,8.87,2.52,5.42,3.72,3.52,2.29,4.1,1.59,2.47,3.15,1.94,6.22,1.2,5.26,3.04,1.92,0.33,9.78,0.95,6.8,8.05,5.77,9.14,4.72,9.96,6.4,6.28,2.06,4.25,0.76,8.52,6.39,6.9,8.99,9.91,3.18,4.62,8.32,5.89,0.36,1.36,0.84,2.05,9.17,8.01,4.57,7.82,8.09,5.15,3.49,3.43
3.03,5.09,5.24,8.2,-1,4.49,3.48,8.49,1.58,0.52,6.08,0.29,3.06,7.78,0.48,7.56,5.71,9.57,7.45,2.29,4.45,5.31,5.69,1.18,4.47,3.56,6.55,1.26,9.31,9.37,4.94,9.44,9.44,0.01,2.89,6.82,9.27,4.28,6.83,5.53,7.4,2.04,6.77,7.62,2.93,3.2,5.97,6.97,9.29,3.89,6.58,8.31,1.41,5.11,7.07,2.32,0.9,2.88,6.57,7.75,9.33,9.77,8.5,8.5,9.77,1.68,1.63,5.36,4.2,1.46,6.19,9.33,2.9,0.17,9.3,9.72,8.15,7.03,6.87,4,8.78,1.32,3.45,0.1,2.88,2.37,7.94,3.45,8.84,7.14,3.16,6.23,6.12,4.86,4.46,4.69,4.29,7.83,1.25,8.73
1.75,0.01,2.84,6.68,1.68,-1,0.68,3.4,1.51,2.05,1.88,8.54,0.79,3.49,0.07,4.17,1.63,8.89,6.85,2.5,1.14,0.49,6.67,6.48,6.03,6.68,3.43,7.47,6.61,2.19,5.48,8.72,3.66,3.84,8.58,4.56,0.51,7.1,7.75,7.49,4.85,8.76,4.23,9.1,0.38,4.62,3.05,3.76,6.22,0.23,1.81,9.16,9.24,5.77,1.71,6.61,0.68,3.83,0.58,4.01,6.32,2.99,9.78,0.35,2.08,6.5,8.74,9.31,8.83,5.07,9.03,2.05,6.41,9.86,5.02,5.23,5.67,2.36,6.1,6.63,7.14,0.01,0.87,6,1.18,8.12,3.42,4.82,2.63,0.95,7.31,4.51,2.58,1.3,8.07,1.44,4.95,3.83,4.43,5.57
9.38,7.83,0.03,5.89,5.29,3.23,-1,2,0.22,7.3,9.34,6.51,5.94,7.64,6.01,7.05,1.95,8.82,4.61,0.62,6.54,3.31,4.73,8.83,8.21,7.68,8.83,3.11,5.47,9.75,7.41,0.51,5.47,0.12,4.5,1.54,3.01,2.71,5.59,5.39,6.46,1.1,9.34,0.64,9.69,8.97,9.07,8.98,3.99,8.71,0.82,0.36,7.14,9.39,5.96,8.58,4.92,7.34,2.47,2.28,3.54,0.16,6.15,0.52,3.38,2.76,6.68,1.69,0.48,2.18,5.69,3.96,1.61,8,7.28,2.66,9.61,0.71,8.46,3.34,7.58,5.52,1.05,7.78,2.15,7.16,4.36,5.71,8.54,8.85,2.44,2.85,6.73,7.27,1.47,9.75,1.35,6.48,0.34,3.42
1.42,0.03,6.73,9.61,6.68,8.74,1.96,-1,8.93,0.9,2.83,1.58,8.26,1.9,3.57,4.55,0.53,5.14,9.79,3.15,0.8,5.11,5,6.84,4.42,1.48,3.02,8.79,3.68,7.67,1.12,0.95,2.12,8.16,2.3,4.14,7.41,0.85,9.94,0.1,9.27,0.29,8.25,1.43,1.72,9.73,3.55,0.17,1.79,8.18,6.03,9.64,0.62,4.51,1.13,1.94,1.93,3.56,9.72,3.51,9.66,9.29,3.34,0.99,3.35,9.76,0.85,4.59,8.3,5.45,6.14,3.18,0.36,5.95,1.38,1.88,0.71,1.42,4.18,7.83,7.03,1.33,0.38,1.83,3.16,2.54,5.44,3.79,4.66,4.27,3.16,4.52,4.12,2.34,0.18,4.51,1.56,5.72,8.62,8.55
0.96,9.05,5.98,2.13,6.97,8.36,1.7,7.7,-1,7.78,9.65,1.13,2.79,2.44,1.02,6.84,3.06,5.75,0.34,7.68,5.38,4.75,8.96,6.05,6.61,3.55,3.53,4.59,8.29,0.36,2.93,8.07,6.76,1.55,8.44,6.6,5.97,1.94,2.71,9.5,7.14,1.75,5.03,2.73,0.83,7.38,9.23,2.4,3.21,2,6.45,5.46,3.79,3.91,8.37,4.32,1.81,1.4,7.69,2.49,2.65,1.66,7.58,3.67,8.51,7.03,6.39,5.53,9.91,5.77,9.08,4.04,2.38,2.67,4.11,1.05,7.92,0.43,4.49,3.33,5.99,8.93,4.08,8.77,3.38,6.84,9.97,8.08,6.11,8.21,0.41,2.4,2.32,1.28,6.46,2.85,8.05,4.93,9.03,3.77
8.46,2.17,8.94,8.21,2.63,6.33,7.39,0.22,2.29,-1,8.09,0.97,3.95,5.96,7.58,1.08,9.86,7.79,1.32,5.59,3.17,9.33,4.48,1.03,4.81,7.12,4.4,3.04,8.13,7.57,3.9,4.42,7.59,9.1,7.89,2.18,4.6,8.52,4.29,9.17,8.97,4.75,8.03,9.24,7.88,7.99,4.19,9.86,9.26,7.24,6.43,6.48,0.26,2.24,3.45,2.24,5.71,4.76,9.47,7.98,4.33,5.94,7.24,2.86,1.89,2.23,6.06,8.56,1.2,5.32,3.61,5.06,7.92,6.72,7.73,1.79,7.47,1.91,2.01,3.52,4.24,0.03,7.94,8.23,6.1,9.08,5.9,2.27,3.52,2.07,2.96,6.98,3.61,0.09,2.8,3.63,4.81,5.93,5.54,1.32
9.16,2.67,0.43,3.89,6.24,2.25,0.21,4.61,7.38,0.52,-1,1.08,3.3,4.25,8.35,0.87,4.39,1.51,1.67,7.13,1.41,0.12,6.2,6.65,2.12,5.67,0.65,7.19,7.14,2.91,7.08,7.46,0.24,8.11,8.54,1.9,1.47,2.47,5.66,5.66,9.85,2.27,4,1.86,3.62,1.15,1.8,7,8.26,0.78,1.69,2.39,3.02,9.77,6.34,7.81,0.42,1.3,1.17,4.2,9.8,2.09,5.01,5.85,2.71,4.15,9.11,5.55,9.45,9.99,2.84,4.89,8.4,7.37,4.23,9.08,6.58,8.53,8.98,2.67,7.43,1.42,4.08,4.91,0.72,4.33,4.11,3.46,0.71,7.03,6.64,2.85,1.28,0.46,2.73,7.84,9.95,5.2,5.64,4.22
0.95,8.67,9.31,4.23,7.85,7.91,9.99,0.65,5.48,3.46,7.27,-1,7.85,6.62,1.19,6.47,3.17,9.14,8.51,4.72,5.54,7.99,1.67,0,4.26,4.9,4.67,1.41,2.11,8.46,6.09,2.75,9.39,4.7,7.98,4.03,7.18,5.34,5.55,4.94,2.52,5.26,0.45,2.4,8.31,2.89,9.09,7.12,6.13,8.14,7.88,4.41,5.72,7,8.27,7.29,2.5,5.05,3.4,9.65,2.28,4.4,5.26,7.76,6.6,9.77,8.34,5.96,5.02,7.55,9.07,5.04,4.82,8.3,8.43,3.54,3,2.95,4.02,8.84,2.57,9.59,1.33,0.01,2.62,0.95,5.83,3.27,8.33,7.93,1.72,5.51,7.22,8.59,0.9,0.76,1.45,1.33,3.38,9.12
3.13,0.96,8.23,2.71,6.22,0.73,3.29,3.39,7.5,6.68,2.74,5.29,-1,7.44,0.53,4.56,5.67,8.35,5.45,3.22,0.53,8.29,1.73,9.89,3.51,7.68,0.33,8.7,7.78,8.88,1.88,2.94,5.18,9.57,4.34,9.24,6.97,1.79,6.99,2.99,3.77,3.07,3.62,4.24,2.37,2.07,7.9,9.04,3.86,1.32,4.64,7.89,9.34,7.22,8.44,3.01,2.13,6.12,7.21,6.7,3.47,2.94,8.03,7.46,4.3,9.39,5.47,9.53,6.88,4.51,8.93,6.88,1.98,7.85,1.7,6.46,0.69,5.8,4.36,0.23,8.25,6.58,3.12,7.21,6.63,9.83,6.29,1.68,2.1,4.78,6.4,3.97,6.91,6.76,4.52,4.48,6.03,8.18,6.93,9.73
1.09,9.96,6.72,6.89,8.31,6.21,0.57,2.09,0.09,2.44,2.89,6.18,5.93,-1,1.75,4.36,3.93,3.81,3.24,4.48,2.58,5.84,7.72,5.14,9.09,9.31,7.34,1.2,6.91,9.69,9.44,6.45,8.28,4.91,0.09,0.71,5.09,2.96,4.88,6.48,7.85,8.46,1.21,8.76,4.1,2.48,4.76,8.39,7.18,7.9,5.02,1.12,9.1,6.1,1.36,6.92,9.13,8.31,6.2,6.21,8.02,8.12,9.44,7.3,3.1,0.45,7.09,8.13,0.05,7.72,1.16,1.74,1.43,7.92,3.51,9.32,4.33,3.3,8.15,9.57,8.44,0.32,9.87,9.15,4.81,4.71,2.79,4.68,5.73,8.61,3.07,0.63,5.91,5.37,6.33,1.89,2.5,2.3,5.89,6.86
9.4,8.2,5,4.75,5.37,3.9,6.14,9.95,2.14,4.4,2.77,2.73,8.14,8.86,-1,4.04,2.03,7.52,3.32,7.63,6.18,1.11,5.48,3.45,0.93,6.81,3.92,7.66,4.06,5.42,1.15,8.12,5.73,5.69,9.48,2.42,6.36,8.73,5.66,0.64,2.28,8.5,5.6,6.31,5.81,9.44,1.81,1.42,9.32,5.87,5.2,4.04,9.98,5.55,0.68,3.33,0.32,9.09,0.26,8.45,2.04,9.22,8.13,8,8.06,7.78,3.11,0.41,5.46,0.4,9.39,8.23,5.43,0.1,2.09,0.73,5.47,8.11,3.59,7.72,9.89,5.3,5.03,9.07,2.96,4.44,6.82,7.48,8.45,0.57,8.75,8.57,5.72,8.89,2.58,8.35,4,2.62,8.16,6.08
0.31,6.71,7.05,0.28,2.97,0.75,1.39,3.32,1.69,0.1,2.74,6.56,0.38,5.72,2.2,-1,5.75,4.89,9.4,3.81,6.57,1.77,1.69,7.85,0.05,0.16,7.78,4.8,1.7,8.13,2.27,3.72,6.31,6.76,5.63,3.22,6.01,4.76,4.38,1.73,8.49,4.76,0.34,1.78,9.47,2.65,3.52,4.87,8.07,6.04,2.61,1.38,7.65,6.07,1.53,7.6,0.93,2.82,8.08,8.4,5.44,1.47,0.23,1.54,2.16,8.3,6.12,8.69,4.27,7.26,6.43,0.26,3.52,3.59,8.73,1.93,2.32,0.46,7.7,2.11,3.25,7.26,5.52,5.67,0.82,8.99,4.82,5.73,8.05,6.36,2.56,5.63,7.03,6.99,0.58,6.44,9.91,3.6,9.71,6.04
3.37,8.14,4.13,4.85,7.41,7.59,3.8,5.39,9.3,6.76,3.4,2.46,1.22,8.72,0.62,7.75,-1,6.14,0.63,0.45,3.67,3.13,8.42,1.67,6.93,4.73,2.13,9.1,5.54,8.59,4.42,2.61,0.04,1.34,7.68,6.87,6.88,1.8,8.93,7.2,5.9,5.32,2.38,9.54,1.56,7.14,6.92,2.15,6.03,5.67,8.55,1.32,7.67,8.97,7.47,6.57,8.05,0.52,6.61,5.38,1.9,7.64,1.68,7.58,0.21,0.77,2.6,9.63,0.14,6.58,9.68,8.86,9.43,0.81,2.56,6.22,8.95,7.67,1.56,3.15,8.67,6.1,7.34,0.06,6.74,7.83,0.44,9.12,4.38,6.36,3.96,9.1,2.92,0.64,9.83,0.71,1.09,0.05,0.74,6.82
1.35,7.55,7.78,7.97,3,8.39,7.42,9.03,4.41,5.14,1.4,1.86,2.64,4.59,1.29,9.5,0.55,-1,4.9,5.19,5.79,3.06,4.5,9.19,3.59,8.34,0.3,6.66,8.52,9.45,7.22,1.61,7.51,9.49,5.35,9.54,5.61,1.4,4.89,8.07,2.39,3,4.82,9.7,7.34,5.27,1.84,3.03,2.9,6.37,2.15,2.5,0.49,7.66,6.16,3.12,0.38,8.26,3.41,1.4,4.64,0.91,8.3,7.85,2.57,1.34,3.69,5.23,0.89,2.6,4.9,3.71,2.03,1.73,8.99,1.15,0.53,1.92,8.93,3.89,7.26,0.63,3.54,6.48,7.11,5.11,7.13,3.55,2.63,4.82,1.52,0.89,7.36,5.72,4.37,5.9,8.13,1.78,8.57,6.43
4.45,4.57,3.45,0.17,9.98,8.37,0,8.92,0.59,6.88,2.26,3.97,2.66,5.37,8.6,6.48,4.14,2.23,-1,4.31,9.48,3.14,6.81,4.91,1.27,2.19,8.51,6.14,3.77,6.14,5.9,2.44,7.27,4.94,2.44,9.92,0.9,3.75,5.5,5.08,6.6,3.42,8.37,8.38,3.15,8.06,5.22,1.12,3.42,7.89,8.82,5.71,8.74,8.25,2.1,5.65,4.05,9.33,1.15,9.76,8.34,9.27,2.03,6.86,5.74,1.11,2.9,2,5.7,9.48,5.48,3.24,0.28,4.41,4.58,3.93,4.06,6.65,6.36,0.12,5.82,2.3,8.78,7.53,0.32,9.25,3.49,7.09,2.9,8.55,4.36,1.63,0.19,8.55,7.11,5.12,0.18,8.71,2.71,4.93
7.81,7.39,9.88,2.59,9.95,6.54,3.32,0.85,5.77,7.96,4.59,7.96,3.89,1.16,0.82,6.71,8.08,5.46,5.94,-1,5.94,0.49,0.99,2.59,1.96,4.7,1.43,3.75,8.89,2.04,9.42,5.98,6.57,5.07,4.87,8.57,9.64,8.15,3.9,4.78,3.04,0.17,4.27,9.8,7.69,5.59,4.31,4.1,3.04,0.12,1.27,5.97,4.71,5.53,7.49,2.57,2.51,5.21,4.99,3.7,0.43,4.6,2.2,0.35,0.62,7.86,1.22,3.29,9.27,6.58,3.54,9.66,8.63,1.78,5.38,4.17,3.74,1.92,2.83,9.5,5.57,2.33,5.74,4.04,6.28,9.95,7.64,1.84,8.34,5.07,9.27,4.89,9.5,5.85,4.3,5.47,0.74,7.82,7.04,7.66
9.79,0.49,5.9,8.17,9.09,7.56,1.26,3.93,1.03,8.89,0.55,1.57,4.28,1.47,3.66,7.12,8.85,9.45,7.8,5.77,-1,4.91,1.54,0.54,1.43,3.56,4.77,4.03,2.1,6.8,5.17,8.39,2.73,5.72,9.74,6.49,5.05,0.04,5.66,2.9,6.31,4.77,8.85,7.14,3.94,0.72,4.66,2.88,1.27,5.76,4.72,6.87,7.7,8.75,4.07,1.59,4.86,5.69,8.13,0.75,3.88,6.21,6.15,6.42,6.27,1.92,3.39,9.25,3.06,3.45,3.87,7.13,1.51,5.86,7.34,6.92,1.81,0.19,8.48,4.42,0.82,8.88,2.51,2.95,5.41,7.5,4.33,4.27,9.5,5.19,8.57,7.04,6.81,1.08,6.27,8.64,0.12,4.1,6.89,4.5
0.94,0.1,2.61,6.48,4.6,4.31,6.06,1.66,4.81,1.05,1.26,6.28,5.53,4.5,3.18,3.45,9.87,6.77,1.93,1.33,3.69,-1,1.1,7.07,5.46,7.35,6.06,3.19,9.41,8.83,4.82,8.92,2.07,1.42,6.06,9.51,6.37,0.96,6.37,7.24,5.41,1.93,1.6,7.16,1.2,8.22,7.88,0.68,2.96,8.55,5.84,9.7,7.34,3.38,1.37,3.81,8.06,3.69,7.43,2.19,3.3,9.08,5.51,4.65,7.93,8.45,2.22,5.6,6.59,8.06,0.75,6.57,8,9.6,5.59,7.16,6.06,3.69,3.7,6.09,2.93,6.55,3.68,5.2,7.45,2.37,0.24,2.66,6.83,3.7,5.48,1.93,9.19,6.29,4.35,8.34,3.21,4.68,8.37,0.86
7.25,8.31,0.59,2.11,5.98,7.79,1.75,3.92,7.98,7.65,6.06,6.15,4.46,5.24,3.13,6.16,0.2,1.99,1.23,8.26,6.79,2.3,-1,0.24,9.82,4.35,1.16,9.14,7.98,8.86,0.69,7.31,3,6.07,4.17,2.35,3.65,9.37,1.27,6.79,0.39,6.78,4.97,1.67,7.83,2.21,1.45,1.73,6.76,2.06,8.86,5.42,2.05,4.57,6.18,0.79,2.19,2.1,6.14,2.3,6.47,9.35,4.73,9.13,2.14,7.94,8.88,5.65,1.14,6.62,8.88,5.36,9.31,2.74,3.82,3.89,2.2,3.18,2.06,9.14,6.46,2.9,7.38,1.97,4.74,5.41,4.77,1.5,4.73,3.58,0.91,9.66,2.7,4.77,5,2.56,8.37,8.35,8.16,2.45
7.86,3.27,7.56,0.04,0.5,5.71,6.6,1.87,1.72,4.71,9.98,1.02,3.71,8.94,5.72,5.29,0.09,4.9,4.74,7.3,6.74,3.95,8.61,-1,6.93,0.17,0.37,3.61,1.24,5.68,8.05,1.38,0,7.19,4.03,4.1,7.88,7.58,9.79,6.94,3.73,5.42,8.47,3.92,2.5,9.65,1.08,5.6,6.83,3.19,9.41,2.8,7.14,6.38,2.66,2.91,0.81,3.77,8.38,2.9,3.03,0.33,6.18,0.59,7.79,8.28,3.22,4,1.16,1.54,2.08,0.03,4.33,3.46,1.33,0.45,3.99,9.51,9.65,1.26,7.51,1.35,5.56,7.3,6.46,9.23,5,5.14,9.9,1.19,5.43,5.65,9.22,8.81,2.04,3.2,7.6,8.46,9.79,2.75
2.41,4.36,5.13,9.61,7.74,7.89,6.99,2.55,1.12,2.36,7.52,7.64,4.07,5.89,0.41,7.61,9.67,5.67,3.72,7.24,7.43,3.23,6.79,4.37,-1,4.78,6.55,3.43,9.5,3.24,7.95,9.91,8.01,0.13,4.94,5.56,9.74,8.89,3.54,9.75,5.13,5.56,8.56,5.29,6.3,4.52,6.86,7.95,1,4.63,9.61,3.18,2.78,1.64,3.6,3.02,4.7,8.71,1.99,0.53,4.61,2.18,3.15,2.57,3.53,4.5,4.56,6.96,0.6,6.06,6.05,2.74,5.21,8.5,1.42,0.27,3.09,6.75,6.24,5.52,9.78,8.63,1.74,8.92,8.31,7.03,1.61,3.25,7.7,6.94,5.02,6.56,7.26,0.26,5.17,8.5,1.78,9.57,5.88,1.31
1.91,3.73,0.08,9.13,6.41,6.3,9.64,2.48,8.62,4.29,5.03,7.66,0.82,9.76,3.41,7.12,7.93,0.97,9.5,4.73,0.08,7.63,6.89,5.68,7.23,-1,0.23,0.22,1.94,5.53,6.86,7.26,8.62,8.21,3.15,9.05,2.32,9.83,7.69,1.92,7.62,9.63,5.96,1.31,2.98,4.25,2.05,3.51,6.55,5.68,0.4,8.95,4.94,8.96,1.98,9.12,8.19,5.89,5.97,3.89,5.19,3.77,6.89,9.66,3.8,9.52,8.83,7.58,2.63,1.68,6.65,5.17,3.91,1.8,7.18,3.05,3.66,4.59,9.34,0.95,2.14,3.32,9.92,3.91,4.25,6.45,9.63,1.98,6.43,8.95,9.92,1.56,1.18,2.15,1.17,2.05,0.78,3.25,7.04,8.29
8.68,8.4,6.13,5.79,2.7,4.04,2.88,6.39,9.16,0.54,5,4.67,6.41,0.14,3.28,3.61,1.1,8.36,7.92,9.74,5.73,6.38,9.73,4.01,4.32,5.93,-1,3.85,5.89,8.84,6.22,6.87,2.44,1.89,7.83,9.57,3.33,9.63,1.92,3.07,9.27,7.56,6.46,4.15,7.06,5.33,5.75,5.45,5.55,7.91,7.51,0.55,9.82,8.18,5.93,3.55,8.89,1.4,4.94,5.4,5.15,3.92,8.58,5.1,5.37,0.73,7.23,1.73,7.38,6.11,4.5,5.35,9.18,3.02,1.02,0.25,2.51,0.59,2.92,2.07,9.49,9.17,5.17,7.33,0.87,5.24,0.47,2.49,6.23,0.14,2.6,2.84,1.25,9.94,1.05,6.44,7.4,7.63,8.88,9.09
0.85,8.66,1.39,1.75,2.75,2.47,4.12,0.76,9.47,3.17,0.97,2.38,6.55,2.19,6.63,7.79,0.9,2.93,6.93,2.65,3.2,1.73,7.58,9.02,8.97,9.03,5.65,-1,6.23,8.4,8.1,4.41,4.67,1.06,8.51,2.27,8.07,8.94,9,9.01,8.44,7.5,0.13,5.74,4.41,1.85,1.19,0.76,7.96,9.24,1.54,4.54,7.94,0.5,3.32,5.44,5.81,7,1.68,9.06,1.61,0.39,3.34,8.65,0.89,8.59,4.01,2.27,2.31,3.15,7.31,6.76,9,7.69,8.57,3.08,3.08,9.76,0.92,1.02,2.81,1.35,7.68,6.76,2.63,2.12,7.15,7.07,8.86,1.26,3.33,6.67,1.68,5.22,9.47,5.32,1.36,1.6,5.35,1.41
2.92,0.71,8.59,8.52,5.24,3.79,4.29,9.83,3.69,0.3,0.7,4.72,3.73,8.93,7.07,4.32,6.3,0.18,9.51,0.18,3.47,9.75,2.16,5.9,9.73,3.11,4.89,2.91,-1,9.35,6.03,4.36,0.79,9.55,2.76,5.41,2.76,5.62,8.3,7.67,3.9,4.34,9.68,1.69,0.58,8.81,6.97,2.34,5.31,9.01,0.01,8.48,1.42,8.58,2.12,1.46,6.34,3.39,3.97,8.04,1.43,7.21,6.22,2.79,9.98,0.55,9.93,4.38,3.06,4.27,5.69,4.73,2.23,8.41,7.94,8.43,2.22,6.28,6.49,8.14,0.26,2.86,4.41,3.37,8.33,7.89,4.06,3.2,5.18,1,5.18,2.68,4.23,9.56,1.48,9.95,5.54,1.7,6.32,5.44
3.89,0.32,2.99,7.64,2.69,6.08,9.76,5.95,7.97,2.32,0.66,3.26,9.45,0.68,3.86,3.79,5.4,2.77,9.09,6.58,2.73,2.72,6.28,1.15,6.9,5.01,8.95,1.32,0.28,-1,5.69,2.99,3.12,9.35,8.21,0.84,6.43,4.56,5.01,3.71,2.17,6.23,0.08,6.97,9.87,9.48,3.16,4.72,3.07,0.98,4.59,3.44,7.31,8.91,8.06,5.89,9.32,6.86,1,3.06,9.79,0.42,4.98,9.55,0.53,9.64,1.25,1.79,5.82,1.88,7.2,0.44,1.34,3.52,7.45,3.02,9.71,7.71,4.72,4.35,4.08,8.5,1.62,0.18,3.66,0.12,8.41,8.42,7.01,5.19,9.53,9.83,0.03,1.61,1.15,2.7,5.91,9.07,6.92,2.33
0.7,5.73,4.88,9.51,3.14,0.25,3.88,3.74,7.53,7.03,3.06,9.71,2.52,3.12,8.17,1.88,0.85,7.03,2.35,0.31,6.66,3.89,2.39,8.67,4.35,7.62,1.17,4.45,0.05,1.36,-1,1.27,0.5,1.24,8.95,3.14,3.43,0.64,1.6,7.11,1.17,4.33,9.66,0.39,9.03,2.24,8.19,5.79,2.38,5.55,0.61,4.91,5.11,8.62,7.83,4.93,4.29,3.51,7.3,0.11,8.47,4.3,8.88,2.7,7.01,7.8,8.23,1.72,2.43,1.98,0.98,7.1,1.7,0.93,2.22,7.56,9.77,3.5,8.08,2.35,8.92,8.38,9.18,6.41,5.75,5.01,9.14,9.47,9.5,6.55,0.73,7.56,7.81,7.42,5.55,2.75,3.85,0.04,0.09,6.43
4.56,5.47,6.25,5.64,8.1,2.33,9.4,6.14,2.52,3.66,1.93,9.75,5.52,5.46,8.93,8.74,6.37,8.01,9.61,1.23,5.92,4.96,8.87,9,6.27,2.73,8.17,6.43,4.04,8.13,5.15,-1,9.65,0.62,7.84,3.43,9.02,0.45,3.61,8.16,6.62,6.17,2.27,1.15,5.38,0.41,5.18,1.95,4.13,6.21,4.84,7.73,7.85,0.16,3.52,0.47,7.27,0.18,4.41,5.83,2.56,2.17,0.38,6.84,2.16,7.72,0.47,9.43,5.05,7.98,9.34,9.27,3.95,9.16,9.59,0.62,9.13,7.34,7.21,6.39,1.08,6.12,6.3,9.46,9.28,9.3,7.01,9.7,4.57,9.01,5.87,1.25,3.79,4.44,3,5.15,5.67,1.5,5.6,3.02
8.8,5.23,5.11,5.91,6.79,4.4,2.3,0.2,1.91,1.69,5.93,5.71,7.15,0.08,3.96,8.06,1.7,8.92,2.94,4.83,7.1,9.16,2.26,3.7,4.4,4.41,5.36,9.96,9.71,0.21,4.49,4.86,-1,0.07,5.24,9.8,4.05,8.89,3.65,5.01,8.41,5.54,2.32,4.46,2.65,0.48,8.39,7.98,4.45,6.74,4.82,0,2.92,3.29,6.33,2.79,7.07,3.59,4.74,6.98,3.54,8.16,8.84,0.44,6.57,8.94,7.91,0.51,2.65,4.48,8.04,1.75,4.67,5.6,6.04,8.65,7.43,0.76,3.68,7.11,4.83,8.15,4.11,2.11,2.48,1.56,2.13,8.32,7.24,3.62,0.94,9.78,1.82,2.38,5.43,4.57,1.7,5.31,2.37,9.07
3.41,3.42,4.37,7.98,6.33,8.97,4.57,0.56,4.73,0.78,5.8,8.16,9.53,0.51,6.72,7.7,7.97,6.69,2.2,5.26,9.48,2.86,1.66,1.23,7.46,2.28,3.76,7.14,7.73,1.41,7.27,2.24,9.73,-1,7.64,7.47,2.04,7.36,4.49,3.98,7.61,6.16,8.95,7.68,8.35,8.51,1.38,8.17,0.37,8.21,0.36,9.12,7.51,4.86,9.88,0.28,0.56,9.49,4.35,2.29,1.03,5.51,3,2.23,6.45,0.33,4.31,0.99,4.23,2.02,1.88,1.4,0.28,0.98,4.7,3.32,1.83,5.13,1.39,0.99,5.65,9.25,0.93,1.7,9.96,2.05,5.31,0.29,6.49,1.78,1.98,8.12,9.22,8.29,7.56,7.01,0.49,5.82,0.48,9.26
0.66,3.61,9.51,8.64,9.02,5.36,4.49,8.26,5.32,7.07,1.53,7.87,1.84,7.87,4.72,5.31,8.72,0.28,3.78,2.21,4.38,2.28,7.55,9.41,6.15,5.33,3.98,3.13,5.1,0.35,5.2,0.3,2.79,5.7,-1,1.21,8.33,5.94,8.55,0.89,5.33,8.94,6.77,6.69,4.07,0.3,0.11,8.8,5.66,3.93,7.95,6.42,3.72,9.16,0.29,0.05,1.07,5.71,7.97,0.97,3.33,1.9,8.9,4.65,8.4,9.39,2.35,5.6,5.09,2.89,9.89,8.46,4.02,6.86,3.67,2.06,8.8,1.04,0.55,3.55,0.44,2.7,6.75,9.84,1.13,7.38,5.7,3.64,0.42,7.55,5.98,5.54,5.17,7.28,3.02,4.3,7.56,1.63,9.15,5.21
9.18,1.51,3.62,6.57,3.7,8.68,0.62,8.32,9.29,1.14,7.42,8.56,0.78,4.37,9.16,6.28,6.65,5.96,7.85,6.28,2.3,5.43,1.21,4.81,7.04,7.39,7.2,7.56,6.58,6.92,3.79,3.42,0.28,8.54,1.25,-1,5.64,0.39,9.65,5.25,2.97,0.99,9.7,8.22,0.28,0.83,5.49,4.08,6.77,9.51,0.16,2.04,0.97,8.88,4.01,4.14,6.87,2.55,1.9,9.54,8.51,9.27,2.08,3.89,8.5,0.93,2.99,3.3,5.76,3.54,1.9,7.33,0.81,5.58,9.86,7.44,9.17,4.05,9.69,2.86,6.59,4.56,5.29,6.79,7.95,2.78,5.41,9.75,4.84,6.1,6.59,4.83,3.6,4.98,2.87,2.25,4.6,9.4,9.95,9.05
0.24,1.92,4.92,7.11,7.03,1.58,4.69,2.56,2.2,3.87,3.39,7.9,4.92,3.27,3.26,6.37,8.33,5.11,2.96,7.27,0.63,6.67,0.23,8.43,9.76,3.59,5.69,4.17,4.91,1.39,2.66,5.99,6.28,9,7.75,3.08,-1,3.07,5.91,7.7,0.63,8.58,8.46,1.69,9.67,9.21,3.56,2.61,4.7,8.46,3.33,0.1,2.92,1.99,7.53,1.51,3.68,4.68,0.2,4.41,2.22,8.56,9.59,7.8,0.03,1.75,0.71,7.05,3.82,3.43,7.1,8.97,7.62,1.52,5.88,3.88,1.23,1.47,7.79,1.37,0.68,6.08,4.17,1.39,6.77,0.81,8.53,0.65,8.34,5.32,5.99,9.62,8.29,8.07,0.3,2.03,1.51,2.96,3.43,3.8
0.45,1.04,4.55,8.6,1.76,9.9,3.39,0.5,6.22,1.32,7.72,6.1,6.08,8.3,1.2,1.55,3.69,2.63,6.05,2.31,6.73,8.81,1.69,3.67,2.82,2.96,9.65,7.91,0.7,1.47,7.52,2.84,8.46,5.98,0.48,7.25,6.19,-1,4.2,5.3,5.73,6.79,9.74,7.71,6.78,8.78,4.91,0.23,5.49,9.8,9.2,3.06,8.11,9.63,9.32,4.37,1.14,9.06,1.3,2.82,0.8,6.71,5.12,1.82,2.31,2.58,3.11,1.16,2.91,9.6,3.03,8.91,1.09,2.27,0.71,3.2,5,4.55,5.6,7.17,2.01,3.41,7.39,2.63,1.72,7.49,1.36,7.43,1.8,5.77,2.18,5.34,1.97,7.19,2.82,8.21,5.96,5.65,5.48,4.85
6.88,4.6,6.93,4.95,7.99,3.22,0.9,8.98,6.1,0.82,3.84,0.69,8.29,0.52,7.05,9.61,5.69,0.16,3.97,8.93,7.85,9.39,9.45,9.44,7.11,1.76,5.13,6.69,5.61,7.39,0.39,5.02,5.88,3.43,6.14,2,4.24,7.27,-1,0.07,2.27,4.69,4.7,6.5,8.38,4.39,8.06,6.05,4.04,2.19,4.49,3.38,0.24,4.46,5.51,9.86,1.11,4.54,8.81,0.61,9.06,1.57,8.51,4.92,0.19,7.76,0.81,7.84,0.11,4.91,5.82,5.12,4.54,8.79,4.37,6.69,6.64,9.32,0.78,5.06,7.88,3.72,3,8.93,6.53,7.79,9.61,3.1,9.29,4.02,7.92,3.56,2.51,3.3,7.87,6.43,3.2,2.53,5.78,9.53
2.23,3.2,7.58,9.9,6,6.73,5.82,6.41,1.33,4.89,8.63,3.96,1.64,4.66,8.45,3.06,3.33,5.34,2.21,0.27,3.53,3.45,7.09,6.98,9.94,7.35,2.14,4.54,7.09,5.57,9.51,1.15,7.21,1.75,1.71,9.57,9.1,6.13,7.06,-1,0.26,0.63,6.8,2.74,0.64,8.13,7.18,7.91,0.11,2.66,7.77,2.19,6.5,4.14,5.73,8.25,5.17,3.84,6.4,4.43,1.5,3.18,6.03,7.67,5.33,7.8,3.28,4.85,1.63,3.27,3.3,9.03,7.57,5.74,3.3,0.91,6.68,4.85,9.81,8.7,7.72,1.12,4.62,8.23,3.13,8.02,1.71,9.38,4.86,8.09,3.5,6.12,9.12,2.07,2.63,3.18,1.52,0.94,3.33,6.81
1.68,7.72,1.01,2.08,3.71,9.21,6.52,5.29,7.41,2.7,3.38,0.14,4.65,8.03,2.01,9.74,2.76,6.31,9.76,1.5,3.14,8.2,6.3,3.06,7.59,8.99,3.96,7.56,7.2,3.26,6.07,3.79,1.18,9.27,3.65,4.52,1.65,8.04,2.5,5.96,-1,4.66,5.49,5.07,1.59,6.58,2.07,4.28,3.02,4.59,2.27,1.09,4.19,6.81,8.22,4.99,1.77,0.49,5.69,4.93,5.4,3.88,9.97,7.46,1.04,6.48,4.45,9.49,9.71,0.21,3.47,1.95,0.87,2.19,0.99,2.38,6.46,1.8,6.19,6.17,6.34,6.01,6.28,4.85,5.03,2.08,0.98,3.52,3.7,0.74,9.57,9.11,6.76,2.51,3.8,8.73,0.26,9.87,0.59,8.6
7.63,8.21,8.76,3.67,8.66,8.24,4.78,1.79,1.07,8.81,4.7,8.62,0.09,1.87,5.87,3.59,4.15,8.55,3.81,3.65,5.83,6.42,1.55,8,8.28,3.22,1.57,3.59,6.18,6.43,6.44,7.38,0.98,2.47,9.05,2.9,2.27,8.98,4.81,0.83,9.38,-1,8.68,7.35,5.48,1.99,6.26,4.84,2.46,7.65,0.72,2.36,8.39,5.25,4.48,4.09,5.88,0.11,1.33,3.67,9.81,9.7,9.77,0.94,7.71,9.02,7.44,5.89,3.67,6.24,1.94,5.12,1.65,7.24,5.74,6.15,3.98,5.49,9.05,7.11,4.37,8.03,7.5,7.65,7.25,7.26,8.81,7.78,4.29,3.18,8.13,8.95,8.87,7.66,9.79,2.96,9.71,7.5,9.24,5.1
4.83,0.38,0.39,6.52,9.53,2.21,7.18,5.48,2.6,1.11,1.64,5.04,6.39,3.18,3.08,3.34,8.27,6.67,9.86,9.17,4.25,6.75,9.16,0.34,5,2.93,7.09,3.67,0.74,4.02,8.61,2.86,7.15,8.92,7.64,3.42,8.47,6.44,9.87,7.84,2.03,7.03,-1,1.42,1.59,4.23,2.44,9.56,3.86,9.06,8.53,7.94,1.52,6.6,1.78,4.43,6.59,4.16,1.27,5.1,2.89,5.7,8.63,1.57,5.21,4.95,5.46,0.18,1.1,4.65,0.72,4.19,3.57,2.94,6.67,6.93,4.42,8.63,5.6,9.21,9.06,6.66,3.47,8.04,3.47,1.54,3.71,3.06,0.79,8.18,7.37,4.22,1.46,7.74,4.62,4.36,1.91,9.21,3.5,5.86
0.96,3.04,9.82,8.38,8.16,2.86,9.41,5.76,0.54,2.86,1.95,6.86,4.26,8.18,9.62,9.11,4.65,3.49,8.67,4.52,2.74,7.19,5.6,5.92,2.93,1.25,8.76,3.85,6.29,9.59,6.09,7.32,2.79,5.86,4.9,1.59,8.8,9.46,9.34,8.97,4.74,8.6,7.41,-1,8.95,7.88,0.86,7.01,7.46,2.74,1.53,8.34,6.49,6.13,2.85,9.61,9.35,6.84,7.31,1.65,6.17,6.93,0.59,0.95,4.32,3.05,2.04,9.91,8.44,7.65,9.84,1.02,9.45,7.25,8.31,8.62,6.06,5.02,8.98,2.46,4.68,7.17,5.32,5.61,0.67,3.89,1.38,9.53,5.18,9.16,3.13,6.77,4.05,8.53,1.72,4.41,3.19,6.58,8,2.95
9.08,2.72,1.92,9.67,3.22,7.37,1.29,4.02,7.62,1.06,6.82,3.1,7.08,1.11,0.81,6.85,0.16,8.62,8.79,2.34,8.43,3.72,8.5,6.81,0.72,1.95,4.9,9.82,3.29,9.78,2.82,7.97,7.95,1.73,8.97,2.91,4.44,4.84,5.19,9.59,9.65,8.69,6.85,1.21,-1,9.92,0.27,2.63,0.69,3.06,8.53,6.49,5.37,5.94,3.17,7.4,6.39,8.58,8.87,7.65,4.68,9.75,2.72,8.06,7.23,5.48,1.8,6.13,5.87,9.96,6.54,8.72,9.69,8.13,4.42,3.29,1.16,5.33,8.44,1.18,6.61,0.3,5.24,3.83,8.49,9.44,0.56,8.23,8.09,5.49,5.12,1.66,8.38,8.01,2.12,1.46,1.53,1.15,6.47,3.35
8.79,2.3,3.16,7.54,7.09,9.75,2.34,6.01,9.61,5.11,3.69,5.47,0.76,8.32,5.5,7.27,6.61,4.06,1.39,0.21,6.02,7.45,9.7,4.67,0.37,5.4,8.27,6.98,6.21,2.43,2.51,5.24,2.94,2.28,0.81,2.1,6.48,9.23,6.94,9.21,4.68,0,1.2,2,1.28,-1,7.5,1.45,3.27,3.5,7.06,7.67,4.89,9.12,0.63,4.09,3.41,0.46,0.55,0.67,3.51,2.05,5.28,5.5,8.59,7.41,9.23,9.69,5.27,2.23,4.01,6.84,5.42,3.25,1.55,5.82,0.88,4.21,0.8,0.4,3.56,7.33,9.39,8.15,6.25,4.32,9.97,0.14,8.81,6.52,0.44,4.64,1.16,1.77,2.53,4.99,7.13,4.66,0.8,4.33
7.49,4.29,5.09,1.8,1.19,8.33,5.53,0.7,8.06,8.41,9.21,4,0.13,6.97,9.73,1.12,6.04,0.93,2.98,1,7.99,4.97,3.04,6.9,8.3,3.31,0.43,0.32,4.12,6.16,1.33,0.07,7.23,7.92,3.93,3.5,4.96,0.33,7.35,4.07,8.91,8.12,5.7,1.79,6.88,7.18,-1,7.34,6.91,6.82,3.58,4.67,1.59,2.85,5,4.94,0.99,3.48,2.86,6.47,7.89,7.36,9.17,6.91,4.86,3.89,4.97,5.13,2.29,7.35,4.13,3.74,5.1,9.85,7.2,2.48,9.05,1.14,9.6,7.82,3.2,2.27,0.26,1.74,0.1,0.36,3.93,8.84,5.07,8.98,0.58,1.28,8.45,1.25,3.65,6.99,2.19,4.23,1.76,7.09
1.07,1.37,1.72,0.75,8.31,8.64,7.2,0.07,8.39,1.77,5.07,4.45,2.74,3.17,4.51,6.87,7.65,7.26,4.54,1.61,0.41,2.09,4.4,2.85,5.16,8.51,3.41,8.53,1.62,7.96,4.65,6.28,7.74,4.27,6.62,6.62,2.92,9.75,3.66,3.06,6.75,3.33,3.73,4.23,7.98,3.03,9.75,-1,5.81,8.45,5.75,9.32,3.1,2.69,2.5,8.9,3.53,8.42,0.5,4.78,6.4,3.32,7.25,0.94,5.66,2.72,5.24,3.35,3.49,5.42,6.32,9.25,4.48,5.34,9.09,6.43,2.39,0,6.05,9.32,5.3,9.75,1.98,8.63,5.89,6.28,2.2,7.2,6.16,6.64,9.88,5.82,7.77,9.46,2.4,5.21,7.64,4.95,0.47,7.71
9.13,4.02,5.14,0.51,1.95,2.07,0.82,4.11,8.42,6.85,8.71,2.84,8.99,6.17,9.51,8.41,9.15,7.47,0.55,4.57,6.73,6.9,0.92,6.54,6.76,3.98,6.93,3.26,7.91,1.36,1.32,3.98,6.3,0.48,3.51,4.39,8.14,6.16,9.04,8.73,2.07,1.3,9.26,4.95,1.58,2.18,1.64,2.64,-1,6.16,9.24,9.97,2.13,2.62,8.84,0.86,5.43,0.07,5.23,4.17,4.8,9.04,1.18,2.23,4.98,3.43,4.63,2.95,0.07,2.15,5.28,4.66,2.92,4.33,1.67,3.42,1.15,4.1,0.39,6.18,4.11,0.46,1.69,6.96,2.43,3.42,1.35,8.14,7.37,4.29,3.07,5.56,3.75,9.4,7.68,0.63,1.67,5.43,8.4,4.16
4.87,9.33,9.24,0.48,4.44,5.74,8.36,6.43,1.08,6.23,4.54,7.18,1.08,8.49,9.35,9.6,9.71,7.51,1.15,5.04,9.96,6.01,1.73,1.42,4.48,2.13,4.98,4.72,3.81,3.61,1.81,6.8,1.42,1.39,0.73,3.86,0.06,7.68,6.67,1.64,5.3,9.22,0.6,4.02,7.99,1.86,8.74,8.34,8.19,-1,2.95,7.67,2.87,7.52,0.4,2.93,3.1,9.54,4.26,8.46,9.48,0.93,4.63,4.41,8.17,0.84,9.61,5.4,4.75,2.37,4.94,7.62,9.24,5.5,7.56,9.45,6.19,6.14,5.06,7.79,9.56,3.31,6.71,2.64,2.14,9.14,3.04,6.95,3.93,5.28,5.94,2.45,2.21,3.37,0.35,1.32,4.16,4.97,2.66,5.52
9.42,2.84,3.39,0.32,6.17,8.52,6.8,0.74,0,2.59,3.36,8.91,5.5,3.37,2.2,0.63,1.3,7.27,5.47,3.37,3.27,7.61,2.36,6.76,3.63,3.88,8.85,9.17,6.85,1.05,4.31,6.07,9.17,3.47,9.85,0.98,2.4,3.89,6.75,7.46,5.66,1.18,6.47,7.01,3.23,0.28,2.31,0.64,6.04,0.48,-1,4.37,7.45,4.39,1.07,7.2,6.97,0.76,4.44,7.2,2.36,8.01,2,6.87,8.83,1.36,4.31,9.22,1.46,8.43,3.94,5.45,8.62,8.16,4.05,3.31,9.17,5.43,4.4,0.25,9.02,1.2,4.67,3.93,6.33,3.51,9.15,3.73,1.55,0.56,4.44,9.08,2.49,0.19,2.57,8.47,9.24,2.73,8.16,4.03
1.74,2.26,4.58,7.32,2.16,3.15,0.64,6.76,7.5,7.27,6.31,7.18,4.6,3.23,0.52,2.82,7.15,6.18,3.66,8.16,6.74,3.83,2.04,3.86,3.02,8.56,2.47,4.01,9.42,6.87,3.91,2.29,4.27,5,8.27,3.3,9.72,5.22,3.03,1.23,0.05,9.31,6.77,9.99,9.23,1.5,3.14,1.3,2.16,9.39,4.67,-1,4.74,3.43,9.82,4.26,6.8,2.48,3.79,5.28,2.87,0.45,1.95,6.14,7.86,8.58,3.62,2.76,2.78,1.84,3.55,5.62,1.62,7.35,6.61,9.41,4.96,4.78,2.55,6.07,1.01,0.29,5.62,8.24,8.61,3.04,2.83,4.78,1.37,9.92,5.71,5.13,8.64,1.7,0.47,2.81,7.85,5.69,6.15,8.47
8.03,1.9,5.71,7.55,5.35,2.19,4.52,7.32,5.35,4.7,1.44,6.57,3.9,9.07,7.34,0.3,4.49,6.28,3.95,8.89,1.02,3.1,3.21,0.57,9.83,4.99,2.38,3.37,3.65,2.9,3.11,5.84,6.5,7.3,9.3,1.37,5.71,3.88,6.16,4.95,1.42,0.55,5.37,6.84,7.55,7.79,8.44,0.46,3.65,9.02,8.41,6.93,-1,7.12,6.27,7.92,5.42,7.27,9.37,5.1,8.11,1.31,7.8,0.48,8.8,7.1,1.17,9.42,7.57,3.01,1.92,2.77,3.45,1.57,2.49,3.06,7.87,4.71,2.03,0.29,0.17,0.71,0.3,5.89,5.14,3.78,6.77,3.05,6.37,9.63,4.96,6.97,0.49,3.31,5.93,0.65,4.59,2.44,7.15,9.8
3.41,9.9,5.57,7.39,3.41,3.16,2.66,0.34,7.4,5.86,9.55,2.15,4.37,0.05,1.54,1.04,8.81,2.19,0.7,0.73,1.91,2.71,3.64,1.67,0.1,8.4,7.21,4.65,9.64,6.38,4.67,7.91,9.53,8.62,2.59,8.36,2.62,8.03,4.95,7.8,8.94,8.48,5.04,3.56,7.05,0.57,5.18,6.72,3.86,4.36,5.42,2.47,5.28,-1,3.96,3.7,8.14,5.66,0.53,3.86,2.35,2.38,2.14,6.02,7.07,3.92,6.19,5.2,4.14,4,6.77,0.26,3.4,8.21,3.23,8.52,4.63,2.15,3.3,1.27,3.45,7.72,9.5,8.3,5.89,6.23,0.05,1.99,7.7,1.23,6.46,2.77,2.55,7.94,4.98,4.25,3.19,4.48,0.36,4.98
2.33,6.24,6.97,1.43,7.85,2.97,1.79,2.48,0.7,9.75,0.91,1.15,4.66,4.46,8.87,3.77,2.43,1.4,6.17,0.94,7.49,8.76,1.05,6.91,7.79,2.21,0.88,7.01,2.12,3.06,4.8,6.72,1.54,9.76,2.81,5.58,1.04,7.47,7.9,9.51,9.11,1.12,3.17,6.97,6.98,8.55,8.97,4.2,9.15,0,7.69,3.23,5.38,8.73,-1,0.17,1.03,7.04,5.55,7.11,7.36,5.84,4.39,6.21,9.89,8.14,4.35,4.1,4.92,7.79,7.65,6.99,8.42,3.08,1.17,6.15,8.52,6.85,0.1,9.51,4.24,4.29,4.38,4.22,2.73,2.14,9.12,5.26,4.08,8.18,4.66,4.42,9.78,5.7,1.34,3.65,7.24,7.03,0.08,8.36
6.14,4.58,4.21,6.4,8.31,4.08,6.9,1.76,6.09,6.45,5.89,2.17,9.58,6.02,5.72,8.44,9.29,4.43,5.62,3.97,1.18,4.89,6.55,5.95,2.31,6.97,3.59,2.93,2.01,7.96,5.62,8.18,6.7,8.91,4.73,2.48,9.75,9.94,1.84,8.02,1.99,6.11,6.08,8.52,2.43,0.55,4.86,1.11,7.27,2.48,4.22,0.16,2.23,6.98,0.36,-1,1.72,4.51,5.86,8.68,5,6.28,1.68,9.38,6.09,1.27,9.67,3.77,0.35,5.85,9.13,1.19,4.58,4.84,2.13,1.47,1.75,4.1,9.86,0.13,2.2,5.59,0.99,2.08,4.62,5.59,8.86,9.67,2.55,6.86,1.3,0.87,8.88,7.03,4.7,7.98,1.67,8.95,7.13,6.55
6.58,6.37,0.62,3.91,4.61,8.37,6.66,4.76,6.76,9.58,6.3,6.17,4.78,6.64,3.83,0.99,7.21,1.37,3.13,8.56,4.54,5.88,3.45,9.67,1.56,0.87,2.06,0.33,1.11,2.09,9.82,0.89,8.14,9.23,1.05,5.24,3.7,6.05,7.62,1.65,1.24,2.69,5.69,5.02,0.84,6.99,1.49,1.56,2.09,6.21,2.48,2.49,2.12,1.29,3.21,9.42,-1,7.85,0.55,7.86,4.41,2.31,8.41,3.6,6.03,8.45,1.91,5.17,1.93,1.77,8.78,1.67,1.68,5.03,3.88,3.83,8.68,5.98,3.7,0.44,4.77,9.94,4.92,5.71,7.97,2.98,3.95,7.36,4,8.52,1.72,1.55,0.32,3.47,1.09,6.25,3.9,5.94,4.59,4.74
1.69,7.74,8.09,4.41,1.75,7.5,5.5,7.95,0.85,1.41,0.08,5.15,6.58,2.79,5.99,4.71,1.92,1.58,4.57,8.41,8.11,2.43,9.41,2.88,9.83,7.84,6.68,6.73,4.49,7.51,1.1,9.9,5.75,9.7,3.19,7.99,8.06,2.44,9.07,2.32,3.61,3.02,9.21,2.3,5.07,3.52,2.92,8.15,7.83,6.53,2.66,7.87,4.58,9.24,1.22,0.35,1.52,-1,4.36,2.66,7.39,3.11,0.91,0.7,5.27,0.81,7.55,3.48,0.19,0.11,5.83,3.21,9.37,3.81,6.32,2.14,3.4,3.6,5.68,1.29,4.76,9.64,5.09,8.98,2.92,6.16,6.4,1.05,8.09,5.42,5.7,6.33,7.45,6.45,4.6,3.65,4.42,1.49,4.84,4.66
1.05,6.89,8.35,1.84,7.65,9.15,4.96,9.04,7.96,7.95,3.27,5.72,8.46,9.56,5.02,7.78,7.5,4.12,5.17,5.77,1.36,7.64,4.46,9.27,5.57,4.43,3.04,2.86,1.85,4.87,3.62,9.14,4.8,6,4.58,8.18,5.97,3.47,2.69,5.1,2.17,7.18,9.37,7.19,3.74,4.03,5.84,3.73,1.81,8.77,0.4,1.57,9.93,9.94,7.93,5.93,1.91,5.39,-1,6.27,2.89,3.63,2.13,4.55,2.19,4.57,2.75,1.96,4.64,7.8,7.65,2.8,1.91,9.2,7.57,0.69,9.34,7.55,1.17,7.44,1.69,6.23,4.96,5.95,2.63,2,1.99,8.52,0.56,3.5,7.14,0.84,5.28,9.07,0.28,4.64,6.71,9.25,4.22,9.78
3.75,7.28,6.71,3.93,1.68,7.53,2.18,8.48,7.52,3.43,0.68,0.97,0.53,1.36,2.38,3.26,2.49,9.09,1.59,0.55,3.01,2.57,7.13,8.43,5.56,5.83,3.88,3.47,0.33,2.19,2.36,1.07,2.64,7.31,5.49,2.39,9.05,4.15,9.68,3.17,1.57,5.56,9.63,4.31,8,9.58,2.3,2.17,5.33,9.85,9.79,1.7,1.66,6.8,2.05,6.47,9.43,8.32,3.1,-1,1.14,4.63,2.41,6.11,4.85,3,6.04,6.36,0.07,7.78,2.71,8.01,5.27,0.03,5.46,5.85,2.74,5.71,0.57,6.54,1.91,0.06,0.78,2.81,7.81,2.59,2.71,4.65,1.36,1.16,0.67,1.03,6.87,4.12,2.41,3.07,9.67,1.21,4.6,9.93
1.45,2.43,0.9,5.63,9.63,8.92,5.82,9.57,9.4,2.91,3.12,1.96,3,0.55,7.42,4.96,2.22,2.49,3.36,3.25,3.3,4.2,0.48,2.55,4.51,8.79,1.97,7.25,5.84,5.86,7.25,4.98,4.99,8.2,7.27,8.32,3.79,3.02,5.6,0.91,5.4,8.66,9.69,1.5,4.64,0.04,2.68,8.29,9.36,2.79,5.33,6.78,8.38,0.6,9.53,6.15,2.77,8.41,3.28,0.25,-1,1.67,8.31,5.16,7.21,9.7,6.38,5.57,1.62,0.52,4.9,9.2,5.3,8.9,9.69,2.71,9.62,3.44,7.41,9.81,0.01,7.84,5.11,5.66,7.85,9.34,6.14,1.43,4.47,7.19,6.4,2.35,3.18,0.73,0.16,2.22,3.08,2.65,0.02,3.31
3.58,8.71,8.44,8.09,0.06,4.06,6.32,6.45,1.43,5.71,5.57,4.54,0.47,1.99,4.76,6.64,0.48,5.96,0.97,7.04,1.35,0.31,6.83,7.05,2.26,2.62,6.84,5.04,6.34,7.81,9.24,4.21,2,7.53,5.93,7.27,5.6,7.26,5.73,2.45,3.13,3.34,7.62,9.98,2.4,3.17,8.93,3.68,3.39,6.07,1.72,8.73,7.41,8.11,1.4,6.02,1.64,1.57,7.91,3.46,3.09,-1,8.98,5.92,8.87,8.89,1.9,8.71,1.39,4.24,9.48,6.6,8.72,2.14,5.06,3.92,4.66,3.95,0.74,5.74,8.83,9.6,6.83,5.72,0.73,9.97,4.86,4.93,1.82,0.64,2.8,8.26,0.67,5.48,8.63,6.03,9.53,8.08,0.38,4.3
4.66,7.41,2.67,9.17,9.05,7.93,6.22,2.09,6.54,6.79,2.1,4.82,8.07,5.17,8.88,3.44,8.83,9.91,8.65,3.91,2.82,1.7,2.34,5.4,3.41,7.96,5.66,2.51,0.11,8.85,6.55,1.39,3.74,6.84,2.81,7.76,3.14,1.65,8.9,4.95,6.59,9.44,8.32,1.31,0.61,5.12,1.78,5.92,0.95,9.06,4.15,2.57,2.5,6.29,9.9,3.21,4.19,2.02,6.25,3.47,6.07,4.11,-1,8.99,1.49,4.94,9.19,2.01,0.05,1.46,2.18,7.17,3.01,9.16,3.94,2.18,8.02,3.61,3.7,4.77,7.77,1.77,7.96,5.38,0.06,8.29,7.02,5.94,9.23,9.47,5.88,5.45,7.77,6.95,1.98,4.92,3.66,0.93,8.74,4.17
5.18,0.99,8.77,1.54,8.45,6.98,5.79,3.46,0.08,9.35,3.08,9.05,2.54,1.53,4.9,5.69,2.74,9.56,2.09,3.08,2,4.75,3.81,3.44,4.11,7.82,6.51,6.82,6.72,1.43,2.17,4.11,5.3,0.99,9.76,0.07,8.89,5.55,7.03,3.42,4.06,5.57,0.52,4.96,3.96,8.89,2.48,7.48,3.45,5.99,4.66,5,1.74,8.71,2.85,4.77,9.33,3.03,2.71,2.13,5.69,6.11,3.99,-1,8.15,6.08,4.57,0.17,1.79,2.01,4.35,9.27,7.31,7.58,0.58,4.81,4.23,7.72,1.29,5.94,5.13,1.89,0.87,3.57,5.24,8.11,5.05,0.82,8.27,6.93,6.54,5.72,3.68,3.57,5.86,2.22,5.78,7.59,7.81,5.29
8.5,8.85,8.55,1.97,3.17,3.28,3.61,1.91,9.41,7.4,8.32,4.33,0.84,8.74,1.58,8.14,0.04,5.85,6.4,9.96,6.98,7.52,7.3,3.52,3.27,8.89,9.65,1.32,7.99,8.02,9.66,1.99,0.32,6.74,6.74,9.97,6.76,0.71,7.27,9.35,0.85,3.61,5.47,3.76,7.78,8.55,4.78,6.51,3.1,0.97,0.08,0.94,1.06,4.8,2.16,6.42,9.98,6.03,5.88,7.52,6.02,4,0.49,5.82,-1,6.72,3.47,6.04,4.71,0.2,9.77,9.82,4.16,9.93,2.6,2.96,5.27,8.1,3.26,4.3,7.3,6.74,6.23,6.71,2.76,5.68,8.18,6.12,3.58,9.53,0.43,0.27,2.12,2.94,3.8,6.98,9.22,4.55,1.98,3.25
2.1,8.28,8.11,6.3,5.75,6.1,0.31,7.17,1.27,6.43,9.9,2.52,4.53,8.66,8.64,7.25,6.65,5.57,3.1,9.86,5.38,0.1,1.33,4.14,2.04,8.83,7.97,5.74,6.68,2.77,4.32,9.89,1.3,6.66,9.3,7.93,9.22,9.96,4.35,0.16,7.34,9.3,8.58,9.7,4.84,6.18,0.96,9.35,6.93,6.8,2.33,8.91,0.16,3.9,4.83,1.46,6.14,6.86,2.86,0.84,7.08,2.38,0.17,5.26,0.79,-1,9.59,3.11,4.1,2.51,6.22,1.87,0.33,0.9,5.68,4.37,1.82,4.2,3.03,0.64,7.47,7.36,2.65,2.25,3.35,2.83,6.08,4.55,4.39,5.98,5.7,4.4,2.68,2.91,8.8,5.59,7.61,4.45,6.27,3.64
9.63,3.43,0.43,0.97,5.94,8.08,1.76,5.28,9.88,1.56,1.51,3.68,2.49,7.06,6.68,4.72,4,7.64,0.2,6.07,1.78,6,6.65,6.42,8.22,4.37,6.95,7.08,9.23,6.71,3.15,1.71,8.78,1.85,8.35,1.28,5.2,2.44,1.23,8.51,2.32,4.72,5.88,1.81,3.09,6.4,6.47,0.82,3.56,8.43,5.02,1.58,7.63,9.84,8.14,0.76,5.59,2.55,5.76,4.46,8.87,5.66,0.07,7.36,6.42,2.09,-1,2.68,9.89,3.2,0.31,6.79,1.44,6.01,6.38,7.89,7.15,0.55,4.58,7.1,1.66,3.75,1.35,9.55,3.03,8.11,9.97,2.89,2.46,1.25,8.53,5.24,3.78,3.33,7.49,0.09,1.09,9.62,4.83,0.15
5.82,2.14,5.92,5.64,7.3,0.81,0.54,4.21,8.85,9.05,5.42,6.67,3.03,5.86,1.75,0.2,6.36,6.69,4.64,2.66,8.5,1.23,2.59,9.88,9.96,3.83,4.55,3.77,7.6,4.39,0.78,3.14,6.58,4.06,4.75,5.95,1.98,3.39,7.91,4.41,1.92,2.92,4.06,8.39,5.29,0.03,2.81,6.48,8.28,9.35,5.86,9.83,8.99,9.44,8.11,1.44,6.78,2.2,1.47,5.73,2.88,7.22,8.38,6.46,9.03,7.34,7.9,-1,9.16,8.03,5.96,0.86,1.15,0.31,8.87,8.76,5.27,1.96,8.11,0.78,1.2,9.28,0.89,5.86,3.18,9.33,2.42,3.89,1.08,9.15,6.62,9.21,3.32,6.19,2.67,6.26,2.49,5.73,3.88,6.11
3.97,6.94,2.37,4.92,8.44,5.31,0.78,7.16,2.9,6.67,2.21,4.24,9.09,0.6,1.69,9.06,5.01,2.51,5.47,1.45,0.17,8.24,4.87,3.96,1.12,6.08,8.61,4.16,9.03,3.58,3.93,1.08,1.99,2.55,4.15,2.29,5.78,1.9,1.32,0.47,6.02,0.2,0.76,6.79,2.43,2.88,7.21,3.95,9.13,4.72,5.68,5.7,6.55,6.62,2.83,6.87,4.81,5.26,5.92,5.81,2.04,8.54,6.39,4.64,2.3,4.1,8.81,2.2,-1,3.23,6.16,8.52,2.8,9.2,2.01,4.5,2.62,9.25,8.64,1.22,9.65,2.16,7.39,1.62,1.39,3.33,0.27,6.13,9.24,4.85,2.42,1.26,3.43,7.45,6.77,8.99,9.92,0.72,6.68,9.99
0.94,2.16,9.21,4.9,5.47,5.9,7.72,3.57,6.22,7.84,9.64,4.81,5.49,9.09,7.79,5.93,0.36,1.37,2.12,5.37,2.47,2.86,7.82,0.78,2.7,6.85,2.78,3.36,6.37,8.49,9.7,4.48,4.97,3.92,9.75,1.46,1.42,7.36,3.41,8.77,8.3,5.18,0.7,3.86,7.29,8.78,7.77,7.59,6.65,7.07,1.26,8.18,1.25,4.78,9.54,1.76,8.29,8.96,3.61,2.14,6.55,6.55,0.14,2.29,6.94,7.35,4.98,1.26,3.55,-1,2.29,6.27,3.78,7.05,3.26,6.83,1.55,3.22,9.63,8.35,2.53,9.78,4.34,1.43,8.79,8.23,5.77,6.7,9.31,6.09,4.16,8.64,6.62,1.15,2.35,2.53,5.67,5.59,7.28,5.52
3.87,8.14,4.6,4.07,3.6,6.45,6.5,1.77,6.05,1.93,4.8,7.2,8.91,7.8,5.29,0.19,4.23,3.2,7.32,5.91,5.05,2.43,0.21,5.01,7.99,1.5,5.12,0.99,1.74,4.66,1.75,3.93,5.81,5.53,7.16,7.83,7.5,9.17,1.63,0.95,9.04,4.24,3.75,0.01,7.29,7.93,8.6,7.05,6.5,7.78,6.8,2.14,9.75,3.35,7.96,1.57,9.22,6.01,2.95,5.29,1.22,8.97,9.52,8.68,9.03,7.72,2.6,8.2,0.17,3.68,-1,9.66,0.69,7.49,0.86,7.28,7.56,9.64,9.16,9.64,1.12,1.36,7.18,4.24,8.77,1.16,9.37,4.98,0.72,2.61,7.12,9.54,1.09,7.78,5.63,6.83,0.41,1.15,1.63,3.59
7.19,6.11,0.03,0.19,7.05,8.51,5.37,8.15,7.07,7.75,6.33,4.49,3.58,7.28,0.39,8.17,2.33,5.22,2.38,4.52,7.77,5.74,5.01,3.14,1.44,2.02,8.75,5,6.01,9.89,0.23,1.26,2.06,3.21,7.86,0.11,8.47,8.3,4.8,5.04,3.25,2.82,1.74,0.09,2.19,8.44,0.52,0.77,7.93,0.87,7.63,9.49,2.21,4.32,5.43,4.02,2.12,4.96,4.57,6.98,2.08,3.63,2.88,5.43,0.95,4.36,2.25,3.09,2.22,4.44,4.79,-1,6.53,9.51,5.48,4.53,5.91,1.56,8.5,1,0.53,7.96,4.44,9.47,2.29,7.24,3.25,4.36,2.69,0.24,4.55,9.63,7.58,2.03,9.37,5.05,7.05,2.7,1.29,2.41
1.79,0.92,4.59,9.34,1.72,3.68,3.28,3.47,8.77,1.21,8.83,8.65,5.66,4.32,7.62,4.88,9.84,9.26,7.51,0.8,2.91,8.37,0.35,6.43,2.16,3.4,2.23,5.7,6.52,9.5,3.53,0.96,5.67,2.82,8.22,7.13,3.21,6.8,1.35,5.65,0.91,3.01,7.07,2.28,6.48,3.78,6.1,6.24,0.5,6.39,4.72,1.91,9.86,8.92,2.58,9.47,3.55,3.54,8.66,2.48,4.49,1.76,5.25,4.16,7.78,7.86,1.53,2,3.12,2.72,3.5,9.32,-1,0.25,3.34,7.93,0.49,4.81,0.51,0.33,5.32,4.84,0.65,8.18,7.29,0.42,0.16,9.5,5.5,4.68,6.26,2.72,2.08,6.09,7.06,9.15,6.61,0.82,6.84,3.15
9.92,9.86,0.01,9.68,5.6,1.69,5.86,2.14,5.32,5.93,4.86,6.86,7.33,6.93,3.84,8.86,2.42,8.2,9.23,3.97,7.67,6.58,3.44,7.37,0.93,1.76,8.45,8.16,1.72,9.49,4.64,7.07,7.22,5.1,6.86,5.15,1.66,2.25,6.11,1.52,4.98,4.3,6.9,6.61,3.87,6.04,8.47,0.62,4.2,4.94,3.85,5.08,5.22,8.26,4.55,5.57,6.05,1.48,3.54,7.47,9.24,0.54,8.44,0.17,4.34,7.81,5.74,9.79,2.2,6.14,9.61,4.63,1.98,-1,5.61,8.6,8.34,0.89,8.23,4.5,3.92,1.42,7.9,4.92,7.71,5.09,4.57,8.76,7.23,1.46,2.03,2.89,6.81,1.36,1.48,0.86,7.35,8.77,0.86,6.94
9.21,0.3,0.37,0.55,9.86,0.39,1.3,3.9,9.63,6.72,9.69,5.96,3.45,7.08,1.79,5.29,6.2,9.08,6.23,8.4,0.58,4.79,3.94,8.36,9.4,2.08,0.78,6.36,7.59,5.35,3.61,4.55,9.03,3.9,6.77,7.49,9.98,5.54,1.6,1.31,1.38,8.56,8.8,9.07,6.47,9.82,7.38,5.91,7.45,1.77,7.82,9.14,7.58,0.59,9.49,0.74,9.93,0.8,0.28,2.44,6.15,5.02,3.6,0.92,7.93,7.87,1.75,6.04,3.32,5.2,9.46,1.01,8.97,5.1,-1,1.99,3.16,4.91,8.13,8.73,7.7,0.31,0.88,8.54,1.43,3.11,6.59,9.65,8.7,1.59,8.59,5.68,2.53,7.69,4.75,4.65,2.36,8.7,5.99,3.23
4.32,4.44,3.07,1.2,1.34,8.57,8.42,4.05,0.37,2.55,5.81,1.36,6.56,5.25,9.49,7.75,9.64,5.26,7.79,5.93,1.28,2.43,8.59,2.28,4.73,4.2,5.35,0.54,5.51,6.25,5.99,6.1,7.5,0.3,2.19,4.5,9.33,5.1,5.88,5.55,3.15,8.01,5.01,0.71,6.84,9.93,1.25,6.93,9.27,6.05,6.73,9.07,2.56,9.29,4.52,0.02,9.98,3.27,6.92,7,2.71,4.13,6.8,8.8,0.42,3.85,0.08,9,5.7,6.08,2.71,8.76,5.74,2.2,1.79,-1,5.45,2.53,8.38,9.37,5.33,8.79,6.48,4.52,1.94,5.08,4.94,8.59,6.01,0.46,5.92,9.39,3.57,2.59,6.79,1.99,8.63,4.07,4.88,3.58
2.91,5.44,7.4,1.07,2.2,6.5,5.77,5.46,1.62,6.17,8.47,7.38,8.17,7.9,7.55,6.12,5.15,6.64,9.18,8.78,9.43,0.56,8.06,6.04,6.55,6.94,5.67,1.95,6.31,3.65,4.57,4.96,0.82,6.04,5.2,4.04,5.52,8.95,3.29,3.7,9.31,2.66,0.57,1.79,0.68,1.85,7.9,4.53,4.88,1.65,3.63,7.28,6.13,5.28,4.29,2.69,4.44,8.75,4.05,7.2,8.35,2.06,0.34,4.01,2.64,4.95,7.94,7.7,3.17,7.65,8.36,8.14,9.65,3.45,4.87,4.58,-1,0.92,2.35,9.88,8.41,6.62,8.14,0.26,6.15,7.56,2.31,3.09,7.86,8.91,6.75,5.64,0.41,3.11,4.64,1.99,4.83,8.12,6.84,5.18
9.83,1.95,9.91,8.89,8.55,5.86,5.69,9.66,5.17,4.57,1.27,7.19,5.43,4.71,1.76,6.25,9.27,9.61,3.87,3.44,7.23,5.51,3.94,2.91,2.59,4.09,2.92,3.92,8.73,4.18,1.95,2.43,4.04,6.69,2.81,7.42,3.43,3.01,9.36,4.12,2.43,8.52,6.62,8.64,9.86,1.48,3.82,9.13,4.06,5.99,8.36,1.93,5.73,3.7,2.28,0.53,6.06,8.85,5.77,2.59,3.51,3.99,2.94,4.97,9.73,3.55,0.89,1.66,2.4,2.46,9.48,5.9,3.76,9.67,2.28,8.49,6.27,-1,2.96,1.22,1.58,7.07,2.55,9.94,2.02,2.49,7.16,3.04,9.7,9.53,1.8,5.6,8.52,3.98,5.49,8.02,1.32,2.45,2.31,2.56
9.13,8,5.12,6.97,0.27,1.72,3.6,7.94,1,6.31,8.05,4.84,3.75,7.34,9.07,4.47,6.04,0.94,2.22,6.62,0.15,4.62,6.18,6.33,2.55,7.39,2.38,5.32,5.71,2.34,4.8,8.72,9.14,1.17,1.8,4.82,5.46,0.29,7.81,5.5,6.71,2.45,1.08,6.35,9.14,2.02,9.48,1.06,4.2,8.16,9.57,8.57,3.32,9.99,4.91,1.21,9.22,1.9,1.04,2.36,1.72,7.44,8.26,6.82,0.79,9.01,9.82,5.16,8.84,2.19,4.23,1.67,6.96,1.18,4.21,5.18,6.68,4.67,-1,3.73,1.6,3.47,5.39,9.47,2.53,1.06,0.52,5.08,1.02,3.74,7.26,4.48,3.62,5.63,2.29,0.44,0.86,6.09,5.95,5.62
0.97,4.2,6.58,6.28,3.77,3.76,6.94,5.53,2.69,0.13,8.06,1.61,7.77,1.92,6.51,4.62,3.79,8.07,6.06,8.78,7.02,4.51,9.26,8.41,4.07,2.05,2.8,3.66,7.75,7.51,2.08,5.95,6.84,7.81,2.19,0.23,6.24,0.12,4.45,5.44,3.21,5.83,5.47,6.39,4.03,4.9,7.14,8.07,5.75,9.78,2.46,4.33,2.86,1.39,1.29,3.67,7.07,7.8,9.54,3.54,0.85,7.05,8.11,4.37,3.66,1.69,8.69,4.42,5.49,3.38,6.51,8.63,8.55,8.77,5.69,3.34,3.68,0.32,4.85,-1,3.04,5.22,6.82,9.21,5.27,6.38,0.88,2.44,8.14,9.3,5.46,7.21,5.39,0.58,4.41,4.77,8.86,1.88,2.53,8.75
9.56,8.34,1.6,5.02,3.62,6.17,1.89,7.64,7.1,4.11,0.01,4.87,3.91,3.96,7.75,7.03,5.22,3.2,3.42,7.53,1.33,3.8,2.15,1.77,6.76,8.01,7.34,0.08,8.67,2.13,2.73,7.08,9.99,6.6,5.45,0.15,6.88,4.57,4.4,9.94,5.87,2.2,0.28,4.58,5.56,0.96,1.34,8.96,0,1.38,4.17,9.7,8.26,9.03,3.8,2.85,0.68,1.66,5.87,2,5.69,3.2,1.61,4.43,1.24,8.03,7.93,4.84,9.83,4.34,4.78,4.06,4.39,9.57,4.17,0.25,2.27,8.63,4.76,0.66,-1,4.77,7.73,2.77,8.15,9.94,8.44,3.53,5.89,4.23,7.38,7.9,7.96,1.32,9.59,3.69,5.41,9.27,6.72,2.6
0.28,7.6,5.84,6.09,2.75,2.43,9.3,3.62,7.66,3.57,3.15,0.03,9.53,2.34,4.76,8.46,3.37,4.99,6.83,8.32,0.17,0.33,9.65,3.15,8.63,2.73,2.65,0.28,8.42,0.83,0.1,6.53,4.75,7.08,9.62,8.64,0.08,3.25,5.29,0.36,9.06,4.55,0.38,6.08,7.51,5.93,3.3,6.53,4.13,2.92,4.76,3.34,5.47,4.33,3.06,7.35,6.41,6.4,7.61,8.46,3.31,5.78,8.88,4.4,9.43,7.1,6.07,9.92,5.44,1.43,4.73,1.45,6.14,2.69,4.22,4.74,0.16,7.32,2.75,0.58,4.3,-1,1.62,2.94,3.73,8.32,3.3,6.01,9.92,7.89,7.55,0.87,4.69,1.27,6.55,1.4,5.81,9.86,6.64,9.61
4.21,1.86,0.82,2.54,3.17,8.92,7.52,3.73,7.7,0.28,4.22,0.12,5.78,2.84,1.28,7.8,1.27,7.97,7.42,3.06,2.8,4.17,8.06,2.66,5.74,0.89,5.98,3.87,4.42,7.79,3.61,9.59,1.13,9.03,9.37,5.32,2.84,5.94,1.86,4.78,2.03,7.83,2.3,4.75,8.01,3.38,5.7,6.23,2.96,9.77,3.82,0.87,8.6,8.61,7.07,9.73,3.96,6.3,7.1,4.3,5.69,8.41,5.57,8.3,5.64,3.43,7.57,0.9,5.84,7.77,8.52,6.59,3.35,8.14,2.19,7.04,9.58,9.05,1.67,0.4,8.55,3.45,-1,5.97,1.21,4.8,7.35,5.05,8.92,1.72,7.61,7.35,6.65,4.48,9.38,0.2,9.08,9.44,9.42,2.88
5.68,9.66,2.78,8.69,0.73,0.57,6.88,7.27,7.8,7.52,1.62,4.03,9.77,9.33,8.7,5.55,5.26,5.18,6.83,6.19,8.49,7.82,5.07,0.4,1.82,5.19,1.27,2.11,7.71,3.96,3.75,9.8,8.25,5.4,9.95,6.15,8.08,9.11,3.55,9.22,0.11,8.41,4.63,2.06,0.03,0.77,9.83,6,4.45,5.54,2.5,0.3,0.28,7.52,5.94,7.35,6.94,9.52,0.71,8.22,6.02,4.9,4.65,0,6.93,8.34,7.42,8.74,1.97,3.61,9.94,1.05,8.89,4.55,3.63,9.67,6.41,7.2,1.57,0.45,6.41,8.43,3.86,-1,2.98,3.32,0.81,2.8,9.77,4.74,8.44,9.08,6.21,1.77,9.85,4.53,9.23,2.29,1.12,1.52
1.94,3.02,4.72,1.6,6.07,6.22,5.66,7.6,4.91,5.37,3.51,3.3,1.15,9.02,4.28,6.41,2.25,6.12,7.31,2.63,6.82,1.85,6.8,1.39,7.39,8.18,1.81,7.52,1.11,0.19,9.8,5.41,6.52,8.41,9.16,8.37,5.77,7.03,3.27,9.4,7.85,8.6,4.96,8.08,7.55,0.61,7.2,6.6,1.41,8.95,8.89,8.04,5.31,0.46,5.43,7.62,2.25,7.63,8.3,5.39,5.55,9.16,1.07,8.37,9.46,3.52,5.4,7.9,4.53,2.09,9.98,3.09,6.5,5.17,4.23,4.18,2.69,0.48,7.1,1.01,1.16,9.97,5.48,6.53,-1,3.57,9.07,0.66,0.59,0.01,3.71,4.11,6.77,0.85,0.96,8.97,7.88,1.21,4.36,5.23
5.4,3.43,9.88,0.8,9.74,5.38,4.93,3.12,2.65,4,7.79,5.03,6.88,6.85,0.41,0.57,1.47,2.18,9.85,8.58,1.92,3.58,1.18,1.49,5.38,0.83,6.83,8.3,9.42,5.1,7.07,0.73,6.54,0.88,1.59,4.89,3.21,7.95,9.27,9.83,7.15,6.05,1.56,0.58,6.98,1.19,3.77,9.72,4.74,8.69,0.15,8.09,6.08,8.82,1.34,5.48,2.65,9.68,1.36,7.66,6.65,2.44,5.77,3.18,5.56,8.01,2.48,8.66,8.01,3.33,7.41,7.97,1.06,8.23,3.6,7.66,8.08,5.68,0.18,9.83,3.34,0.86,4,5.32,7.17,-1,4.4,2.5,1.16,3.04,6.52,9.28,1.47,9.07,4.33,7.48,4.07,8.6,0.59,2.23
1.53,5.33,7.53,3.14,3.23,3.07,9.22,6.38,2.64,3.67,6.71,5.1,2.19,8.84,6.11,9.31,9.13,6.46,4.36,3.98,4.86,3.51,6.25,4.57,4.01,2.43,4.35,6.8,8.94,1.36,6.31,8.82,7.76,4.16,4.14,1.49,9.29,6.75,0.27,2.49,4.11,1.86,4.34,3.76,8.95,9.54,8.37,8.09,1.65,0.44,8.45,4.06,0.78,8.38,1.44,3.97,5.43,3.13,7.4,4.22,4.94,8.85,8.84,5.63,0.44,7.4,1.53,5.64,2.96,3.78,1.13,2.1,5.59,9.45,3.94,5.03,8.76,0.54,8.47,4.19,8.14,5.82,7.77,1.8,9.26,2.15,-1,4.45,8.07,3.17,3.65,0.77,9.46,2.11,4.02,7.88,4.13,3.68,1.58,3.48
2.34,1.94,6.94,2.95,5.58,0.75,9.44,6.7,1.28,3.73,9.56,2.96,8.55,5.69,9.17,3.77,9.29,4.38,7.01,5.25,9.32,9.34,6.66,7.21,3.1,5.41,8.49,9.99,7.12,1.46,3.54,5.69,6.35,9.5,4.56,4.17,5.54,5.17,6.24,0.02,0.8,1.11,0.95,8.86,0.55,2.22,4.12,9.08,7.95,4.79,4.85,7.46,1.96,2.05,4.94,0.22,6.81,0.24,3.48,7.16,9.79,4.91,1.73,6.62,2.58,4.19,2.66,0,8.44,4.22,7.35,8.64,6.24,7.59,5.07,9.23,2.29,8.94,7.69,0.57,5.34,3.89,3.69,6.69,2,1.04,1.07,-1,8.9,4.78,2.18,5.3,7.46,3.57,5.35,6.48,6.01,5.18,6.65,0.42
8.47,8.52,7.94,5.35,4.05,5.15,6.69,4.93,2.18,0.9,8.77,6.37,2.56,4.77,9.63,4.41,7.59,3.74,3.92,0.57,4.95,6.27,3.36,0.16,3.77,9.54,3.95,0.05,6.54,6.55,7.55,4.48,9.39,0.22,5.84,3.84,9.36,9.09,1.5,2.28,2.33,3.95,3.51,7.08,6.49,4.32,5.55,4.25,7.69,9.79,7.61,6.65,9.66,3.53,8.42,8.11,5.65,5.01,9.76,6.45,8.66,6.92,6.25,9.02,5.99,9.5,6.91,1.09,7.62,5.04,5.63,8.2,7.28,9.32,8.46,1.19,5.34,2.94,5.3,0.1,3.62,6.99,3.9,6.97,6.79,1.77,3.54,7.77,-1,6.5,5.98,9.7,2.8,9.25,1.78,6.45,2.22,5.62,0.06,3.65
4.03,6.22,5.87,8.21,3.48,1.58,3.92,2.25,4.88,1.79,8.28,4.45,3.92,0.72,5.23,1.47,2.7,7.73,3.64,8.18,7.87,8.67,0.3,2.59,1.28,5.19,7.27,3.24,2.26,4.39,6.79,3.51,7.8,2.01,7.88,2.41,3.66,6.11,4.98,2.18,9.52,5.28,3.92,2.87,2.87,2.67,3.74,2.3,2.57,8.74,5.48,0.66,6.47,9.7,3.5,2.1,7.74,7.69,8.71,9.56,8.13,1.23,2.37,9.34,7.68,8.79,1.58,3.22,6.31,6.39,2.12,6.56,1.46,1.3,1.93,6.21,3.86,5.1,5.77,8.42,8.85,5.48,9.55,4,8.54,3.71,8.09,2.94,2.99,-1,3.43,0.87,9.92,5.34,5.97,1.71,3.21,6.3,9.04,8.17
0,7.96,0.66,4.65,8.43,3.32,7.71,4.87,8.64,7.66,7.7,0.69,5.5,7.6,7.1,4.49,5.35,9.86,9.63,1.13,3.83,8.19,5.1,0.96,4.63,5.6,5.59,1.32,5.59,4.48,2.65,7.13,2.38,9.06,8.85,6.67,9.36,4.63,0.88,0.27,0.47,9.17,4.11,3.75,2.73,8.15,1.56,4.77,4.7,0.97,4.72,3.3,4.9,5.2,8.11,1.79,2.4,2.02,1.97,4.89,8.77,2.76,4.54,9.46,7.14,2.91,6.96,2.17,9.65,0.3,4.38,9.4,7.5,3.35,3.65,8.17,1.56,8.88,8.44,4.94,9.34,9.88,9.87,4.21,1.62,0.21,1.77,5.75,7.12,8.43,-1,1.05,7.26,3.36,3.87,1.79,0.72,0.63,4.94,2.88
0.57,8.31,7.53,4.11,2.6,2.82,5.46,5.19,7.07,3.52,9.46,3.35,1.01,9.37,8.29,2,2.12,8.87,4.57,7.95,3.16,8.64,5.44,4.34,8.71,5.94,4.3,8.04,7.78,1.99,7.07,0.07,6.34,6.95,2.48,2.57,6.53,3.34,1.71,2.24,4.92,6.27,6.12,9.01,7.82,0.85,3.62,8.27,7.17,4.91,2.96,0.95,7.52,5.16,1.17,4.83,8.55,0.17,4.21,9,3.01,3.32,3.52,6.98,3.63,6.49,8.15,1.62,0.25,6.3,4.99,4.75,8.9,0.04,7.19,5.21,1.42,2.97,8.13,1.11,3.32,1.22,5.78,4.51,6.1,1.72,9.73,8.68,5.79,8.22,5.53,-1,7.23,0.15,7.81,3.69,1.96,9.13,3.35,6.25
1.59,9.2,7.03,0.39,4.66,9.88,0.3,1.11,7.27,8.21,5.6,7.58,0.43,2.43,5.82,8.65,3.48,9.09,1.69,7.01,7.31,7.85,7.7,4.07,0.65,1.72,1.53,5.02,8.35,1.36,3.82,0.84,4.58,2.63,1.86,3.97,5.32,3.26,2.42,6.55,0.91,1.09,4.67,2.1,2.83,6.22,3.88,6.32,2.65,4.56,6.1,1.06,0.82,0.11,9.49,9.61,9.23,9.88,6.59,4.75,2.19,9.77,8.34,6,8.89,2.39,0.48,8.48,9.66,6.99,0,6.64,7.99,8.73,8,1.59,6.3,2.47,6.44,4.38,7.34,8.45,8.79,9.18,6.76,3.98,7.5,0.07,1.56,2.1,9.96,3.8,-1,6.92,1.18,2.59,0.6,0.55,9.98,3.85
8.86,8.49,2.73,8.8,1.15,2.05,9.48,2.09,6.18,4.21,9.68,3.45,9.9,3.97,1.48,8.11,7.64,4.07,8.42,0.76,9.7,0.85,0.67,6.46,1.64,4.42,3.88,0.62,5.75,2.23,0.94,0.75,6.63,1.87,5.28,4.49,5.07,0.03,4.97,2.57,4.07,9.16,4.81,7.42,1.5,1.51,9.08,2.4,2.04,9.94,0.39,3.08,5.91,2.51,6.38,2.69,2.34,9.2,4.45,6.82,5.56,8.11,5.2,4.04,2.97,7.28,4.98,4.68,2.87,4.54,2.82,8.25,3.51,6.95,9.49,9.13,0.9,7.4,7.52,0.33,5.79,0.77,5.38,2.01,0.22,2.87,9.7,9.52,5.05,0.76,3.45,2.22,1.66,-1,4,3.3,8.99,8.93,4.57,0.59
3.4,7.53,9.32,0.55,1.21,5.29,2.29,1.33,3.33,2.73,3.53,3.11,7.25,0.26,3.98,7.48,0.98,7.36,9.83,7.91,0.19,7.41,6.56,6.34,8.41,3.82,5.86,0.01,8.72,0.08,4.68,2.41,4.32,3.24,9.74,5.03,7.93,7.2,1.22,9.8,2.73,6.49,4.75,7.74,6.26,7.27,5.29,1.31,2.68,9.23,5.93,2.95,4.76,0.88,1.18,1.1,0.96,3.64,5.65,9.21,1.46,0.03,4.38,8.83,0.14,4.55,4.12,3.26,6.22,0.7,3.53,7.46,8.96,6.32,0.8,8.65,3.64,8.1,3.34,8.52,9.92,3.46,5.62,1.16,0.98,3.28,9.18,9.64,1.81,1.36,7.49,5.18,7.99,3.82,-1,1.49,1.15,4.39,5.33,7.23
9.85,3.87,6.36,4.78,1.6,3.16,7.3,5.62,2.34,2.04,1.59,6.54,3.31,5.34,5.31,7.33,2.94,1.92,0.48,8.26,7.09,4.79,9.43,2.66,9.52,0.31,0.04,9.86,1.2,2.35,7.58,6.75,3.73,4.89,8.52,6.23,4.7,1.24,7.95,4.22,8.56,6.1,6.89,0.72,9.99,9.99,8.07,4.2,0.3,6.86,5.66,3.79,6.05,8.9,1.48,6.84,1.77,3.34,1.41,0.71,0.07,4.1,9.57,0.21,0.91,3.71,8.36,3.09,9.13,0.93,9.75,0.62,3.18,4.3,8.24,1.47,7.49,4.39,9.87,4.25,7.91,6.52,3.86,6,8.86,3.94,4.56,6.01,1.63,3.4,4.98,9.98,9.53,3.21,4.75,-1,5.08,1.42,5.66,4.41
0.32,7.3,2.12,8.94,7.42,2.41,5.13,4.09,6.77,4.06,2.86,0.95,9.2,1.18,0.75,3.91,3.05,5.62,2.68,7.28,7.54,0.37,0.76,8.69,0.73,6.57,4.48,9.55,3.2,4.6,1.68,8.3,8.22,0.62,4.44,0.62,1.58,2.44,4.35,7.03,1.58,0.87,9.37,6.27,9.81,3.7,8.9,8.45,7.98,7.21,9.92,3.63,2.25,0.04,5.71,9.97,6.45,6.1,5.52,4.39,4.35,3.56,0.89,4,4.08,2.04,8.52,5.1,4.77,1.34,5.9,3.01,7.06,0.94,4.45,7.39,3.48,5.14,4.33,9.03,9.99,7.11,7.56,0.07,5.23,1.73,6.57,2.68,3.21,6.64,4.39,7.29,2.44,0.72,6.7,7.42,-1,8.44,1.82,6.16
2.73,6.39,6.55,6.24,2.52,3.38,9.74,2.52,8.72,7.01,8.2,4.83,6.91,8.58,3.89,9.95,8.47,8.23,2.28,0.33,5.61,8.28,2.72,6.23,1.25,5.54,5.8,5.93,1.41,7.59,7.11,6.23,1.33,6.01,2.99,1.85,5.95,1.53,1.65,1.53,5.22,7.4,9.39,8.65,0.24,5.1,9.66,9.42,2.63,1.57,6.56,3.23,9.86,2.68,4.4,9.8,7.94,4.61,5.74,3.32,7.89,0.09,6.15,4.44,7.45,1.69,2.54,2.43,3.45,0.22,1.3,1.93,9.51,6.95,2.9,1.13,6.73,2.9,9.05,4.86,8.38,6.73,3.16,3.99,2.48,9.5,8.38,3.54,3.11,6.35,3.07,8.2,1.82,3.6,7.99,8.92,5.11,-1,9.12,3.38
1.35,0.28,7.96,3.36,8.97,8.77,9.19,1.36,5.53,8.13,4.69,7.1,0.22,7.84,9.58,6.49,4.57,9.79,0.53,7.38,3.45,1.56,1.84,9.53,2.92,9.14,6.18,0.01,5.74,6.02,0.7,8.19,5.23,0.36,9.89,6.31,1.92,2.95,7.23,3.82,7.89,7.1,9.11,7.09,2.42,4.67,7.38,8.08,3.6,4.47,1.61,4.93,9.53,4.29,5.22,5.24,0.53,3.76,1.97,0.92,0.15,0.35,9.73,7.03,6.13,6.93,2.22,4.49,6.68,2.5,2.82,2.01,4.22,8.55,2.1,7.29,8.79,7.5,5.02,4.95,5.28,4.67,4.53,7.92,2.64,3.93,0.55,6.56,9.23,7.02,1.41,2.56,7.3,2.4,8.41,7.95,1.46,4.7,-1,2.16
7.55,6.34,8.39,5.73,2.56,0.97,6.56,3.12,2.94,3.54,6.96,4.65,8.92,0.93,8.73,0.25,1.65,3.35,2.93,6.97,4.68,0.14,1.23,7.56,6.43,3.78,8.01,7.07,2.44,5.85,9.46,0.83,9.82,8.33,2.11,7.23,1.14,7.46,2.25,9.03,7.82,2.61,8.07,6.62,5.69,1.04,2.93,6.53,1.68,8.35,7.03,8.89,1.1,4.89,1.35,6.91,8.87,1.72,6.06,7.84,2.91,0.75,9.22,8.14,9.38,8.55,2.9,3.56,1.51,9.02,2.15,5.2,7.84,1.64,9.72,1.29,0.9,1.48,9.58,3.91,5.79,2.81,3.87,6.55,9.25,6.86,9.81,3.46,3.04,1.67,3.65,1.91,4.24,9.85,0.41,5.3,6.59,0.71,4.74,-1
