-1,0.5,24.66,81.21,80.01,42.39,94.12,98.54,48.53,69.29,29.54,19.96,86.44,10.35,82.22,34.62,24.63,43.44,14.22,79.07,95.47,63.37,18.46,3.16,89.55,62.29,65.27,6.19,82.46,39.78,89.91,63.66,98.01,44.66,84.82,98.5,55.13,85.31,14.62,55.12,12.57,80.05,41.04,45.49,40.24,7.51,8.96,69.22,31.74,74.26,2.89,49.59,41.24,59.82,8.51,3.89,17.69,69.28,37.79,32.74,30.37,84.13,21.2,3.12,74.54,83.82,29.46,93.64,61.66,11.68,35.3,72.12,2.21,66.61,37.84,29.1,38.47,11.39,80.59,77.83,77.37,9.15,59.23,32.37,51.93,26.4,59.69,96.52,42.65,62.93,63.04,0.41,59.17,97.01,7.6,1.97,63.94,50.03,90.34,46.55
93.86,-1,31.09,30.37,57.42,42.39,59.58,28.67,24.61,22.31,2.37,6.13,47.46,26.07,37.66,41.65,26.45,45.5,94.98,34.93,71.51,31.19,77,9.36,50.96,62.34,51.1,82.72,84.67,43.46,39.99,57.31,52.79,21.05,55.98,15,40.51,19.13,16.02,55.78,51.3,77.91,68.77,71.36,11.75,91.11,51.09,18.15,1.31,32.04,72.3,93.61,27.16,76.99,25.42,13.97,5,49.59,30.48,95.84,89.15,13.91,90.95,9.55,54.28,8.15,22.65,28.85,82.38,35.72,35.23,68.69,77.53,30.53,26.08,48.91,17.15,81.91,61.34,83.8,54.28,72.12,94.46,84.94,84.06,80.76,16.07,67.93,12.99,81.73,6.46,39.87,95.85,92.41,12.06,72.6,82.18,90.49,26.39,8.73
63.8,63.31,-1,39.49,69.86,75.51,55.5,85.76,83.46,66.99,88.26,67.54,22.63,89.19,98.15,97.97,72.72,30.2,22.96,82.46,85.2,12.93,72.1,66.1,54.32,65.64,39.17,20.47,82.3,15.14,81.86,81.76,15.12,8.76,38.67,1.73,73.47,72.91,85.8,22.66,23.44,66.96,57.24,43.96,16.3,8.89,19.72,48.54,62.04,19.66,30.91,80.99,19.31,81.49,33.64,57.11,90.5,0.03,6.17,54.74,97.36,6.46,63.79,84.49,40.83,35,32.27,79.06,75.32,70.39,23.4,84.84,94.63,64.11,73.7,39.72,34.57,41.49,72.55,62.75,22.3,82.13,86.75,91.96,6.28,99.85,93.28,77.09,14.83,12.68,25.37,50.28,20.91,1.04,75.18,47.66,17.02,15.53,85.76,3.04
64.8,94.44,76.8,-1,70.03,74.73,55.16,87.52,69.9,7.32,72.32,54.71,13.26,93.63,9.61,89.65,3.55,78.2,43.37,39.66,8.96,63.95,29.99,84.42,48.15,22.21,45.32,1.61,35.15,34.43,12.25,35.17,4.47,41.63,23.45,19.96,69.43,90.53,7.27,16.59,98.78,53.2,98.08,83.16,65.59,82.03,58.6,62.39,35.12,83.68,84.22,36.25,40.22,53.15,59.47,7.33,55.42,76.11,71.01,75.26,50.33,8.48,84.88,83.99,10.96,25.73,11.78,2.06,23.58,47.13,52.83,2.97,14.29,21.35,70.84,55.38,93.5,70.83,86.25,1.92,1.54,69.31,68.54,2.97,62.22,32.8,22.05,48.91,89.5,41.86,81.25,58.02,44.16,24.55,83.19,94.56,20.88,37.44,9.84,98.14
13,70.76,74.4,1.73,-1,74.12,25.91,48.98,63.87,4.92,94.86,62.67,46.35,42.27,82.49,69.98,66.96,33.28,27.46,88.99,80.33,70.37,40.37,48.35,1.99,89.36,57.19,0.03,2.28,37.88,43.7,54.37,46.41,90.58,24.8,14.32,96.79,34.6,3.78,68.19,96.27,19.38,27.21,2.61,51.37,19.51,77,90.82,30.73,14.74,68.34,71.86,22.7,97.71,45.25,30.83,43.8,41.37,23.55,19.68,67.64,47.6,40.97,67.13,43.7,31.95,9.73,73.83,58.87,95.65,88.86,98.28,43.29,14.64,51.41,68.5,85.42,42.69,31.15,81.51,72.05,71.11,77.59,14.19,78.63,79.67,11.68,54.93,14.31,76.91,25.92,65.46,70.18,44.57,92.25,83.95,24.58,14.44,63.84,58.69
67.61,6.49,10.09,85.24,83.04,-1,81.96,86.96,47,31.8,8.99,23.62,47.73,79.48,59.98,39.92,24.95,94.76,61.03,5.72,43.15,13.75,79.92,97.68,73.71,16.09,80.59,51.17,52.41,62.28,71.65,39.23,69.11,94.81,26.43,85.69,82.67,99.34,59.14,99.63,62.05,45.96,47.93,42.73,73.37,99.83,25.55,11.97,80.88,93.33,55.02,72.64,59.92,60.32,35.03,57.76,8.13,66.73,11.78,68.64,90.17,48.01,44.92,86.49,94.57,95.59,38.76,70.27,25.96,92,4.51,52.58,82.18,41.24,36,3.37,43.18,80.99,55.8,48.5,88.9,59.06,68.11,3.01,60.56,39.31,60.55,68.88,94.57,49.4,65.52,96.64,54.27,19.83,70.35,9.86,88.01,80.06,19.79,69.64
12.18,61.36,60.31,91.23,31.84,81.65,-1,7.57,52.78,98.27,26.88,87.11,4.34,64.68,99.75,49.06,0.21,29,86.53,78.17,62.01,87.46,83.56,83.43,31.91,85.3,13.96,54.79,32.28,53.54,11.32,65.81,65.69,35.84,0.08,49.66,16.42,82,81.03,2.77,72.54,17.21,23.91,24.02,82.22,98.27,48.26,5.38,89.19,86.21,11.09,52.9,99.09,69.71,11.71,84.05,8.51,62.56,0.99,19.62,71.98,69.39,68.24,7.17,49.06,30.49,28.15,94.94,39.92,44.11,10.29,38.04,44.57,90.29,62.73,7.64,23.29,57.94,80.51,7.21,60.75,15.73,88.57,78.37,54.84,93.2,77.52,16.31,35.64,0.03,2.06,77.23,58.45,13.97,78,72.55,18.69,44.55,8.61,50.79
51.67,12.1,70.13,6.81,75.95,3.8,61.52,-1,8.88,30.87,7.99,47.46,10.03,38.47,30.79,55.94,5.22,71.85,96.87,96.59,6.65,90.6,14.02,90.62,5.9,10.3,45.36,83.62,34.33,15.02,97.81,60.53,27.82,38.82,27.19,36.21,5.37,65.51,51.12,25.15,91.45,21.51,26.33,42.96,82.85,3.82,61.81,25.58,30.49,73.42,14.48,96.82,1.59,15.78,84.09,21.87,66.46,99.7,32.25,34.93,86.27,47.6,79.47,9.69,4.13,26.46,76.41,22.89,94.92,80.1,30.64,74.45,96.58,86.88,88.3,47.23,67.47,47.33,2.95,37.77,52.25,97.37,60.49,52.66,43.72,27.22,15.59,11.78,51.96,58.96,40.67,46.87,15.73,99.68,35.45,90.69,91.86,15.37,84.12,56.55
76.27,73.94,87.52,13.6,2.58,69.8,98.98,84.63,-1,47.05,79.74,93.43,67.43,35.57,85.4,6.06,68.3,35.84,87.79,99.45,22.79,16.76,85.57,39.59,31.05,23.13,14.82,60.31,15,30.73,55.15,71.85,57.1,84.85,6.14,71.04,9.17,90.35,13.55,63.41,14.02,45.12,50.14,60.04,46.87,23.08,94.72,30.1,65.06,50.93,87.15,32.99,95.79,34.06,77.97,31.53,44.9,96.44,46.45,73.45,8.18,5.79,1.64,16.36,7.76,9.03,27.69,36.42,89.11,35.77,39.83,5.85,78.97,9.32,20.47,22.81,39.43,28.57,83.84,6.79,75.39,76.79,43.98,36.28,51.27,3.41,87.74,49.17,47.66,29.66,68.62,99.78,65.39,94.15,38.88,34.4,26.22,69.07,35.86,79.21
98.42,33.32,89.76,73.76,94.64,36.38,21.8,90.33,97.59,-1,63.9,59.56,23.48,32.46,30.48,17.35,71.37,95.97,15.35,5.74,14.78,35.67,0.54,9.17,26.97,75.11,65.45,59.43,46.8,96.62,8.29,61,16.71,72.24,90.33,98.82,65.31,89.7,93.79,31.44,0.23,27.6,0.13,77.8,56.59,66.99,26.34,96.58,46.64,55.39,28.58,44.51,38.85,75.66,64.12,94.71,42.55,36.61,72.82,88.52,80.35,56.6,5.3,79.66,78.95,93.51,85.68,57.27,97.97,65.1,90.1,73.2,5.53,87.22,96.08,15.73,86.14,24.19,62.96,49.07,1.45,48.68,71.76,36.57,82.31,9.58,40.12,16.48,75.29,16.39,28.32,91.43,62.32,46.3,50.06,52.55,47.29,83.48,81.91,13.51
70.42,6.26,67.2,85.8,85.78,26.74,87.92,55.48,17.12,35.8,-1,51.17,37.63,70.91,59.25,66.26,37.79,56.36,52.67,16.15,12.65,95.06,55.21,84.54,8.89,11.05,68.12,69.12,24.88,82.4,60.08,98.46,31.5,1.94,40.5,96.51,19.26,71.99,6.13,40.68,92.77,61.72,35.18,77.82,97.03,79.1,26.78,41.37,42.76,83.62,80.1,71.89,27.02,27.74,58.58,28.44,11.89,40.58,83.63,29.45,96.91,73.15,93.1,51.79,14.68,58.77,7.59,16.9,85.73,56.68,97.48,64.42,92.2,70.07,85.3,89,96.77,35.37,46.19,99.01,13.95,34.61,96.42,62.88,52.29,32.67,86.54,98.76,0.46,75.29,89.18,66.07,79.13,21.44,71.85,81.51,72.71,16.58,66.49,35.21
79.43,60.15,78.26,16.54,18,58.52,63.57,29.92,20,16.46,45.37,-1,20.68,76.99,74.26,2.41,86.7,23.31,25.84,93.05,88.91,25.21,18.17,70.33,24.36,28.73,91.77,95,38.17,74.34,97.04,41.49,87.11,21.11,21.74,69.06,81.09,79.85,65.41,94.72,60.74,70.51,5.87,87.5,55.93,85.41,78.36,85,92.16,62.18,15.13,3.46,25.34,89.5,39.24,25.95,41.88,78.82,68.24,75.36,11,35.74,91.05,0.54,39.4,2.32,85.41,33.28,25.78,28.33,99.17,62.55,52.52,11.41,90.26,45,24.55,7.27,78.17,92.93,13.73,19.23,76.4,47.08,47.81,54.31,56.05,58.44,76.77,6.32,22.46,99.71,73.81,35.82,13.31,82.18,8.25,40.47,75.62,75.98
33.4,10.57,70.05,91.39,22.49,90.09,29.76,2.53,79.18,37.9,71.62,94.08,-1,51.54,20.41,11.29,8.49,29.83,94.89,35.07,17.7,49.1,15.27,15.91,88.36,68.44,69.46,37.13,79.7,64.68,31.22,28.25,89.19,51.65,85.68,46.19,92.15,40.7,58.07,73.85,67.21,76.06,8.5,85.66,59.08,12.68,84.8,56.89,49.34,93.52,88.02,50.54,93.7,32.78,47.21,25.34,35.61,11.02,25.17,21.29,64.06,11.75,65.57,5.28,19,19.47,16.4,38.43,16.81,82.58,0.15,0.25,95.42,94.16,72.71,63.09,5.04,83.34,54.9,96.08,36.9,28.88,22.58,75.21,83.08,93.4,31.51,60.06,26.56,19.7,60.76,13.81,54.12,74.32,52.63,98.63,31.79,68.52,74.28,2.36
98.87,27.48,88.43,40.66,41.87,1.23,45.37,42.85,49.96,12.18,62.06,0.02,91.44,-1,85.92,95.17,2.25,64.1,75.73,33.7,28.09,42.12,0.07,52.23,79.77,93.48,36.56,44.12,11.49,34.21,86.58,70.95,86.2,59.81,43.73,78.62,6.36,91.7,7.06,68.24,52.25,34.79,77.92,81.66,64.5,48.84,93.37,36.83,70.35,69.67,68.49,94.92,18.11,74.62,80.2,14.63,98.43,4.63,77.36,18.67,35.73,5.69,35.98,12.79,22.97,83.22,35.68,50.24,18.59,47.81,69.64,99.87,73.27,67.78,28.57,83.67,81.92,43.75,42.45,11.91,85.3,67.61,44.32,6.49,92.26,45.37,80.44,59.42,86.95,40.39,65.44,34.32,79.76,37.75,21.08,79.75,33.48,44.99,37.48,56.59
50.12,87.72,96.3,12.65,77.52,10.04,93.87,10.94,68.52,9.06,8,50.64,68.12,41.23,-1,3.5,47.21,54.19,68.42,12.83,10.86,29.94,71.99,98.37,25.32,17.65,96.42,41.4,49.59,29.51,55.11,46.52,17.36,55.37,83.87,52.01,0.83,67.41,18.58,28.8,30.11,68.06,41.2,36.67,22.59,67.22,10.55,26.83,6.73,45.72,93.11,23.27,29.66,20.76,94.94,4.55,30.78,70.04,27.26,15.55,64.43,29.01,19.33,52.76,48.18,52.99,55.68,84.14,5.77,39.16,13.11,84.79,58.72,39.64,91.26,9.13,51.03,63.99,1.88,71.44,81.9,89.91,18.72,61.53,75.58,46.37,14.94,39.1,25.37,28.06,62.72,57.31,4.35,23.19,30.11,0.32,23.29,18.24,69.29,82.23
96.2,51.37,69.01,34.87,25.09,57.97,42.65,93.67,75.04,15.68,87.03,98.04,38.61,27.47,89.67,-1,0.81,34.29,41.53,25.16,74.07,16.33,78.17,80.44,27.48,6.01,82.62,84.67,71.93,53.21,70.76,33.85,75.17,73.12,96.73,44.38,77.65,81.55,98.74,86.41,56.09,50.49,93.14,72.64,0.55,67.86,91.3,8.14,16.21,57.03,82.81,4.1,64.28,41.52,16.26,6.54,27.81,53.25,4.01,15.55,4.59,78.39,61.36,1.63,99.37,51.3,65.32,19.09,57.68,16.32,8.45,53.7,75.51,57.59,9.06,30.47,53.2,68.56,11.73,35.4,60.12,32.22,19.33,22.2,9.41,97.22,92.18,85.61,30.78,58.74,85.04,14.28,51.88,95.7,47.37,33.3,68.31,54.21,73.6,11.22
19.87,71.51,19.86,3.93,44.85,24.62,0.77,62.97,43.31,80.56,46.62,65.12,68.29,75.46,72.35,68.39,-1,87.83,22.85,95.56,0.25,95.67,30.38,18.67,75.94,70.86,41.35,84.25,40.83,92.34,12.39,12.19,38.67,99.81,78.99,43.68,38.71,25.2,30.96,18.95,32.48,52.13,15.06,59.37,80.37,26.5,97.14,60.68,68.48,43.39,44.49,8.51,58.16,23.83,87.7,25.73,72.3,68.75,62.87,95.49,58.96,65.66,91.31,38.1,69.36,27.6,56.51,94.8,94.72,23.7,0.69,85.23,65.91,21.33,37.9,32.46,58.57,13.35,57.5,59.5,26.27,2.29,96.09,29.35,52.94,91.05,96.44,41.43,94.76,46.35,28.17,99.19,25.07,24.15,71.01,98.54,97.86,89.01,30.3,79.99
34.72,22.24,91.3,7.8,93.09,12.11,60.83,34.32,72.96,34.26,77.72,93.14,46.33,96.91,74.22,58.26,13.04,-1,62.03,83.16,98.21,53.55,40.86,95.82,34.06,52.69,86.24,96.79,18.67,31.45,1.93,73.6,44.72,37.53,43.33,33.45,0.97,85.06,19.5,29.17,23.52,63.85,0.83,91.14,81.11,94.69,79.07,19.54,92.68,33.47,15.63,37.39,15.8,55.26,51.57,2.33,23.73,2.03,34.02,1.88,0.59,32.08,33.47,49.5,44.73,62.5,72.74,66.98,30.29,18.65,51.78,89.7,59.78,62.84,90.04,86.01,8.97,74.46,92.59,29,44.2,90.3,31.74,57.28,49.22,59.14,52.88,54.18,65.07,46.62,73.67,73.84,79.21,23.27,19.02,11.21,25.84,35.67,71.19,62.7
92.37,48.46,47.73,86.42,90.91,14.76,80.47,24.04,19.93,24.26,29.55,52.95,38.85,91.95,33.07,38.46,3.74,72.36,-1,71.46,56.66,11.08,8.39,49.46,49.99,96.77,8.82,60.88,78.79,61.74,17.4,35.51,44.92,57.62,84.85,13.04,96.62,86.85,27.7,70.27,7.44,17.56,39.62,17.13,88.94,83.48,24.39,59.57,83.31,4.47,58.03,64.16,6.92,21.74,21.59,29.42,32.57,76.34,48.66,91.83,4.09,66.36,14.16,19.44,76.32,33.15,30.03,0.05,30.06,11.3,77.54,36.24,4.94,86.8,98.93,93.81,54.91,33.67,26.14,79.15,60.71,55.87,1.77,32.37,32.93,98,47.57,50.68,10.73,12.86,75.93,40.53,36.54,78.12,48.24,23.21,99.71,44.25,83.92,21.74
59.58,74.98,67.7,42.69,86.74,62.31,63.21,71.39,57,46.18,81.6,87.5,19.75,43.65,18.6,50.51,64.42,71.42,22.2,-1,27.48,27.18,97.22,14.62,15.92,6.3,33.98,22.19,97.66,41.14,63.57,50.23,97.18,6.45,9.25,21.25,19.73,39.98,35.75,14.93,61.54,94.74,23.16,34.31,11.46,98.27,76.86,97.75,25.35,94.62,27.76,52.24,85.82,98.66,68.92,76.03,26.29,90.18,80.43,67.68,56.59,37.76,61.44,61.29,34.32,26.27,85.42,67.99,41,76.68,80.53,50.57,81.54,60.12,20.62,1.55,37.65,96.36,48.39,82.6,57.15,36.28,35.74,68.41,5.9,44.17,59.26,77.46,15.99,91.77,72.47,78.22,73.81,93.65,26.07,68.93,12,77.2,59.54,36.52
11.85,29.59,13.27,71.49,64.36,76.03,8.05,61.59,33.03,70.74,20.86,77.02,39.02,6.13,46.75,30.3,73.93,27.45,4.81,49.04,-1,24.88,31.84,48.14,11.11,14.4,11.13,6.7,76.64,61.67,84.85,19.19,67.1,94.64,15.09,26.98,94.67,94.19,60.63,28.54,58,19.75,34.66,6.78,11.63,45.9,92.81,9.71,7.01,39.2,11.09,71.72,73.03,46.85,4.85,58.14,84.66,59.04,24.48,57.6,10.65,77.91,32.66,14.96,82.97,51.78,48.37,94.45,20.69,14.76,41.68,22.99,41.95,33.22,67.12,18.79,70.61,78.92,80.47,18.74,96.45,24.7,38.73,75.09,44.15,50.76,80.11,53.33,56.51,14.13,83.79,76.15,96.16,12.95,5,55.29,15.6,97.81,96.37,31.98
46.44,54.38,5.85,42.78,98.41,39.86,12.95,24.78,54.27,8.94,80.49,92.4,5.87,59.63,55.82,11.54,68.13,78.66,87.01,49.69,80.84,-1,91.29,30.16,84.16,2.72,54.38,94.42,38.44,11.3,45.85,1.12,23.54,31.02,92.93,52.05,43.29,97.05,62.78,28.76,12.8,23.84,42.37,87.84,66.11,0.35,46.38,15.73,40.07,98.06,40.22,79.77,97.55,48.39,62.43,87.37,89.44,23.02,46.06,97,87.15,89.39,4.86,57.08,67.65,65.96,4.08,52.34,44.26,69.68,20.87,10.64,26.35,10.39,77.62,30.65,96.87,22.66,87.28,3.75,60.71,7.8,78.89,80.96,52.96,93.82,90.89,97.15,35.61,79.38,25.46,97.49,11.9,73.55,39.53,41,43.93,15.92,9.32,31.91
53.37,94.57,93.19,75.59,52.15,27.54,68.89,36.61,53.35,96.95,7.66,46.17,47.34,26.54,91.76,32.45,69.47,66.67,48.25,13.34,77.79,94.11,-1,59.79,13.79,66.13,56.34,52.47,71.41,56.11,15.91,9.76,27.52,90.79,29.26,45.56,91.83,59.13,16.37,36.62,0.29,4.32,56.37,29.67,80.99,90.95,60.76,13.43,18.42,78.89,33.65,32.53,80.36,7.72,1.45,75.34,95.52,81.85,86.82,81.82,50.02,43.81,0,46.1,72.91,36.73,19.61,40.42,58.28,89.58,34.45,93.18,33.62,12.14,58.41,43.98,32.77,49.05,33.31,40.43,12.84,47.7,77.55,46.27,98.06,61.41,11.66,44.33,41.27,52.83,60.83,51.78,96.52,31.55,66.47,37.73,82.05,46.09,6.75,85.83
99.96,83.59,93.41,63.06,68.2,67.25,4.18,75.3,29.65,0.54,91.94,16.67,22.45,50.33,10.12,36.34,17.46,1.6,96.63,7.33,23.02,31.57,21.25,-1,15.62,19.19,25.48,35.73,95.51,50.92,8.71,18.22,79.43,75.93,28.16,99.2,20.77,60.12,57.92,80.02,56.07,23.11,0.1,40.21,29.41,81.54,43.22,41.34,29.84,73.86,97.05,79.72,71.91,5.21,27.91,55.64,44.06,9.23,23.34,45.44,53.49,19.72,98.84,60.83,54.6,98.86,92.82,20.77,42.85,16.96,50.18,35.05,21.72,83.27,50.46,52.7,8.03,86.69,66.52,4.39,37.68,99.94,70.87,85.92,50.3,18.97,20.52,89.58,35.38,17.74,9.16,99.6,99.35,43.73,57.09,30.52,53.44,18.66,46.96,8.23
82.95,57.79,94.84,79.33,67.51,0.38,30.66,2.86,30.7,80.72,84.33,15.71,1.84,86.54,46.31,67.93,33.89,28.23,4.05,96.73,60.5,31.55,73,20.69,-1,81.87,77.14,37.04,15.01,56.74,45.67,17.08,53.92,13.99,19.16,85.25,6.81,20.7,84.64,37.95,38.39,66.68,70.66,29.58,45.28,67.81,43.5,67.32,73.17,89.27,10.25,5.8,99.94,51.26,5.73,11.07,49.17,33.64,28.57,85.45,24.54,91.51,30.5,31.9,9.7,10.11,54.86,14.27,36.09,41.44,31.79,9.07,39.94,95.08,67.59,2.75,4.86,44.45,25.34,47.74,0.91,58.64,63.21,41.61,81.57,88.84,65.04,95.82,78.35,41.2,33.33,79.28,34.1,64.75,93.71,3.63,95.19,59.73,38.56,4.25
61.76,42.88,20.21,33.69,41.93,39.55,65.8,25.54,26.73,94.73,40.8,65.84,55.55,73.14,23.74,61.89,66.98,4.05,5.42,76.47,94.88,21.03,34.2,68.49,79.22,-1,33.05,97.13,93.7,18.97,75.01,29.59,17.44,72,86.45,21.51,82.65,82.37,77.04,28.68,27.54,4.85,28.43,0.62,4.01,38.79,1.65,18.02,45.42,97.36,69.82,75.74,10.01,93.66,24.43,34.32,2.55,98.66,10.34,67.78,89.94,15.35,37.14,72.74,57.68,41.93,47,19.07,4.03,15.39,72.39,39.07,20.26,7.93,2.7,35.63,81.98,6.93,28.5,55.63,85.7,52.03,93.9,94.26,73.83,93.52,78.2,39.87,67.75,72.2,84.5,67.57,27.31,0.86,60.97,92.36,0.47,68.79,43.43,64.91
75.66,48.06,84.72,42.37,28.95,37.72,40.8,83.69,73.31,65.2,87.97,90.82,52.84,4.41,3.3,23.36,21.63,12.78,27.24,5.74,74.54,91.12,86.57,15.23,50.93,81.68,-1,63.37,32.95,22.72,12.6,94.54,44.21,9.67,39.16,38.57,73.33,8.21,20.48,20.89,82.73,71.22,37.85,36.95,57.86,95.55,53.31,54.52,84.33,55.51,22.35,27.07,44.21,91.95,93.32,27.09,44.17,89.78,90.81,80.21,80.7,31.92,64.9,87.36,72.51,59.51,50.46,18.68,72.4,95.61,9.2,95.92,54.02,94.31,44.32,98.38,15.56,85.67,90.26,50.14,47.87,42.28,23.95,37.1,37.2,81.09,59.39,52.75,14.48,98.9,86.24,84.24,97.79,55.3,7.66,27.38,37.51,52.01,26.06,59.1
10.25,88.72,17.47,23.48,91.62,2.7,82.14,81.97,14.92,34.75,91.62,33.4,29.41,76.56,38.99,53.9,65.91,97.92,39.18,31.21,9.38,23.47,21.24,0.48,80.01,67.49,17.35,-1,67.09,68.73,11.85,55.56,73.63,54.77,16.45,45.68,34.08,84.36,78.65,98.93,87.16,14.57,99.84,12.84,82.99,13.89,81.03,1.82,42.17,63.54,5.1,61.58,42.38,34.48,95.61,53.29,87.55,65.87,5.6,10.32,39.32,40.92,97.74,19.89,52.69,49.08,81.78,84.89,42.75,70.51,57.64,64.28,32.03,60.73,63.23,49.56,6.56,5.84,22.16,24.75,40.67,11.49,89.36,53.14,64.35,18.6,32.7,57.73,59.56,43.78,84.25,20.29,19.85,17.17,59.18,98.56,47.91,89.03,33.83,25.08
96.81,6.65,18.9,65.57,34.45,25.25,14.57,45.46,50.79,52.73,76.03,88.41,1.36,4.23,50.16,30.55,36.96,92.64,28.3,67.02,16.09,23.3,81.9,2.29,1.66,2.71,40.47,89.9,-1,76.51,97.65,5.46,69.69,87.57,14.48,79.5,80.62,43.09,45.01,31.83,17.86,19.36,48.84,58.24,48.91,61.56,36.93,78.52,86.81,81.5,63.84,91.41,53.28,99.78,12.81,21.72,64.64,44.28,91.68,69.7,18.36,98.84,16.6,4.85,14.7,97.09,58.58,79.79,3.82,12.15,63.65,76.2,69.15,54.87,91.6,91.77,80.46,31.09,85.7,94.61,39.34,10.75,73.23,70.62,75.65,91.7,13.45,32.58,29.85,24,21.19,66.84,96.25,53.08,5.69,41.74,12.42,49.26,59.1,45.76
48.43,3.72,51.36,24.02,13.04,37.06,87.86,45.9,5.8,53.25,46.39,88.08,89.07,86.13,49.86,55.93,96.02,47.12,5.31,0.46,56.57,58.34,99.67,76.8,42.81,66.92,17.91,81.16,32.97,-1,32.44,88.85,50.63,21.51,79.88,86.26,17.19,9.75,78.84,70.37,26.61,27.85,56.97,65.57,69.75,55.66,36.67,5.19,84.3,21.1,47.96,38.3,12.21,91.56,39.53,32.92,14.56,14.88,15.32,33.52,2.47,18.12,69.33,6.73,78.88,38.62,62.77,41.49,11.56,51.84,32.7,44.26,77.9,90.59,11.43,73.69,69.51,62.6,58.16,76.96,30.67,3.73,97.98,25.62,78.21,85.85,81.46,16.08,95.15,6.95,12.05,49.39,64.13,25.61,67.6,5.47,77.83,38.03,64.04,67.41
27.04,48.59,66.87,96.26,54.41,16.26,55.51,78.15,73.84,0.72,35.77,73.16,43.68,18.27,49.58,15.83,29.91,46.26,71.51,37.3,50.58,86.93,59.26,68.17,29.85,48.38,92.75,40.8,94.07,80.14,-1,2.89,16.41,5.77,1.36,62.96,81.47,0.19,74.62,82.92,62.45,77.45,63.7,94.36,76.64,28.8,63.94,97.9,24.11,88.83,27.09,76.19,86.72,45.6,75.63,44.97,47,93.62,77.6,39.72,1.11,78.39,37.96,23.27,76.58,62.77,8.31,31.17,58.58,65.15,33.8,90.51,76.25,18.25,47.34,3.7,16.11,12.05,52.94,62.9,94.27,37.68,32.84,39.43,93.62,7.51,89.59,50.39,20.01,3.09,39.36,29.92,53.18,74.12,52.51,28.45,28.23,33.13,1.35,55.01
95.72,84.34,11.38,16.62,18.3,63.77,20.25,3.85,90.16,68.59,65.56,75.36,62.7,96.91,80.94,71.94,77.42,50.48,5.05,61.14,85.37,17.09,49.75,0.05,42.11,91.98,78.1,92.23,31.02,32.3,51.09,-1,46.63,66.79,59.42,4.68,20.85,35.24,31.6,13.8,35.52,65.34,5.31,21.35,12.64,3.13,10.24,5.93,94.64,26.87,7.67,25.23,64.91,43.8,75.18,22.62,91.74,47.5,58.54,17.11,54.21,2.16,75.57,84.6,68.99,78.73,91.46,55.07,4.81,35.8,61.85,45.51,25.08,32.92,90.38,73.61,85.74,0.55,60.43,87.08,43.85,28.98,4.17,61.37,17.36,74.35,18.48,41.51,54.44,15.83,6.31,80.08,66.36,77.2,60.72,12.95,49.1,60.63,66.14,33.95
99.88,25.78,84.19,0.2,70.25,84.73,44.29,34.66,56.41,97,16.48,85.74,97.29,91.78,57.61,75.68,56.8,10.03,76.88,11.78,57.62,57.19,81.12,68.75,60.8,45.04,70.89,50.99,45.97,85.49,67.03,26.94,-1,18.06,24.56,73.7,72.2,4.8,42.83,93.91,5.02,46.12,60.72,34.57,28.48,70.72,9.46,93.34,6.21,58.09,89.4,75.43,10.29,14.69,96.79,98.32,70.63,31.72,79.54,1.55,7.25,82.13,20.27,85.09,58.17,91.12,94.11,2.86,58.66,94.9,78.44,41.36,29.78,4.41,26.86,98.59,80.87,19.65,8.27,79.99,92.9,36.4,12.96,69.35,20.26,89.53,11.95,85.19,13.95,4.79,95.76,57.61,72.49,24.19,97.81,15.03,30.51,38.34,4.92,52.43
12.25,26.35,36.08,98.28,17.34,83.66,95.83,34.71,83.47,13.92,69.56,16.26,80.98,13.18,45.72,98.87,89.2,65.14,75.4,97.46,36.11,50.63,35.12,25.58,73.26,75.97,48.73,49.11,78.96,43.21,57.81,35.03,37.68,-1,65.38,43.45,89.22,86.37,94.25,11.08,20.34,35.95,18.03,55.8,57.28,35.66,0.18,13.22,0.46,54.09,85.99,20.67,94.23,20.84,99.14,91.18,33.76,66.37,37.73,96.97,50.07,40.26,52.38,57.94,58.16,18.41,45.66,92.67,82.28,35.78,0.74,24.54,79.6,10.99,11,0.43,78.47,45.29,41.15,66.53,39.03,44.65,67.58,2.05,32.44,21.39,60.1,82.33,81.49,68.28,30.22,53.87,43.01,77.06,86.92,57.8,8.11,19.98,49.62,42.81
71.83,64.46,18.2,3.21,30.49,47.51,18.24,84.67,28.56,18.11,83.37,63.37,66.28,59.68,45.62,56.55,40.9,95.26,28.99,60.08,83.85,3.47,63.37,43.05,19.57,6.88,26.32,22.48,78.85,45.07,90.98,88.42,1.85,76.53,-1,15.66,13.25,16.83,44.63,44.84,46.03,29.83,43.12,49.27,14.57,62.22,1.35,88.53,64.66,88.52,52.63,17.06,29.2,56.02,97.39,23.4,90.1,67.9,46.63,48.79,16.74,32.03,12.69,47.14,37.22,86.52,10.68,86.49,67.26,61.13,39.99,22.83,93.57,68.29,59.77,46.12,89.56,18.47,57.88,72.45,77.75,99.36,81.39,80.08,87.93,65.87,0.81,46.38,43.44,65.66,25.36,75.76,39.44,2.07,37.83,47.45,17.47,58.56,84.26,61.83
52.4,59.48,69.42,75.81,46.92,42.54,8.79,62.27,84.98,71.27,57.13,83.83,50.72,2.71,19.89,53.71,6.52,6.17,99.04,28.57,23.95,74.05,91.13,41.66,27.72,14.18,84.97,21.09,81.1,12.77,41.45,19.55,6.55,98.9,72.43,-1,37.57,73.35,15.6,90.13,18.38,35.16,97.6,16.57,79.27,78.98,72.06,39.28,23.64,94.84,51.91,86.96,87.46,27.45,98.08,4.51,38,76.23,40.67,15.93,46.63,45.54,54.12,18.95,19.56,81.88,14.82,19.48,69.21,6.64,58.4,69.9,39.83,65.79,64.37,78.35,86.71,61.53,5.6,42.57,3.76,4.6,95.59,64.17,37.81,78.11,89.57,73.73,70.33,20.05,29.38,17.93,94.75,13.96,21.57,37.12,78.99,16.07,40.81,12.98
75.7,50.9,72,5.86,91.24,56.03,78.58,9.12,9.19,47.91,67.84,36.26,57.79,91.52,1.64,25.96,33.15,85.75,84.52,36.27,88.1,69.39,34.55,5.37,32.3,63.94,73.9,68.21,99.42,35.38,25.55,45.63,73.58,17.86,11.39,81.87,-1,48.87,27.43,53.73,73.44,34.47,31.7,1.4,64.87,50.12,22.31,70.94,65.63,19.17,16.09,65.62,9.95,27.9,8.12,28.94,13.22,61.38,74.36,20.37,62.35,99.2,29.43,25.72,25.16,82.1,34.97,2.12,59.47,97.97,44.32,35.47,32.95,68.46,6.92,76.72,27.98,46.54,3.33,91.02,28.8,32.75,95.54,63.6,91.87,24.97,18.87,86.8,90.14,3.27,73.59,63.46,72.08,92.42,77.22,88.14,70.78,60.13,21.82,15.33
38.63,63.09,60.66,91.34,23.58,64.32,17.32,83.53,0.04,6.66,94.43,19.17,13.65,73.39,89.05,52.49,88.68,43.54,40.35,32.76,24.06,51.34,78.08,76.35,2.09,32.54,19.34,96.81,88.6,53,68.86,74.83,97.51,97.57,29.87,17.99,89.79,-1,99.06,92.85,34.73,31.36,40.69,18.38,5.11,10.76,51.42,79.58,47.44,62.08,36.79,94.91,96.98,57.85,19.14,20.7,1.12,19.98,96.61,91.36,92.83,81.05,97.85,45.1,56.79,94.01,50.15,43.2,62.96,72.01,63.19,34.77,81.63,7.99,32.22,22.95,90.95,51.16,83.15,24.93,48.02,79.77,15.11,51,8.83,7.74,31.94,46.09,70.17,64.3,19.86,56.72,28.88,24.75,62.4,25.66,45.01,70.6,72.69,14.23
94.27,12.5,30.72,94.09,10.6,12.47,49.69,86.19,0.15,11.22,71.35,28.58,89.71,6.33,92.98,22,1.13,62.33,15.2,66.39,43.74,67.1,56.71,41.46,9.62,87.12,36.09,65.06,8.17,1.61,59.63,76.49,28.21,45.52,22.51,69.77,99.77,89.26,-1,60.89,78.35,52.86,19.28,33.25,84.46,52.22,20.07,46.48,59.63,58.33,21.3,41.97,64.09,54.76,34.2,80.37,93.45,70,36.67,95.01,43.74,57.44,22.78,16.25,29.58,71.83,1.97,53.31,89.13,35.17,79.38,73.06,32.59,4.31,57.93,41.45,7.09,1.96,72.54,78.46,78.05,19.65,81.72,18.9,58.93,63.04,11.61,98.09,56.02,22.06,18.26,61.33,35.75,64.29,26.72,16.16,4.42,20.53,54.28,21.83
58.36,6.77,3.64,18.04,17.81,60.88,52.23,98.94,66.51,27.48,60.32,43.07,58.92,89.59,81.01,28.61,85.97,37.68,72.38,82.57,53.84,31.49,13.34,98.65,78.75,80.38,19.68,91.65,89.78,95.39,66.79,62.34,79.37,94.48,89.24,81.45,59.05,74.27,26.04,-1,71.45,74.46,31.87,13.8,15.64,54.04,46.48,48.61,82.9,14.05,14.46,66.69,88.11,10.21,9.86,22.19,16.5,46.15,21.37,6.78,19.2,17.56,41.6,44.23,77.78,27.31,55,69.36,29.44,45.99,35.62,6.25,95.88,72.86,78.03,27.04,73.92,28.67,39.92,54.07,48.71,38.3,16.56,71.6,13.65,52.56,37.56,48.69,68.56,82.08,59.53,83.65,72,29.69,0.95,63.58,71.91,53.92,69.53,21.15
81.8,87.12,43.35,9.9,96.11,7.07,69.8,94.72,1.05,1.67,14.19,14.35,40.45,72.58,18.82,56.34,1.22,91.03,37.97,47.09,27.51,38.76,64.51,3.78,86.28,49.43,47.37,24.99,99.72,68.14,87.88,4.26,67.93,95.2,86.52,10.97,66.18,94.91,18.93,2.81,-1,21.17,78.78,26.45,95.21,30.6,42.01,58.73,9.04,83.97,21.48,32.18,43.59,94.47,12.85,29.56,3.83,39.17,55.93,79.08,35.4,29.49,76.29,80.05,8.71,20.99,66.93,57.5,58.88,93.02,78.87,82.74,62.3,96.33,38.31,19.95,98.89,53.62,6.4,66.26,44.23,61.77,14.6,82.79,24.34,15.61,59.14,12.82,25.28,43.01,18.04,12.83,56.86,89.94,92.13,72.14,14.47,49.57,34.95,29.49
89.72,21.57,7.77,47.11,99.44,3.07,41.49,77.1,36.49,53.1,56.71,64.52,92.38,27.86,80.78,11.98,27.62,59.8,48.4,82.21,77.2,41.99,89.39,39.8,83.15,38.62,14.83,89.77,76.53,10.08,19.89,22.74,3.72,43.55,52.86,94.62,8.38,62.67,71.07,60.63,57.41,-1,45.17,51.94,6.6,64.05,78.02,51.07,83.76,62.95,0.56,78.79,74.85,30.73,99.34,56.97,13.81,44.95,28.74,91.44,73.1,83.8,70.48,92.35,80.19,14.01,10.21,63.41,82,55.68,28.5,51.65,19.03,39.32,64.47,91.64,57.85,68.16,10.12,94.54,84.36,43.68,78.31,36.08,38.26,20.69,3.86,65.1,49.36,48.91,55.18,41.29,91.04,1.95,66.38,64.51,10.36,14.14,2.8,21.84
63.44,19.62,5.56,3.8,26.62,29.06,39.24,78.54,15.11,22.61,95.58,81.89,88.76,30.97,71.64,49.05,83.88,80,2.51,64.31,50.77,44.13,22.16,39.43,61.4,54.47,83.13,84.8,10.09,25.32,15.87,8.69,23.41,29.11,29.59,14.99,14.39,67.02,14.94,73.28,64.64,48.12,-1,5.63,89.43,66.99,73.46,84.93,85.29,54.54,22.22,89.14,33.1,34.72,79.68,70.94,6.38,3.99,46.91,46.97,50.74,47.08,15.36,27.81,44.3,57.48,96.92,41.15,41.04,27.12,77.86,30.06,48.36,7.92,14.38,20.69,30.32,80.25,18.94,4.63,18.92,47.54,79.63,11.82,42.35,50.89,71.92,11.82,1.63,24.73,55.13,80.07,10.13,24.21,50.12,68.63,64.28,97.5,9.45,41.17
83.3,13.7,25.95,68.41,76.04,63.24,87.17,68.72,24.62,0.86,38.55,83.65,20.18,18.34,89.94,13.83,67.93,97.13,3.81,26.09,88.7,46.76,7.4,17.22,63.96,61.26,77.75,4.76,76.27,92.28,66.92,83.5,82.76,27.12,48.51,22.99,13.78,35.11,55.68,0.13,32.84,55.89,25.88,-1,53.57,57.3,27,3.56,91.37,51.1,50.07,50.86,69.21,88.36,79.24,59.07,91.8,2.21,31.59,57.65,10.74,92.59,60.68,98.52,88.86,85.86,11.01,14.32,9.59,58.97,91.09,96.66,8.52,82.56,71.71,29.53,76.86,40.69,51.62,37.52,76.51,91.64,60.79,53.19,57.19,15.56,23.85,0.9,12.44,26.55,27.92,63.76,90.2,58.48,40.08,50.9,13.29,28.81,48.27,44.78
40.84,64.02,1.55,98.42,64.25,7.23,83.92,71.2,73.26,78.22,14.16,94.06,9.58,48.54,64.13,40.59,93.48,46.64,28.01,50.05,39.3,23.68,66.97,86.4,40.46,69.23,60.11,16.93,5,72.57,27.96,12.01,52.27,50.28,67.99,33.17,89.54,84.54,52.89,4.34,80.62,59.43,34.82,79.89,-1,43.19,88.85,20.99,33.08,35.28,92.1,17.09,49.57,13.21,38.5,75.37,27.8,1.49,47.13,18.12,82.98,77.82,67.07,53.31,25.29,33.29,35.86,2.65,86.74,72.66,13.31,76.55,79.48,8.58,62.19,20.19,89.31,58.4,11.97,46.62,34.12,93.6,78.64,38.81,77.88,7.31,93.05,99.36,91.27,79.43,45.47,72.38,37.98,72.86,66.81,72.16,22.2,16.31,20.66,22
92.99,73.97,77.97,11.53,19.7,55.23,38.33,94.78,73.55,86.61,17.08,53.14,97.85,20.39,96.07,66.27,1.84,95.83,74.63,66.01,12.92,87.86,63.21,49.92,11.41,14.48,31.29,11.09,70.19,92.76,0.82,87.36,89.86,86.3,24.69,15.29,13.33,57.15,41.53,3.53,29.77,0.85,33.43,25.37,60.58,-1,71.61,51.78,2.92,57.36,53.24,20.1,70.86,56.9,41.43,37.91,21.25,42.43,96.25,57.33,95.86,4.6,11.43,3.69,71.26,0.42,42.92,77.55,54.14,93.36,36.74,51.33,3.38,84.3,64.01,31.39,10.56,73.13,97.92,60.82,46.22,7.36,27.87,42.13,79.99,73.45,96.9,35.11,94.04,6.42,20.13,3.99,16.7,79.11,85.49,43.58,17.31,13.14,8.61,57.87
44.84,42.76,2.95,19.36,49.25,20.16,63.48,53.3,62.74,89.74,22.16,42.69,22.22,52.14,74.59,96.6,28.09,29.48,35.9,68.42,69.94,60.6,71.43,55.61,55.78,20.94,21.73,48.41,4.68,72.12,99.16,3.59,91.71,29.97,37.75,0.77,66.24,70.6,94.2,36.26,77.09,75.32,10.12,30.76,89.38,60.58,-1,40.95,22.1,33.53,11.12,50.35,57.63,84.13,74.24,10.63,49.06,37.53,34.25,51.14,92.89,22.18,11.14,26.88,88.15,24.93,74.96,2.53,37.41,86.68,35.11,91.91,24.75,81.89,64.03,38.41,21.46,46.71,45.67,76.94,74.03,11.6,3.52,7.41,7.4,77.75,56.11,55.08,48.67,34.65,27.68,20.65,35.75,11.15,10.23,48.18,86.41,63.4,81.69,78.68
4.59,31.01,40.4,94.01,37.24,97.65,77.17,33.75,77.62,54.44,68.21,92.95,76.75,13.69,47.66,86.06,70.17,19.62,89.5,91.99,61.76,26.49,33.88,83.19,22.06,87.76,64.97,67.13,57.65,18.22,27.52,53.68,27.69,17.01,15.65,24.36,4.31,32.69,43.24,13.58,25.21,82.8,6.36,9.1,68.25,58.49,38.86,-1,70.09,8.29,69.99,47.19,1.65,59.88,82.78,90.04,94.26,56.18,67.81,96.27,26.25,48.94,55.38,26.29,25.85,98.1,58.71,95.54,76.44,70.58,84.71,95.94,65.96,41.09,91.22,61.93,12.03,72.98,47.15,31.69,71.37,26.73,81.44,0.69,7.86,22.23,60.88,81.58,77.01,14.98,18.79,78.22,15.17,75.6,22.27,81.03,13.52,78.43,71.32,32.15
95.02,81.12,13.43,94.39,92.14,34.37,10.07,67.75,43.91,49.23,51.87,86.74,44.07,5.32,34.7,40.06,80.13,6.35,0.29,75.46,10.36,87.29,47.99,7.65,5.37,63.44,62.88,17.21,68.4,51.28,98.01,40.09,49.22,75.3,39.77,71.25,67.63,39,80.14,34.97,52.72,12.3,73.42,7.19,45.98,60.96,55.72,10.39,-1,58.37,36.43,83.56,46.59,39.85,11.35,95.76,98.47,82.92,75.5,29.91,41.59,25.34,15.65,79.65,66.57,51.71,65.39,51.82,78.65,75.42,58.77,63.65,6.32,99.07,78.85,16.37,57.62,63.56,89.9,37.6,74.47,91.04,7.33,6.43,55.22,28.57,58.74,71.23,85.44,40.4,29.54,94.44,23.96,60.8,57.57,71.41,26.98,16.71,28.92,5.76
86.19,28.98,61.29,62.42,21.98,55.32,5.84,67.65,4.31,32.76,90.6,52.3,35.95,85.36,70.48,46.53,69.13,97.01,1.4,31.28,90.56,45.26,16.87,92.87,7.03,7.47,65.62,44.92,25.62,36.64,10.77,7.18,45.41,23.22,3.05,33.91,71.12,84.05,40.35,7.84,82.8,55.84,42.78,43.1,78.63,10.43,57.99,17.48,85.91,-1,91.73,66.21,99.91,65.15,78.79,97.23,27.5,40.59,29.17,11.12,39.11,49.77,53.88,85.66,90.53,28.19,65.21,99.02,64.27,45,45.1,35.91,63.77,84.52,40.95,76.15,32.28,19.77,60.15,7.37,74.39,16.46,99.79,87.81,45.68,79.23,85.68,29.01,76.87,94.9,57.75,68.05,12.05,70.67,29.57,6.34,65.64,36.21,80.59,63.06
92.14,76.45,88.39,82.28,42.66,10.48,25.4,83.22,67.25,1.14,28.76,51.52,49.42,58.71,30.74,11.19,6.33,65.36,53.78,48.45,71.31,53.08,88.85,90.66,29.18,97.52,2,71.8,79.59,33.02,31.63,31.09,34.88,67.89,39.43,28.65,73.07,98.09,86.93,33.89,76.59,7.31,41.1,0.33,34.28,83.13,48.65,37.16,77.55,60.08,-1,60.24,85.82,16.96,6.01,43.65,59.05,76.77,98.83,60.53,77.96,74.7,18.87,5.07,68.19,39.64,58.85,17.99,90.13,36.88,45.17,75.95,42.28,42.04,89.29,11.4,79.13,66.17,94.14,90.76,70.05,92.09,17.13,58.03,31.75,80.79,75.83,12.4,94.33,83.95,78.29,82.35,70.84,62.62,26.28,30.02,77,26.06,95.19,38.05
91.52,27.8,59.34,91.92,94.64,93.25,99.17,55.03,90.54,63.36,0.73,99.74,88.97,49.06,38.06,87.72,5.87,41.3,96.98,3.71,8.97,54.57,22.88,84.72,2.73,30.22,97.22,80.73,97.37,78.81,90.16,59.4,41.39,31.95,86.51,63.25,55.41,98.64,38.55,38.63,89.29,54.78,71.34,54.96,54.72,72.2,31.61,29.37,79.76,70.32,41.23,-1,28.5,86.72,2.27,23.41,16.39,47.9,42.2,16.51,58.76,20.71,56.06,51.24,20.61,86.68,72.44,4.67,2.3,0.44,64.7,33.69,60.24,99.12,21.67,9.91,55.03,92.76,18.23,24.33,27.32,61.02,30.2,99.83,20.15,56.97,97.21,93.74,21.51,22.72,77.41,80.81,80.68,33.08,52.77,96.84,42.53,62.28,60.78,40.31
91.89,80.22,38.98,55.47,28.79,44.15,11.46,49.26,50.31,96.37,38.81,77.91,38.22,13.45,3.43,28.33,8.62,68.57,1.91,30.16,39.56,7.53,14.88,69.32,40.41,7.97,68.84,65.54,87.4,31.68,38.69,90.9,41.47,19.96,54.8,1.81,5.16,76.31,64.51,20.08,2.91,51.83,71.78,37.46,25.85,3.9,36.42,22.6,67.48,36.49,59.8,76.97,-1,95.54,93.9,77.85,78.38,39.93,58.38,35.76,86.51,78.78,78.31,76,13.32,37.29,39.17,47.83,4.91,50.24,11.85,46.3,56.51,21.34,49.05,40.64,21.95,96.89,65.4,77.13,72.52,78.61,91.7,52.28,55.89,32.91,51.76,63.77,99.43,53.62,62.09,74.87,34.27,55.08,40.33,3.35,81.43,4.3,29.25,51.74
22.02,15.46,78.38,67.27,30.53,17.2,31.44,95.21,68.92,45,73.56,54.16,28.92,26.04,24.84,81.22,28.08,80.72,66.41,21.08,98.35,87.34,62.93,59.39,31.81,20.52,92.38,28.82,97.68,91.71,62.67,59.6,34.46,92.67,74.45,0.91,89.23,70.87,68.08,49.78,60.98,38.75,37.27,48.97,36.38,87.86,11.68,35.92,4.82,21.28,33.41,76.06,63.59,-1,58.95,85.04,46.64,54.83,38.47,89.9,70.33,34.99,83.03,64.62,14.21,60.97,6.38,51.35,48.65,69.14,7.95,87.82,60.3,0.62,9.57,36.12,80.17,93.11,23.09,96.61,91.45,92.41,59.95,43.08,59.48,41.06,99.9,19.12,44.11,49.82,89.67,61.05,71.9,95.82,33.91,0.38,83.25,88.9,68.67,71.23
56.26,4.69,31.37,96.61,64.55,81.26,46.37,67.1,73.04,50.8,97.01,30.15,15.6,3.87,74.52,87.03,9.5,41.83,39.62,10.5,67.81,1.22,35.31,41.98,17.04,94.4,1.5,85.1,7.06,26.63,15.02,28.51,35.31,66.78,83.05,12.21,71.98,8.75,16.64,68.71,52.23,91.25,15.93,68.91,27.01,91.79,86.77,12.01,45.81,27.79,31.98,89.71,2.19,68.27,-1,93.45,94.76,30.13,1.06,19.69,93.08,47.87,62.6,29.31,83.3,54.87,27.09,12.15,82.05,72.58,0.37,34.15,89.65,58.14,55.55,77.83,51.99,6.31,91.07,45.34,78.43,54.63,69.44,76.09,76.78,3.29,49.09,8.92,49.41,62.16,66.88,29.6,88.76,43.44,86.48,28.22,60,8.93,50.67,30.8
21.9,87.86,62.84,63.53,84.56,81.47,59.15,69.59,55.58,35.24,17.42,17.04,52.25,56.03,4.46,74.32,95.96,18.45,50.73,42.21,82.08,73.72,73.75,7.43,45.23,10.12,93.84,19.91,33.75,13.07,25.14,55.38,55.19,87.4,79.07,14.76,39.46,12.34,2.98,66.97,66.59,55.74,51.46,33.04,93,62.84,89.83,24.03,56.84,39,39.76,41.2,17.05,41.06,11.22,-1,45.72,45.24,40.1,13.74,63.42,38.71,91.77,50.96,62.03,48.85,90.49,28.76,3.12,25.91,63.63,83.25,78.4,41.3,86.93,11.86,9.08,4.97,89.35,13.29,6.6,71.8,75.68,59.45,3.68,49.45,7.97,52.01,26.81,36.01,29.81,98.69,44.88,96.62,68.41,49.32,24.67,48.48,13.03,21.46
36.15,47.78,39.6,90.03,40.36,41.05,3.96,38.17,75.7,42.38,15.01,63.73,96.82,16.99,83.69,64.14,7.77,22.57,60.53,39.04,3.55,74.42,50.36,12.73,85.18,72.62,87.89,19.17,78.46,78.81,41.66,66.7,65.21,40.33,45.61,57.88,45.23,11.63,95.25,35.32,74.21,90.46,47.8,70.1,74.35,44.23,7.42,8.16,96.06,31.67,90.5,3.14,7.55,90.56,91.94,33.37,-1,50.98,32.66,24.63,78.31,99.55,30.02,36.41,47.46,30.54,4.23,89.93,59.9,98.75,92.29,48.8,6.01,54.38,41.72,28.68,26.11,41.75,83.02,21.61,53.58,37.64,0.77,73.16,62.35,22.42,45.33,91.47,48.32,75.57,34.34,29.98,98.54,33.54,34.93,77.19,63.84,26.15,90.53,80.41
58.05,15.76,65.86,50.85,88.62,20.91,39.91,35.25,12.21,90.29,18.15,49.36,21.58,99.1,18.6,42.43,29.5,52.17,1.92,90.59,30.23,82.22,76.54,48.22,94.32,76.81,9.37,19.35,96.44,94.69,94.51,17.48,79.35,9.52,95.32,52.4,38.17,92.52,41.28,69.62,94.88,98.72,3.47,57.75,24.2,94.37,1.26,10.85,38.83,14.16,0.39,81.83,13.66,99.46,87.47,35.52,56.91,-1,88.05,84.77,70.57,40.13,87.97,58.61,4.36,25.32,89.75,13.59,98.53,37.08,70.54,32.05,16.49,49.62,34.91,30.12,86.48,34.84,3.51,3.34,36.67,17.66,73.75,86.77,70.37,24.02,35.19,66.44,11.16,20.92,7.53,78.05,36.13,96.77,55.06,78.9,57.11,52.42,32.5,5.32
98.53,55.62,35.7,91.74,36.89,69.57,19.92,74.4,31.39,57.92,30.29,12.21,21.35,94.97,19.86,29.89,49.1,39.7,41.11,55.03,38.88,27.22,34.59,60.64,65.66,68.23,20.22,69.3,40.86,57.95,62.39,16.23,75.08,74.66,70.23,98.68,66.07,55.83,5.89,84.12,75.5,10.31,27.81,85.83,42.86,18.77,6.97,83.6,24.85,35.34,70.11,95.08,10.43,4.83,11.88,24.28,73.78,17.1,-1,50.57,51.53,4.99,9.81,9.26,14.92,28.48,56.66,61.66,36.6,73.79,42.63,27.25,66.67,71.2,95.69,62.45,77.86,97.19,54.44,33.22,85.42,82.86,86.21,90.55,42.79,74.8,34.94,74.53,67.35,30.51,78.1,61.64,49.66,15.47,68.35,50.26,62.63,52.68,18.57,60.41
15.51,99.47,3.06,56.46,30.87,21.99,55.79,73.64,72.75,44.02,47.73,69.28,91.55,64.25,41.47,65.98,12.6,43.29,32.6,47.87,46.66,80.03,36.66,66.22,47.7,49.46,85.27,54.24,36.11,12.95,45.19,48.33,21.85,95.85,26.79,45.54,37.63,22.35,36.88,90.45,54.11,39.13,51.26,9.09,13.37,96.11,96.27,17.01,74.57,28.61,90.5,43.4,67.32,25.98,85.6,57.41,54.38,61.78,97.39,-1,97.3,1.52,55.24,43.26,50.95,74.17,3.23,20.14,26.07,6.88,99.46,57.78,99.47,27.19,92.2,3.58,38.24,55.8,16.06,8.99,99.72,16.87,87.42,45.33,94.41,24.15,83.69,93.96,9.33,18.63,19.25,8.49,14.93,93.79,88.35,13.07,5.65,5.8,97.18,69.39
2.27,49.35,41.37,41.34,3.48,56.47,3.91,47.54,70.22,87.99,9.86,99.06,72.47,81.03,70.09,34.04,60.57,33.37,82.88,81.95,76.25,57.99,26.23,32.37,33.73,82.18,54.31,92.25,92.36,88.3,13,32.23,95.36,80.23,18.74,50.86,96.58,59.81,88.1,42.22,46.65,11.25,62.12,8.21,30.55,62.76,2.4,10.05,82.59,39.4,89.47,45.54,29.11,29.95,80.41,41.28,31.2,31.54,98.05,59.59,-1,31.49,26.75,41.14,33.52,20.62,84.69,3.64,10.53,65.19,82.74,41.9,16.34,17.33,70.49,20.53,88.55,73.8,5.72,94.37,85.86,83.12,75.61,72.41,66.14,86.75,41.71,72.28,73.2,76.01,5.79,58.63,29.52,45.23,10.42,22.12,37.45,4.6,90.75,69.94
7.36,85.77,74.09,25.16,19.83,28.58,35.48,29.06,46.66,30.47,38.39,56.28,30.79,1.05,75.95,12.19,69.49,80.11,16.34,87.86,97.73,51.74,72.04,24.64,81.8,90.44,99.71,83.54,46.55,70.03,60.42,52.11,67.35,7.29,97.08,20.07,41.34,86.91,85.86,48.37,4.9,30.32,71.49,95.67,67.44,62.75,93.81,57.13,32.84,73.74,58.27,20.64,12.6,33.22,43.64,89.17,60.25,20.12,52.32,3.4,6.92,-1,86.81,95.18,26.44,24.34,13.02,49.02,0.72,55.05,97.86,41.04,89.5,37.08,55.27,66.78,75.53,7.8,57.39,81.44,76.31,15.74,21.54,50.82,79.7,4.94,70.16,28.07,38.91,86.33,22.65,51.29,79.15,56.58,42.27,26.18,69.15,11.22,64.95,31.05
28.09,90.42,59.08,50.62,75.07,14.76,36.47,79.26,14.44,62.92,6.15,47.48,39.12,66.15,79.37,22.02,99.04,7.62,75.85,79.1,67.24,62.91,17.4,36.92,14.51,55.98,14.54,32.3,11.06,88.71,86.88,70.13,28.89,49.28,81.93,1.91,87.51,11.67,17.19,18.49,78.51,30.44,58.24,1.04,52.02,63.52,84.6,77.83,87.31,15.93,79.28,8.11,65.33,95.4,35.22,35.8,80.16,82.83,39.64,61.65,37.57,44.85,-1,63.06,11.64,12.84,39.15,28.98,69.82,0.4,74.39,46.75,86.57,60.77,27.6,51.61,84.82,17.8,8.11,24.15,53.22,11.27,41.1,87.29,42.22,1.29,99.72,0.37,56.34,77.52,3.53,32.52,92.61,1.62,86.13,84.82,83.49,48.33,8.33,33.31
87.2,80.86,51.61,58.98,90.8,74.65,98.64,74.62,20.4,44.09,96.89,95.54,87.8,41.8,44.83,2.64,16.52,49.7,2.57,58.5,31.49,52.13,16.44,53.53,28.52,27.56,62.49,53.3,11.83,73.46,71.5,29.64,92.26,74.48,35.29,92.53,57.33,18.9,88.34,13.08,37.22,84.69,87.53,33.52,55.04,6.35,80.66,30.97,6.98,11.27,29.38,92.79,53.65,55.43,88.14,43.84,13.59,59.9,99.59,44.48,31.55,32.32,76.42,-1,56.11,72.92,35.1,62.21,75.11,29.18,76.29,29.52,89.6,41.23,35.46,42.29,43.81,46.37,30.62,54.57,61.7,26.79,42.74,2.36,59.28,95.99,37.1,53.49,58.77,12.83,42.3,28.15,1.93,59.48,13.7,47.75,71.02,45.67,33.89,74.33
96.16,75.68,5.93,40.03,19.21,42.45,52.04,55.33,98.67,76.22,42.54,22.85,43.95,48.58,2.62,65.36,59.82,59.58,18.15,21.32,18.42,51.74,76.48,67.53,74.95,85.39,37.16,37.78,59.94,74.03,81.42,14.74,76.71,9.75,80.93,9.45,1.28,8.48,13.4,14.73,88.69,41.33,31.99,31.66,25.42,79.4,22.48,14.49,15.01,5.71,7.92,40.05,17.36,79.86,31.56,10.93,66.88,36.58,21.32,81.05,89.8,56.04,94.51,18.39,-1,64.49,13.74,75.58,51.3,76.42,27.86,56.85,15.58,45.4,41.8,99.98,45.36,47.89,66.54,79.32,28.3,55.66,96.36,53.98,45.88,51.93,30.72,29.68,79.21,79.41,15.12,67.39,89.55,37.63,69.68,67.6,68.85,14.21,79.26,78.82
25.79,38.59,47.04,30.24,33.59,98.9,89.66,87.73,68.02,33.57,27.21,40.76,29.89,54.48,68.52,81.4,45.07,90.24,10.12,83.92,54.59,0.76,53.35,1.91,84.07,60.08,70.5,11.21,96.42,68.92,34.57,92.11,7.18,90.34,44.81,31.21,11.96,13.22,86.22,99,12.17,25.89,71.49,15.34,75.46,83.87,58.47,7.85,22.24,48.24,60.35,86.1,89.79,51.79,46.99,50.01,57.42,39.72,35.16,40.16,60.14,20.21,85.46,90.09,87.98,-1,23.94,29.17,15.64,60.09,12.26,71.17,48.97,35.09,64.52,16.14,65.41,59.71,57.53,30.24,0.07,78.79,63.23,66.53,14.97,87.38,67.23,68.05,47.26,44.58,22.21,20.32,99.04,78.59,71.47,67.77,55.49,85.59,23.74,12.6
48.76,71.51,88.5,48.72,14.28,22.68,53.58,35.91,65.87,28.02,52.62,3.24,22.21,72.74,21.38,46.62,35.85,19.81,3.05,96.35,44.3,69.1,18.13,63.37,73.99,57.92,82.95,95.13,53,70.88,97.84,46.16,23.84,46.42,99.1,23.21,77.9,80.29,29.81,55.85,86.44,37.71,49.39,34.25,74.47,82.01,39.96,47.69,52.07,29.1,65.7,6.17,56.09,24.16,10.23,51.81,70.35,48.79,82.28,50.85,61.86,40.2,4.99,7.12,93,61.75,-1,73.06,95.38,18.46,26.19,47.39,95.53,44.8,35.16,73.82,62.28,19.05,11.11,49.69,59.82,97.63,55.86,13.65,90.61,37.95,2.37,35.7,98.85,77.08,16.21,30.59,45.62,1.5,66.75,12,30.26,83.28,71.17,25.79
29.13,7.37,34.96,80.37,78.98,38.91,61.02,44.08,34.17,42.41,18.49,85.76,5.37,33.17,82.83,44.96,84.55,3.98,75.42,24.78,29.13,68.2,9.08,87.94,6.29,30.88,37.23,19.12,23.35,84.63,65.22,57.77,33.19,26.42,81.37,40.54,79.33,22.27,13.46,50.57,76.03,71.84,60.25,73.67,81.75,30.86,29.47,62.14,96.37,44.06,93.52,0.92,7.41,85.61,50.48,44.81,62.98,42.24,1.69,91.74,33.5,55.7,52.6,20.91,87.05,59.45,15.12,-1,96.91,90.63,46.2,41.25,78.85,40.27,76.32,60.68,11.58,23.4,89.13,34.43,28.63,6.36,97.61,66.84,21.45,74.09,11.74,6.23,20.56,60.49,64.18,50.43,52.74,63.28,61.69,68.89,71.93,30.26,86.04,36.19
7.81,74.15,39.98,20.64,19.92,41.17,81.57,16.22,68.53,91.14,18.5,6.28,97.32,52.76,2.95,69.34,89.56,75.33,96.42,73.39,93.77,21.75,71.27,58.61,47.03,61.76,71.69,75.8,77.3,52.81,75,51.67,84.01,48.5,92.81,73.34,94.8,65.79,2.54,37.1,60.61,18.63,53.91,90.82,82.12,30.76,69.6,24.69,34.88,96.6,46.75,15.6,51.94,90.55,63.02,43.41,93.49,84.95,93.6,23.78,64.79,18.66,10.02,49.94,86.9,77.25,67.28,42.35,-1,68.26,11.07,71.39,9.84,72.09,48.53,57.02,79.68,47.27,92.91,4.83,81.42,55.76,1.66,98.23,33.89,26.25,38.31,40.54,62.89,53.85,70.54,36.75,17.26,94.25,41.28,71.79,72.7,21.26,84.74,32.54
32.92,33.44,32.53,76.5,64.48,81.49,84.55,16.85,89.18,30.95,74.01,63.32,91.11,49.6,9.99,69.69,18.47,58.17,65.8,31.3,72.04,95.06,64.13,96.53,86.5,2.36,15.92,36.35,11.95,27.47,78.97,35.84,58.58,16.2,12.23,11.16,30.96,19.71,57.78,97.86,7.4,23.92,74.26,13.06,26.4,87.8,66.94,82.31,19.12,43.16,22.21,55.37,37.68,60.33,56.33,39.21,11.34,52.16,34.5,97.35,31.72,16.56,87.73,67.33,35.08,66.73,73.44,22.66,97.61,-1,83.13,13.55,96.27,45.78,72.82,53.98,79.17,72.69,1.47,38.39,75.53,19.57,19.76,4.44,74.81,18.25,91.08,96.03,7.97,79.06,43.79,63.04,32.05,3.86,93.26,4.05,61.88,69.96,65.27,70.45
10.17,40.52,65.6,54.65,16.97,88.92,24.46,39.26,33.05,7.29,36.85,87.83,16.28,5.47,96.34,54.26,33.96,90.04,45.58,81.5,3.92,93.09,75.59,46.97,74.63,51.83,82.61,28.85,87.57,60.5,45.15,24.65,30.08,63.52,43.14,85.92,44.29,42.72,20.47,74.12,47.44,67.83,96.1,75.57,75.22,27.89,78.4,33.68,47.28,91.84,21.81,68.15,23.97,64.84,1.27,71.41,27.09,50.92,98.8,58.29,89.9,65.82,74.24,81.71,78.8,8.65,84.23,49.83,84.64,36.18,-1,42.09,86.3,36.64,16.26,64.24,28.77,28.3,77.73,74.24,65.13,42.24,54.41,6.28,85.34,19.95,11.4,31.09,6.12,50.93,64.33,4.61,61.66,91.87,42.44,22.12,73.23,40.9,36.42,9.6
8.62,6.12,34.77,53.83,63.47,43.46,21.56,26.55,50.25,70.39,24.74,41.94,64.25,9.58,84.23,73.52,60.94,48.45,40.09,69.02,49.71,46.48,63.94,27.28,64.85,46.12,56.73,42.88,36.03,72.6,25.72,4,77.09,16.24,65.86,98.84,49.22,38.55,56.91,91.03,11.32,6.02,53.57,45.26,27.14,46.98,78.29,82.02,6.62,19.22,88.84,65.2,21.82,22.63,94.93,94.13,2.82,41.26,52.33,35.6,27.18,16.31,7,76.34,4.08,56.1,58.27,96.29,35.76,97.11,44.32,-1,15.77,53.95,39.48,81.14,6.07,61.26,52.04,33.38,38.94,51.47,59.81,92.69,71.92,20.14,95.8,29.52,14.68,65.49,34.29,20.2,13.92,68.24,17.22,73.66,41.66,67.88,20.02,84.94
98.4,57.52,70.14,52.03,20.66,79.03,44.76,50.97,58.91,20.64,33.04,98.59,5.24,76.33,31.58,15.87,76.39,45.42,16.01,66.35,61.93,73.53,48.39,0.42,97.87,21.48,44.91,73.36,74.69,32.46,31.59,34.02,60.79,45.57,40.38,29.42,55.24,99.09,2.49,97.32,94.78,27.91,95.32,2.24,88.52,85.75,9.8,0.59,3.53,61.69,41.4,4.61,88.37,68.11,17.21,60.58,56.18,12.45,39.22,38.23,14.9,64.34,47.63,25.55,43.67,5.91,41.68,6.23,62.17,11.99,80.05,97.61,-1,83.14,68.45,55.78,60.68,68.92,26.78,98.37,50.75,45.6,24.33,91.55,99.17,15.29,84.17,66.39,18.15,15.4,24.42,19.9,16.76,42.85,45.8,78.21,56.71,14.25,92.51,97.72
92.05,14.53,81.69,18.18,43.63,90,76.61,0.61,57.97,38.99,78.54,17.91,2.72,57.28,36.68,76.57,82.79,75.99,86.1,31.25,90.38,51.43,34.29,19.26,49.17,69.84,86.52,28.89,1.75,34.11,87.21,53.11,9.85,75.62,59.16,4.1,0.45,88.33,4.83,98.49,81.26,95.2,85.27,54.18,95.7,73.55,64.31,50.77,72.43,51.89,47.43,49.44,72.87,52.01,69.65,2,91.87,16.33,77.25,66.93,55.97,58.62,28,73.96,72.13,8.7,51.31,36.89,80.8,24.36,56.62,31.82,72.19,-1,63,85.48,71.81,86.09,65.61,88.18,89.74,58.68,69.45,35.03,64.75,10.64,32.91,70.05,13.92,7.9,29.24,8.39,37.8,3.13,32.4,99.56,76.74,99.7,19.74,10.23
79.02,50.47,44.71,30.06,5.73,98.26,29.61,35.11,64.38,46.54,69.79,23.86,30.95,24.05,38.17,38.08,34.42,50.67,66.31,85.82,80.63,79.98,92.25,18.76,62.66,56.33,99.35,31.97,53.89,11.9,16.23,9.43,5.48,49.1,33.87,29.04,96.41,38.54,81.11,24.98,43.73,7.16,75.61,70.58,52.62,59.89,30.48,25.85,96.68,45.76,85.94,61.39,52.09,86.76,11.21,88.1,73.76,31.07,64.96,83.39,34.76,98.82,48.52,52.86,60.94,6.63,9.54,39.03,97.16,28.57,58.24,29.89,77.74,13.88,-1,35.92,69.46,1.41,25.79,4.92,26.05,7.9,63.45,54.11,58.99,1.35,92.38,47.24,39.68,64.3,22.54,88.35,69.47,64.71,49.64,13.6,81.07,58.67,55.94,75.44
14.33,1.19,94.25,86.93,20.49,72.34,51.36,17.57,72.39,78.08,66.6,64.01,78.21,72.64,64.95,14.12,85.02,70.05,79.95,54.42,21.26,66.55,15.11,99.93,12.77,76.23,57.98,75.59,87.71,13.82,29.36,75.71,54.05,22.15,3.43,8.94,11.03,97.53,76.59,57.08,44.11,4.29,65.15,4.91,23.25,58.08,50.56,49.24,24.16,18.8,87.58,78.8,95.5,79.83,31.71,63.93,16.24,10.13,21.21,73.66,8.35,54.64,88.25,90.27,82.84,5.89,58.92,89.44,22.03,6.23,26.18,25.97,46.39,16.1,3.54,-1,31.96,22.98,54.19,47.79,18.51,58.11,17.68,76.03,55.7,73.01,86.71,33.7,20.77,31.02,49.18,75.95,92.64,44.45,56.13,8.49,57.35,72.12,2.29,10.25
45.09,13.03,40.25,79.78,14.47,23.96,11.77,73.4,95.35,31.8,57.59,64.19,0.28,20.02,62.95,84.78,49.08,79.06,8.4,84.93,76.13,58.24,43.67,88.6,0.99,73.45,5.05,26.09,72.22,9.25,47.43,95.38,39.09,45.84,95.43,65.84,81.03,16.31,8.59,89.7,82.01,16.07,46.62,73.96,54.59,14.97,3.4,68.98,27.23,13.61,13.05,65.19,64.77,82.49,6.95,75.63,89.02,52.17,27.65,78.24,49.67,52.9,83.3,43.5,79.33,49.74,84.1,26.96,94.63,59.22,10.44,93.81,25.42,51.88,74.2,19.93,-1,94.6,38.09,82.91,92.77,71.85,6.15,51.43,8.94,88.21,96.19,72.05,77.76,56.06,7.56,37.56,95.72,71.42,11.5,22.96,48.67,1.88,66.7,33.61
60.78,43.9,20.45,84.26,60.73,65.28,72.09,1.11,10.44,65.23,21.35,98.62,32.4,65.32,12.34,45.92,17.78,87.64,64.03,51.75,6.86,36.92,43.02,20.88,41.91,17.63,98.03,95.3,84.29,22.26,42.81,43.22,94.41,80.37,21.84,70.1,90.45,91.45,64.77,57.35,34.41,44.35,22.27,27.61,62.17,1.83,19.53,33.07,30.07,38.1,8.89,12.84,86.86,37.5,85.64,73.19,44.83,62.11,56.8,76.73,7.68,55.97,1.32,65.17,27.9,11.35,85.62,68.21,87.05,70.42,39.21,27.81,80.59,46.84,54.19,1.28,16.98,-1,20.84,72.95,39.88,50.29,49.54,77.53,84.62,81.29,43.72,81.6,3.28,70.87,41.18,54.45,18.38,52.45,21.5,54.23,78.54,42.25,58.03,30.57
10.45,31.61,69.74,79.7,78.55,40.18,55.26,88.59,57.15,45.31,62.5,12.13,8,99.66,91.68,5.16,84.92,38.2,83.09,86.38,55.44,94.97,59.41,67.16,34.17,81.96,91.8,42.23,75.5,49.64,58.75,13.27,8.35,13.73,9.11,36.56,36.26,63.47,70.3,77.43,30.16,54.53,26.19,26.09,44.45,72.96,53.26,33.8,79.81,47.36,13.38,69.8,75.11,15.76,95.4,75.24,37.25,36.74,15.96,50.41,53.26,19.73,90.14,72.84,18.06,61.94,41.05,28.13,50.19,77.52,87.55,37.5,18.37,83.39,95.14,25.11,9.79,38.91,-1,73.33,29.33,81.31,42.66,19.66,14.45,79.28,73.07,98.12,28.14,99.89,56.37,84.48,0.99,25.63,48.55,33.15,70.45,12.95,38.18,37.8
61.99,88.27,67.73,37.85,17.02,52.14,1.88,27.83,66.83,57.79,74.04,71.95,96.36,89.92,72.31,48.52,70.81,39.28,52.05,0.8,21.89,35.22,52.31,74.15,62.85,94.02,0.8,53.65,29.04,65.17,99.82,58.52,66.01,53.54,58.98,62.85,17.31,87.74,38.47,63.37,56.72,92.55,69.87,21.52,0.93,80.43,72.05,46.6,70.41,32.01,95.72,46.95,20.92,96.98,85.76,13.64,1.67,50.65,50.72,57.96,74.02,62.25,44.68,60.28,53.17,55.27,56.49,10.62,32.43,96.89,94.41,18.19,87.83,73.19,95.81,56.61,63.06,87.22,39.21,-1,89.45,33.46,66.98,64,18.41,17.74,20.73,68.06,61.39,14.9,15.79,12.6,52.3,87.7,36.45,85.87,89.13,28.55,33.57,5.39
12.91,80.07,74.24,4.19,94.21,44.55,87.5,70.22,92.26,4.36,45.75,32.9,72.25,84.86,44.18,59.17,84.06,3.1,47.88,79.79,13.72,28.99,1.72,20.69,0.64,78.04,2.27,62.47,87.19,37.04,53.9,77.72,25.04,60.67,61.76,86.04,41.6,15.92,42.76,77.88,98.62,77.77,11.74,72.8,9.33,1.99,9.95,44.31,8.18,49.43,74.91,61.84,39.23,45.26,91.2,77.68,82.74,72.18,71.99,5.83,37.79,21.77,35.5,67.54,42.07,57.33,26.42,27.4,39.73,33.21,22.19,68.83,14.42,70.69,73.98,60.66,5.69,82.53,62.55,53.93,-1,6.09,21,96.97,0.27,76.18,15.88,24.11,20.08,66.54,8.44,42.17,78.48,2.66,13.75,15.75,77.79,20.71,7.41,92.35
15.25,9.32,60.29,0.5,17.33,72.05,11.59,87.18,77.47,92.03,93.43,72.06,61.07,17.94,3.15,16.98,99.13,65.48,40.15,43.22,68.26,60.19,88.23,67.34,63.69,54.57,19.24,35.49,24.04,82.86,77.26,49.53,9,79.47,61.44,35.78,11,89.27,30.71,3.37,99.27,75.36,3.72,8.93,72.45,97.44,64.4,72.45,87.08,48.44,63.28,99.86,81.88,97.59,50.81,95.78,60.05,89.88,20.78,40.31,67.82,7.6,45.68,18.1,4.32,29.31,65.33,13.94,37.38,56.92,48.89,3.12,67.94,10.58,3.49,55.62,91.44,38.87,6.85,9.5,95.25,-1,90.92,32.85,29.95,79.83,69.78,22.61,61.91,14.03,63.28,13.49,68.97,64.36,81.83,66.51,59.2,89.22,48.94,52.29
36.67,86.04,85.78,2.52,4.22,28.48,15.29,83.79,25.41,6.07,69.1,87.53,20.13,57.83,96.99,67.57,49.4,39.31,96.39,9.59,29.42,82.68,19.35,71.91,68.26,90.23,67.84,96.78,93.31,69.9,15.32,56.81,53.36,17.81,89.15,98.64,11.26,69.33,56.64,62.13,91.87,78.47,45.96,77.99,95.91,96.71,75,16.67,24.54,22.06,18.82,7.77,8.06,2.58,26.75,12.36,49.64,69.95,97.11,97.39,31.27,50.54,12.01,32.58,93.56,84.12,2.89,24.65,18.74,78.28,55.97,80.15,92.82,3.46,90.08,75.62,93.28,81.58,57.2,71.72,47.21,66,-1,35.88,28.42,46.2,79.5,40.68,42.89,56.08,40.89,58.23,39.37,34.85,20.21,91.54,78.89,93.42,38.02,37.34
37.18,52.29,65.68,57.51,20.6,85.44,5.65,93.31,41.72,59.49,67.35,73.5,52.2,5.93,61.13,55.66,89.81,52.51,11.5,73.17,30.1,50.22,91.77,57.63,82.67,87.1,25.97,41.69,64.17,58.47,61.92,75.24,50.7,54,69.69,54.85,58.45,49.65,58.25,53.01,29.9,83.31,23.22,65.37,15.68,98.81,70.42,83.85,91.61,68.72,88.36,44.14,49.82,33.65,43.81,35.95,60.69,43.99,54.59,93.14,81.64,45.53,60.05,75.91,47.1,43.33,46.49,15.03,98.6,18.97,29.15,59.04,18.99,68.71,73.56,12.74,85.07,24.49,14.86,11.3,46.07,71.05,93.89,-1,0.91,16.32,56.88,22.08,9.09,88.93,79.71,11.07,55.2,30.6,87.88,39.44,32.38,37.08,36.5,72.73
44.37,70.4,79.96,32.11,72.88,43.94,9.41,18.52,19.85,37.91,87.56,43.61,52.15,84.23,33.73,28.62,21.7,33.36,85.7,87.81,55.65,68.94,2.27,10.84,88.77,23.94,55.81,43.79,24.96,99.36,39.71,53.91,75.88,22.06,51.62,37.43,23.44,82.58,96.9,22.73,61.51,0.79,11.23,44.98,49.8,86.46,20.07,35.84,30.66,63.19,11.81,32.17,56.72,51.25,26.61,98.61,64.14,6.07,68.17,2.46,44.78,98.35,80.6,67.42,80.87,36.09,6.99,7.57,93.38,51.87,5.79,89.61,94.67,5.16,93.12,44.82,73.77,0.04,22.99,9.76,14.1,84.32,79.61,20.23,-1,57.42,17.8,27.02,49.22,90.48,82.49,91.24,97.98,64.58,71.66,50.15,80.93,0.09,78.16,59.18
63.57,6.74,30.95,52.85,67.12,42.44,71.93,63.93,55.73,10.89,88.88,62.98,10.82,80.23,50.83,6.37,40.75,62.33,71.09,6.81,32.95,22.55,66.85,36.8,24.02,0.17,15.4,41.2,14.15,75.92,49.21,61.13,54.88,51.99,78.26,91.38,70.27,13.92,86.25,43,22.1,48.93,49.98,63.11,41.52,26.6,97.67,86.04,90.53,45.75,58.5,25.27,32.11,45.89,66.93,19.26,3.04,97.21,6.49,8.55,15.79,67.99,62.75,82,14.21,37.64,34.23,10.73,44.59,22.06,49.65,49.47,70.45,89.61,70.06,53.34,66.03,69.34,49.3,23.49,74.14,23.27,96.16,51.96,73.05,-1,26.35,94.66,44.53,9.66,60.06,67.82,85.2,70.75,23.71,89.6,82.62,3.93,87.77,44.87
19.83,34.7,2.65,73.16,80.2,13.37,69.78,39.25,51.33,11.85,60.67,94.23,13.71,78.88,76.45,31.35,43.67,39.76,41.33,65.87,50.07,17.52,9,36.75,71.52,0.56,76.97,19.87,23.74,12.84,95.56,18.78,53.68,66.42,57.22,79.24,9.36,44.4,23.62,34.83,16.93,67.06,70.01,12.47,0.34,46.57,9.53,32.91,19.98,48.56,11.56,59.05,72.07,96.1,58.45,67.12,49.72,19.7,60.45,59.23,65.36,1.45,86.27,73.52,56.65,92.89,97.96,8.26,31.71,28.43,96.76,53.63,93.15,58.29,88.56,20.79,92.1,84.99,22.93,25.9,42.46,47.69,0.64,36.9,89.05,42.58,-1,64.61,31.92,37.16,31.35,73.72,29.65,27.61,17.41,45.53,22.69,14.74,46.69,26.8
50.29,82.09,45.98,95.61,87.65,16.88,35.37,27.45,85.2,20.67,93.25,55.9,51.06,53.48,0.26,18.88,7.81,0.21,60.68,21.14,82.28,75.45,1.4,26.28,68.25,17.69,10.69,79.38,92.58,6.44,74.78,47.91,71.44,91.34,66.76,85.35,63.99,1.58,25.56,21.14,72.51,9.4,14.76,76.13,10.51,18.17,17.98,81.28,35.32,13.74,64.72,70.56,70.21,65.09,81.48,78.18,45.84,85.72,50.16,22.29,81.53,29.69,14.69,7.97,64.39,87.21,25.29,42.63,67.85,99.47,49.19,26,2.82,94.43,3.99,42.02,63.17,85.42,80.61,57.02,55.43,40.56,10.02,34.02,77.66,22.41,73.49,-1,76.76,17.93,74.2,40.84,26.4,60.59,58.08,26.86,94.83,49.2,15.27,35.67
41.76,33.01,22.14,98.67,65.41,80.33,10.92,99.22,71.9,50.88,43.79,7.67,97.93,82.19,43.43,6.24,84.75,1.37,56.65,27.33,58.4,60.53,38.08,17.47,86.31,75.66,39.42,72.41,23.84,72.5,54.07,10.31,74.22,31.48,80.76,87.46,95.45,79.16,37.81,43.32,46.55,81.87,29.91,15.63,57.72,26.65,28.66,12.02,78.11,47.09,9.82,24.7,15.78,21.14,85.3,67.53,34.06,60.78,56.58,35.87,7.63,89.46,91.66,15.5,65.42,12.75,44.95,57.47,92.99,89.33,53.32,68,42.28,6.08,11.51,43.34,64.69,31.28,18.65,4.91,0.67,79.27,28.93,1.91,82.88,84.17,9.81,57.38,-1,51.17,84.25,83.05,91.7,63.16,52.63,12.07,97.48,94.57,75.34,97.25
89.79,5.81,62.14,26.78,42.03,41,8.17,50.4,95.9,75.97,72.77,54.74,22.55,82.53,63.6,4.16,87.09,87.12,23.52,44.21,0.38,12.74,91.4,91.58,49.39,81,25.51,53.37,49.71,89.88,7.61,19.74,68.55,79.7,43.51,1.99,59.68,61.21,20.52,97.02,39.64,48.2,40.96,76.94,29.25,34.43,23.7,84.13,2.86,30.45,47.58,81.69,45.51,30.45,91.61,78.38,35.29,87.85,89.42,80.28,23.27,16.58,16.41,54.85,75.11,20.7,57.15,44.12,79.32,37.35,24.66,71.46,89.47,56.14,75.45,13.13,67.14,88.21,60.48,86.81,97.66,67.65,41.99,66.19,70.7,74.17,54.99,11.96,69.43,-1,80.32,88.45,44.12,36.87,73.69,9.41,82.68,77.71,51.65,48.64
75.03,4.65,25.69,73.13,99.95,62.31,35.66,33.14,48.92,71.21,24.02,30.64,52.26,56.52,12.47,86.3,85.2,10.37,80.34,43.54,32.92,28.82,83.19,40.17,36.62,73.27,23.07,68.68,87.83,59.2,67.91,52.52,81.2,79.65,84.51,95.74,39.17,50.48,26.31,15.6,53.07,89.79,65.84,24.05,57.42,5.47,90.97,99.14,67.38,76.03,68.64,41.65,87.4,25.57,23.36,17.39,44.47,91.17,26.19,37.36,10.91,87.72,83.83,43.98,84.28,52.78,45.2,0.73,33.37,32.94,88.02,78.7,58.31,92.68,69.39,45.86,91.09,96.05,23.4,40.52,86.97,31.38,78.94,80.57,61.84,46.11,14.3,37.91,44.6,87.6,-1,40.76,42.03,15.6,72.35,92.74,88.09,47.67,16.68,95.86
9.13,25.92,70.73,12.82,10.51,92.96,20.11,10.79,46.65,60.24,38.47,21.87,60.93,87.03,42.65,71.87,73.02,19.25,24.87,91.31,26.68,18.59,71.32,26.91,0.96,92.85,31.8,32.96,43.99,18.06,14.55,69.63,82.18,13.49,76.38,17.86,57.91,80.18,31.92,86.84,78.14,71.32,88.25,53.39,17.29,22.6,68.23,63.68,91.73,40.76,65.62,92.97,77.9,18.76,15.43,59.43,80.09,72.73,33.84,7.41,11.49,24.15,15.03,29.83,82.03,11.54,36.22,77.5,15.57,9.39,82.29,75.92,61.6,54.64,8.42,40.24,36.22,64.61,89.08,64.88,96.31,85.45,52.33,74.85,71.76,22.01,48.56,31.5,7.07,72.65,35.65,-1,34.59,93.63,27.8,30.46,83.64,98.87,75.89,55.74
90.46,52.97,25.56,20.63,90.34,62.3,35.49,50.14,78.96,77.12,70.18,86.54,86.04,17.65,33.71,36.1,96.58,0.7,60.53,44.05,85.39,30.15,4.54,79.64,12.6,58.25,83.55,35.66,13.44,19.83,10.57,76.12,69.45,43.16,90.84,29.87,22.57,67.93,79.63,36.61,79.53,78.55,20.23,54.13,34.39,85.27,15.83,86.19,24.07,53.54,55.12,41.24,42.06,98.6,81.07,75.02,65.75,36.81,23.87,67.41,23.73,66.92,36.63,2.31,70.63,68.91,54.08,85.17,57.17,49.71,26.43,3.36,22.56,31.31,56.7,60.17,26.99,72.98,47.87,39.24,37.11,23.65,40.1,28.53,51.05,88.75,80.15,91.02,21.68,59.53,35.5,9.8,-1,76.39,35.44,89.24,35.48,43.06,66.06,16.71
52.17,85.67,43.66,93,92.75,37.72,48.15,84.21,72.89,50.7,29.02,47.09,42.04,64.55,18.25,68.15,55.86,6.62,0.58,19.32,21,28.67,41.35,32.36,14.58,50.48,29.31,50.07,55.82,39.66,91.27,53.38,11.65,9.76,4.22,51.3,88.74,91.72,44.46,19.85,95.64,37.33,19.04,82.83,93.23,32.03,30.88,45.66,46.51,70.5,27.5,75.01,41.7,95.97,70.17,78.9,72.62,44.18,43.63,53.85,87.45,26.27,60.17,0.8,84.97,53.38,84.36,66.67,55.53,58.94,96.74,64.58,26.83,2.53,38.04,90.11,63.73,43.87,49.14,89.59,99.24,69.1,74.2,19.76,1.75,53.87,18.53,68.36,47.54,90.26,23.34,97.75,3.27,-1,0.07,88.97,81.97,68.93,61.27,62.12
54.07,32.54,57.78,57.89,96.19,38.73,14.12,85.42,79.9,68.47,73.22,74.32,7.49,41.82,42.09,1.02,20.37,81.04,38.04,86.78,11.28,65.31,72.23,93.31,31.81,51.33,40.84,9.35,62.27,24.4,57.86,16.73,60.58,47.19,34.47,18.6,1.84,98.31,93.43,30.64,78.39,73.44,90.11,99.41,79.65,99.95,97.83,57.18,86.07,59.03,89.88,62.87,70.35,21.04,8.24,63.76,65.98,28.7,51.82,34.1,63.46,97.78,80.81,73.15,21.98,61.77,38.17,25.98,50.54,41.77,20.87,2.71,87.79,66.21,0.91,71.54,14.53,54.77,49.42,84.57,82.75,97.38,27.81,71.44,49.3,6.11,32.69,58.53,48.81,82.4,29.88,54.7,18.18,1.12,-1,40.19,93.86,87.42,59.05,61.76
19.05,63.26,51.74,50.71,11.5,63.82,8.6,17.36,31.69,42.84,63.74,42.5,25.38,73.29,50.52,19.08,64.75,93.63,28.99,65.82,16.47,99.82,9.27,63.05,79.33,59.23,6.48,14.93,35.53,27.33,15.61,82.94,29.08,69.27,54.24,59.01,83.87,28,81.71,3.74,73.41,17.98,43.48,38.81,13.73,45.81,90.61,39.93,23.88,98.49,66.07,6.6,83.44,5.86,0.43,10,66.77,4.25,73.85,38.15,60.96,84.92,92.98,50.7,90.87,31.27,30.89,73.62,87.46,17.63,67.87,75.12,57.36,85.12,70.16,53.25,80.21,41.65,41.03,2.22,87.25,62.19,60.67,2.63,57.45,52.61,34.58,70.15,90.59,6.25,55.28,89.2,29.41,32.41,48.9,-1,33.28,80.33,84.47,55.8
45.31,7.11,36.1,80.38,24.35,53.13,0.4,55.9,63.35,64.42,63.66,99.76,87.03,87.66,25.83,40.67,16.67,79.4,90.49,20.08,22.29,39.85,18.62,84.27,66.22,60.4,15.73,65.47,89.97,37.2,62.98,12.62,56.75,67.96,53.66,38.22,1.81,81.32,32.64,9.69,49.85,43.83,91.39,43.09,86.58,47.7,57.68,6.17,99.6,91.98,76.36,65.59,99.51,33.24,78.07,0.24,87.18,91.1,41.01,53.9,66.99,43.26,58.86,7.01,46.25,3.19,6.62,58.35,39.71,83.34,25.96,53.91,1.58,96.86,46.34,0.14,5.94,21.44,52.81,26.68,35.04,90.73,49.91,48.57,19.95,32.69,23.5,43.08,46.07,9.94,52.13,39.63,15.71,2.74,7.74,40.48,-1,40.63,41.85,29.53
16.36,12.7,81.01,2.22,14.41,14.44,39.2,25.33,78.76,47.98,85.8,82.42,72.88,11.43,11.52,94.67,7.88,47.36,36.61,82.23,93.82,81.32,33.35,16.57,83.19,26.49,90.71,16.31,7.46,69.51,95.53,38.36,10.69,20.59,6.75,20.07,65.55,82.39,32.41,57.89,70.32,19.02,86.42,8.92,61.46,19.1,12.97,78.01,61.56,0.25,76.3,74.1,11.45,58.19,57.93,57.38,56,35.05,83.81,0.3,90.51,77.03,34.68,1.21,33.69,2.38,90.87,64.72,33.36,65.69,46.63,82.98,20.82,83.04,42.08,22.94,81.18,56.83,64.38,55.94,41.22,87.06,67.58,94.22,88.7,8.95,75.89,45.5,79.89,35.81,4.14,75.38,63.04,92.38,37.56,59.31,60.02,-1,30.56,62.7
53.31,4.58,90.16,93.05,97.59,50.33,56.88,3.7,44.93,27.98,53.69,78.02,32.75,41.41,35.12,35.12,30.13,92.61,61.97,47.25,64.8,77.49,89.46,76.08,63.92,8.88,85,15.11,59.25,47.97,7.49,54.66,30.52,88.77,22.46,65.66,95.74,69.58,54.4,95.14,19.77,45.51,13.9,57.7,54.8,67.36,66.99,47.33,28.03,71.08,60.19,87.22,66.14,86.41,51.15,97.24,24.12,16.79,26.85,40.58,5.95,30.47,95.82,69.02,65.88,8.87,63.64,25.95,28.9,26.9,78.6,3.77,11.45,15.54,37.27,94.95,92.44,96.73,82.18,76.83,51.76,67.16,73.79,37.78,9.07,38.81,51.3,7.13,86.62,43.66,55.31,91.04,8.37,76.08,26.72,53.2,0.89,96.94,-1,30.83
4.42,71.66,74.67,17.21,74.27,97.87,52.32,32.58,94.6,71.61,72.81,38.57,20.63,49.69,99.54,34.99,65.11,92.25,67.69,98.58,98.56,11.31,92.12,95.57,93.55,98.63,1.04,53.99,85.41,55.76,68.83,19.6,52.71,33.37,15.29,36.26,94.16,68.34,54.92,84.97,93.62,17.22,94.32,45.57,47.7,0.25,38.21,53.74,75.56,98.41,57.35,41.5,35.14,20.95,58.03,76.4,1.75,71.58,66.94,36.74,36.76,35.81,80.55,60.17,71.55,30,35.3,81.61,0.8,47.78,7.52,37.18,53.96,52.2,40.99,31.56,24.15,20.51,74.38,88.35,97.31,49.18,94.9,60.18,29.48,60.85,30.68,4.24,16.65,34.83,59.06,26.1,98.79,94.18,35.96,59.19,93.89,38.88,39.3,-1
