-1,990.41,2.96,760.39,671.86,188.88,690.01,818.8,707.26,264.84,652.88,467.89,191.57,884.7,386.39,209.21,102.98,840.91,812.75,457.32,950.13,910.23,534.35,783.13,240.16,13.68,793.11,930.18,465.79,776.97,457.45,667.48,560.98,140.93,331.23,967.27,237.93,996.74,62.52,142.52,665.11,283.17,791.65,218.58,448.68,31.86,13.8,988.06,468.51,431.42,497.63,453.76,537.07,118.39,307.9,345.76,245.64,800.65,104.5,786.5,623.61,73.3,966.57,864.39,907.71,591.26,45.85,672.91,305.68,333.72,899.54,668.25,250.08,109.62,956.03,910.95,333.28,73.31,446.13,756.75,600.11,473.85,995.24,537.83,547.07,330.85,561.97,322.56,576.79,756.21,647.31,873.71,835.75,663.53,221.44,417.19,5.57,195.94,334.18,380.05
340.24,-1,441.33,515.08,811.59,440.47,684.8,455.53,249.48,139.94,736.58,796.15,82.29,232.36,241.6,647.86,488.75,768.1,538.43,958.79,933.01,53.79,295.48,368.26,271.41,995.5,925.51,315.1,333.36,339.76,832,26.6,427.34,639.07,340.38,15.84,596.46,767.06,819.64,330.72,276.74,557.79,133.55,86.31,648.43,225.03,627.5,181.07,980.88,401.84,893.3,224.76,613.52,518.6,144.72,90.35,514.5,342.68,890,653.34,135.99,333.46,945.32,52.99,132.03,522.82,568.24,701.24,179.43,658.93,470.48,217.84,458.82,490.47,399.12,996.7,671.78,51.86,481.54,105.21,324.73,33.4,455.98,533.04,456.13,860.54,509.58,244.79,572.37,382.34,491.55,35.99,676.17,30.37,642.13,479.98,66.74,134.18,383.53,157.74
279.28,891.57,-1,703.03,8.96,136.3,974.75,193.96,792.76,659.49,439.22,727.72,359.17,530.48,24.69,211.32,710.01,381.3,898.3,669.32,266.72,236.38,233.35,130.12,929.9,499.54,808.22,335.91,312.89,873.34,400.78,380,90.28,423.19,408.82,729.07,10.82,65.3,249.98,357.62,47.73,86.56,874.8,98.66,452.14,959.95,833.39,946.01,842.62,585.05,842.62,45.57,593.81,720.69,556.34,194.17,133.74,346.79,496.26,731.54,253.01,297.92,409.79,5.95,346.07,166.01,194.85,443.4,467.54,190.19,296.03,159.83,541.1,805.2,50.8,893.56,129.91,83.81,374.22,334.32,549.17,24.91,807.1,816.61,610.61,908.96,905.84,898.5,906.71,917.28,498.24,66.12,918.84,629.71,204.7,316.91,968.84,518.86,737.41,765
118.86,258.55,180.37,-1,752.46,780.04,313.9,411.13,365.16,96.29,305.78,491.46,366.04,790.91,900.2,674.06,559.58,956.29,770.02,899.28,414.3,559.4,669.3,973.64,881.82,696.51,949.46,957.58,16.74,645.8,582.19,754.42,281.36,585.08,682.43,652.91,113.05,703.79,672.73,385.04,100.53,288.51,603.96,249.41,342.8,784.34,248.09,457.17,531.37,404.25,811.55,494.63,12.87,199.11,863.45,214.77,786.05,526.76,721.52,223.55,5.69,486.62,747.8,907.06,549.48,521.02,638.11,13.81,515.42,652.15,136.09,67.77,899.23,70.9,159.25,670.58,225.73,563.34,140.58,488.84,175.87,176.76,986.14,616.87,758.64,947.85,726.31,716.56,608.88,288.3,814.85,194.24,403.64,27.33,808.86,788.27,323.07,214.88,477.53,789.94
804.28,983.68,395.92,776.7,-1,523.97,796.98,102.79,994.18,198.01,691.33,126.52,6.48,344.46,453.64,787.37,267.82,842.84,238.73,335.59,742.3,910.67,328.52,844.17,534.22,589.52,818.95,337.81,305.65,264.41,364.56,723.1,144.31,775.4,848.76,468.13,993.97,550.3,239.9,220.49,690.08,503.51,787.32,711.49,947.54,622.05,849.45,734.04,282.18,732.61,584.43,579.96,629.85,226.16,213.04,288.25,877.78,800.58,885.03,273.26,393.2,445.9,645.01,807.82,36.77,17.09,216.92,957.27,624.93,786.84,990.54,599.06,442.96,473.08,564.43,501.04,68.48,443.25,359.38,99.07,885.49,139.54,604.72,910.87,447.67,428.18,140.63,626.34,849.4,531.33,108.91,975.36,903.6,211.62,197.8,735.39,841.48,60.03,21.28,677.19
814.62,424.11,431.75,116.98,279.93,-1,321.51,906.29,266.26,681.17,673.91,507.08,66.17,654.24,876.02,642.38,400.98,907.06,301.24,209.86,645.85,304.06,129.87,262.18,768.1,859.26,733.46,453.15,859.8,176.97,262.42,120.38,401.97,694.8,267.12,726.46,862.2,486.41,505.39,348.92,861.69,717.61,587.28,700.39,711.19,659.21,186.85,858.6,581.52,656.86,458,794.32,133.39,441.57,308.08,501.02,43.17,667.99,155.68,202.52,312.51,584.55,466.08,359.05,794.76,203.85,476.29,637.8,11.29,429.18,240.4,306.64,509.05,271.38,457.55,778.75,57.71,644.81,562.17,391.3,116.12,867.59,94.11,765.55,487,239.5,14.63,528.52,776.21,749.85,979.02,449.17,235.43,967.4,840.6,649.81,762.4,981.69,945.49,665.09
896.71,717.23,760.33,371.55,149.31,387.63,-1,28.78,294.01,828.12,520.32,925.45,832.58,599.87,484.95,89.87,228.66,977.31,677.49,857.74,457.77,390.97,636.36,970.14,300.72,86.06,166.75,865.58,435.51,21.74,406.24,581.15,606.7,36.59,794.68,416.04,886.47,757.12,220.28,733.5,124.88,78.28,682.67,770.62,942,8.82,60.93,490.53,274.91,255.1,288.84,997.41,935.32,738.93,378.37,481.42,134.14,666.79,781.45,240.67,66.18,664.23,943.01,345.71,72.44,81.39,952.13,734.65,22.56,363.18,490.01,854.98,372.84,726.28,176.46,174.84,384.32,538.78,619.33,900.87,802.03,775.17,981.22,355.52,800.5,694.55,682.61,62.34,500.54,778.65,300.88,296.91,594.51,136.68,269.14,227.85,94.2,147.36,958.46,713.6
939.47,962.57,964.92,992.32,261.62,949.28,66.63,-1,161.5,936.2,10.06,283.95,559.9,776.6,751.75,4.4,335.05,438.26,487.19,380.68,782.79,799.2,567.29,711,824.84,209.02,969.16,496.62,885.6,610.51,466.29,330.06,304.81,353.11,439.88,557.45,457.99,763.76,541.39,442.93,77.54,782.33,841.25,814.19,804.79,237.78,281.07,433.24,969.03,702.67,851.34,361.33,868.34,430.22,430.92,858.81,249.95,246.47,508.51,85.18,587.01,643.81,422.13,226.77,901.42,395.4,756.72,279.86,892.09,134.82,450.96,245.11,299.6,292.16,527.54,483.5,724.85,532.66,340.18,443.48,381.7,6.2,5.34,83.95,835.77,691.72,837.65,359.99,668.75,272.42,256.2,534.14,750.06,326.08,488.98,303.7,329.18,322.13,562.41,269.17
413.69,610.47,268.14,686.31,320.65,698.72,467.54,351.95,-1,48.14,223.33,993.97,68.8,290.5,991.45,92.08,591.68,181.97,191.16,815.73,724.42,353.18,121.73,727.75,757.76,864.9,374.61,917.65,823.2,249.86,250.61,767.58,705.02,346.38,286.83,212.68,608.12,171.86,534.96,722.34,272.7,245.84,799.27,838.27,980.39,53.55,313.37,188.01,350.01,663.48,271.21,897.6,895.85,551.2,591.4,937.75,618.65,8.73,189.16,983.14,804.05,902.5,209.59,430.35,911.15,938.82,216.62,189.13,191.75,922.95,268.6,337.88,867.19,492.3,51.47,852.13,620.81,161.43,334.97,818.48,438.96,467.63,965.61,665.23,444.73,732,791.82,79.33,766.78,43.35,55.69,771.38,256.44,720.48,757.35,278.22,221.9,968.53,543.74,466.3
495.66,900.4,345.46,698.02,286.86,490.5,161.07,919.38,926.86,-1,9.04,820.88,801.35,745.11,617.79,84.62,590.34,193.98,687.36,149.82,348.14,652.71,955.7,192.01,618.09,444.97,266.49,524.39,604.09,474.12,168.79,827.36,109.01,77.67,915.27,646.87,559.35,306.72,50.06,545.23,373.19,52.41,894.34,536.81,888.45,730.59,984.32,730.54,836.2,152.18,828.31,376.24,285.18,674.35,735.77,414.56,828.65,408.06,840.7,567.13,61.48,983.1,668.81,718.17,208.85,56.13,70.4,974.53,75.24,586.11,888.86,683.71,23.07,964.81,882.22,827.26,367.02,976.36,58.8,777.58,448.41,899.59,670.89,883.97,540.24,538.97,294.74,636.19,134.91,631.6,856.91,872.32,660.93,55.08,99.98,840.95,497.66,304.03,398.12,18.68
751.84,486.46,69.76,688.34,307.01,808,18.57,632.78,463.48,732.98,-1,382.4,860.15,229.33,160.83,702.16,393.54,101,792.24,594,477.67,74.86,569.52,670.44,38.56,56,659.23,852.72,134.14,134.55,88.57,505.43,973.46,979.12,919.21,318.55,647.67,714.59,537.87,77.34,796.48,428.27,355.13,437.19,67.32,569.86,483.45,365.17,479.53,782.29,867.46,212.71,219.95,458.69,599.37,844.08,85.3,309.31,205.3,70.95,40.8,203.42,227.77,414.35,415.23,640.18,244.24,875.08,410.81,389.3,51.41,520.66,898.29,866.46,25.89,280.38,690.35,412.21,138.18,511.31,313.88,576.89,349.53,342.31,686.88,309.66,891.2,680.34,149.91,505.2,980.7,617.19,618.11,374.75,301.46,976.99,41.53,66.35,926.55,196.46
265.39,511.78,456.31,997.27,164.63,984.28,736.61,439.01,503.68,232.34,136.3,-1,529.43,152.16,354.02,640.85,699.52,3.23,279.65,536.17,759.18,780.92,745.62,433.99,300.63,883.8,812.02,735.24,185.55,65.79,466.02,746.24,171.84,418.11,104.9,229.48,792.95,106.64,743.64,470.01,952.95,424.81,21.88,600.64,149.73,186.71,352.41,673.41,989.42,743.6,635.64,261.21,891.79,109.49,675.33,562.92,983.09,584.35,428.98,702.55,470.83,199.86,126.44,258.89,178.85,154.73,416.03,919.2,770.9,551.24,220.8,405.49,693.65,270.68,737.21,242.98,301.74,938.86,318.33,429.55,852.62,713.73,110.58,262,113.97,668.86,326.07,232.21,971.63,136.84,757.42,977.17,159.47,757.82,867.58,667.6,476.15,872.76,613.13,795.2
970.2,522.45,857.46,668.87,227.36,597.19,21.34,801.54,40.18,219.11,767.88,702.64,-1,900.64,308.93,516.56,801.02,504.15,442.57,684.98,203.01,297.03,560.94,298.94,670.51,596.99,945.96,385.02,717.37,652.25,129.84,945.33,232.44,513.64,973.41,953.6,8.6,572.09,828.93,744.18,30.98,562.52,779.64,39.08,750.9,714.61,610.27,911.88,450.63,832.6,742.77,384.17,53.82,476.18,113.72,800.47,133.41,222.02,614.86,865.77,117.57,336.58,631.65,398.74,315.02,190.38,978.42,14.78,871.55,377.66,440.81,928.46,893.69,952.63,144.35,546.8,38.11,65.03,866.5,729.61,977.54,353.05,240.31,856.67,678.31,982.48,569.64,736.72,542.24,764.56,432.99,665.08,960.95,952.23,37.68,859.36,444.14,933.95,507.11,198.69
549.88,674.44,991.41,230.96,345.72,807.08,161.84,448.11,57.97,694.39,414.03,194.43,552.16,-1,564.01,413.71,779.56,807.56,67.36,459.2,688.84,520.85,551.73,773.61,820.4,971.37,427.74,885.34,951.83,561.18,384.01,619.02,979.61,303.74,419.32,884.34,881.01,543.45,33.52,635.8,735.3,26.42,759.67,456.51,505.58,634.43,420.27,642.68,272.73,377.79,417.06,406.44,866.76,676.81,446.66,160.25,952.46,251.03,104.83,629.21,221.83,266.7,709.88,530.98,360.79,291.58,698.25,298.3,635.18,69.45,909.87,382.31,513.18,62.17,485.77,289.58,435.07,15.46,164.01,153.43,361.53,368.88,581.92,194.47,883.32,95.15,153.73,847.99,592.49,655.58,830.01,337.6,608.58,352.83,264.87,868.99,620.31,217.07,957.58,640.54
498.94,279.12,853.95,573.11,498.75,280.18,206.98,714.22,980.89,498.03,255.56,942.05,762.86,626.95,-1,728.8,115.25,44.98,508.19,516.39,825.6,91.4,307.32,138,864.98,168.14,148.82,3.06,351.17,410.22,137.79,337.94,509.62,931.95,785.91,481.11,843.33,152.76,779.9,275.47,947.38,130.16,242.87,227.58,174.17,709.61,562.7,175.74,757.22,324.77,48.88,264.58,226.8,733.42,431.9,841.29,802.69,464.93,158.11,233.39,773.95,408.15,473.93,480.92,688.1,717.87,378.38,512.96,274.37,769.55,946.94,244.48,465.29,179.29,614.05,107.27,368.56,960.64,386.27,402.69,334.66,231.06,683.52,918.84,506.91,206.69,22.97,431.42,387.53,212.93,813.97,291.65,217.63,902.34,990.22,169.36,321.15,987.5,681.37,677.12
71.35,647.48,977.05,688.86,798.68,411.13,469.96,507.24,483.63,785.39,142.25,561.84,438.74,783.52,515.01,-1,976.61,538.53,387.26,117.76,117.55,599.57,541.31,234.43,223.6,84.13,133.27,703.9,117.19,524.15,769.67,530.88,42.65,115.97,727.91,567.31,759.91,716.84,908.06,840.82,162.26,821.29,796.66,813.72,474.74,726.76,921.27,361.92,587.24,311.53,325.52,73.8,319.45,440.27,997.73,51.93,850.5,690.25,275.07,558.63,392.13,381.72,221.81,118.56,187.95,321.41,922.73,915.36,179.65,460.15,924.72,572.1,223.58,2.87,723.69,24.29,631.43,629.91,545.17,964.44,362.78,229.23,474.08,580.3,151.67,185.93,571.49,485.89,619.39,574.1,745.12,851.64,948.34,584.07,877.39,179.77,812.62,862.2,80.34,973.73
2.53,254.98,139.65,207.17,296.89,296.03,555.92,871.5,709.18,941.17,695.42,171.19,88.29,593.75,594.91,570.49,-1,379.38,756.58,187.99,620.04,299.8,462.95,961.14,415.66,901.16,131.51,286.49,342.23,324.47,150.01,119.64,399.41,244.3,957.48,746.12,907.12,900.02,444.28,574.91,837.58,664.02,749.65,265.66,300.35,774.51,283.04,396.45,330.6,169.1,99.94,906.7,725.65,346.79,731.26,294.72,428.91,938.29,436.39,265.46,76.99,21.01,380.68,555.42,953.04,694.56,362.58,191.26,244.15,802,766.76,812.5,93.8,33.26,60.07,638.1,541.87,544.98,553.33,388.07,218.3,471.02,725.87,35.56,583.34,427.53,699.32,991.14,241.29,886.16,354.73,887.52,505.53,752.98,185.29,919.01,485.2,573.48,375.12,297.78
979.94,515.42,553.19,187.05,777.31,220.52,154.77,285.47,321.12,815.05,155.33,723.79,154.96,174.72,818.63,833.55,647.02,-1,121.88,249.26,270.47,71.67,7.6,129.29,105.8,526.59,67.52,320.56,934.44,646.15,994.35,276.8,636.98,590.31,689.97,450.06,484.37,340.47,9.61,940.79,618.64,858.23,978.41,375.93,696.31,950.75,957.88,714.78,31.98,867.86,635.19,767.97,337.87,516.02,431.71,354.25,810.24,30.72,499.79,988.35,469.61,937.92,506.55,139.54,427.2,895.97,159.43,865.49,354.61,636.41,651.68,346.1,577.92,325.54,291.94,846.39,430.22,837.78,110.89,118.03,727.04,900.17,241.85,580.53,432.23,392.18,651.11,509.82,835.52,127.99,866.15,356.09,535.74,238.69,604.49,60.33,665.7,580.05,995.89,940.81
541.76,123.4,522.38,989.58,341.11,541.87,765.28,605.1,899.09,921.68,790.9,397.3,477.55,600.53,346.78,312.05,888.54,54.39,-1,319.43,355.66,454.59,809.41,612.69,563.71,64.67,720.06,590.22,340.85,879.04,37.17,246.6,722.06,913.99,508.29,494.54,377.39,535.17,60.22,721.16,253.55,742.61,142.76,14.81,836.33,207.83,639.63,443.77,672.31,379.65,212.26,362.27,447.79,441.76,956.87,556.83,633.35,906.5,130.01,481.23,2.72,895.17,405.18,418.33,12.13,531.35,961.1,515.24,728.95,153.01,181.55,231.64,45.9,767.08,737.04,465.07,486.04,603.11,96.53,802.12,99.55,201.08,632.49,841.58,270.11,874.97,212.98,244.54,876.15,237.82,974.32,251.88,129.2,11.46,644.05,875.57,400.9,344.66,222.09,89.18
935.42,942.38,832.25,323.89,511.43,131.91,813.91,43.48,750.77,705.28,36.17,6.52,653.88,101.3,26.85,864.16,488.2,111.95,143.47,-1,622.43,623.14,446.95,509.26,939.28,911.99,234.96,620.24,632.25,779.17,283.09,233.19,728.42,711.15,13.63,286.81,715.07,757.36,227.6,5.75,169.61,424.48,970.05,812.84,770.25,943.59,686.74,863.88,126.73,423.73,388.9,317.65,160.16,199.85,109.51,991.94,595.63,482.57,109.49,435.68,240.33,806.52,530.97,815.06,860.5,517.4,236.1,895.19,88.5,534.21,911.03,879.12,699.46,669.14,437.49,774.75,115.09,818.2,75.01,12.25,380.7,405.74,732.07,519.84,132.42,679.33,479.55,965.19,618.82,876.97,11.81,754.22,583.68,358.21,892.87,48.15,668.5,990.02,71.43,837.71
986.6,756.16,862,167.1,177.1,820.03,543.62,790,377.36,380.71,975.84,543.44,816.3,199.45,703.29,133.2,495.57,269.94,585.03,59.66,-1,734.34,784.38,964.02,20.45,148.37,404.17,999.52,602.92,367.91,365.94,598.23,214.9,808.6,404.85,170.74,446.91,53.38,697.3,168.67,8.37,760.63,237.78,310.3,794.48,53.29,626.51,810.86,101.91,933.12,889.52,867.26,91.23,18.78,104.49,205.29,796.59,282.56,826.24,30.55,426.92,381.3,655.44,791.27,270.37,988.15,951.82,608.31,338.02,674.75,114.19,828.25,414.03,436.36,205.54,6.61,565.82,673.22,303.18,394.1,206.14,792.36,856.48,816.79,692.05,750.29,360.3,318.69,235.04,935.61,450.93,207.94,587.94,573.41,792.11,841.44,709.57,348.31,529.49,591.15
371.54,148.39,749.95,753.76,432.66,155.72,93.07,810.52,144.83,399.16,131.15,546.93,438.86,990.48,855.04,888.13,676.52,744.02,409.34,234.55,991.74,-1,458.9,843.96,898.39,195.6,691.23,390.24,165.72,365.98,520.52,547.52,818.53,645.46,614.75,970.72,982.5,969.35,860.82,957.98,242.16,276.03,517.78,187.31,214.04,424.93,2.07,833.58,759.52,687.42,190.14,338.72,451.94,152.22,447.04,234.79,38.12,384.73,991.92,25.41,687.67,989.77,152.19,484.03,303.71,553.03,366.22,725.79,601.09,16.47,93.43,747.09,907.56,602.07,508.48,677.33,697.07,242.73,638.46,480.25,782.56,572.03,350.89,898.13,202.45,37.95,802.93,371.99,293.4,559.07,357.94,541.2,935.1,18.87,276.56,11.87,777.83,104.19,716.74,380.08
947.18,838.51,637.65,579.19,101.7,40.69,73.5,897.2,81.58,101.56,764.45,852.8,265.68,190.47,688.82,290.21,32.61,718.93,721.18,659.8,930.33,217.75,-1,899.75,238.47,252.77,546.27,803.78,293.71,120.25,163.66,804.03,152.05,209.77,451.32,946.44,469.81,389.14,941.47,860.47,391.24,798.88,684.3,227.36,530.21,110.37,656.66,622.81,41.44,795,604.68,293.79,792.66,646.1,426.81,700.3,882.88,357.28,417.86,31.29,481.35,95.21,676.92,378.52,246.27,222.05,925.26,316.28,620.73,107.12,472.4,271.34,629.85,905.2,651.79,399.83,586.73,32.67,196.94,448.04,744.48,690.94,581.22,535.02,34.92,671.25,144.32,500.52,97.14,679.08,950.61,883.62,409.82,369.65,141.62,135.52,736.93,707.59,690.83,470.89
827.87,561.21,105.77,927.88,96.26,426.22,317.59,684.14,231.5,647.18,215.69,845.03,389.68,430.85,503.57,806.28,10.25,96.26,891.89,657.78,745.99,597.69,96.49,-1,488.71,471.04,858.05,275.83,297.79,958.58,112.53,67.03,813.47,240.11,125.67,888.61,461.67,434.6,288.5,544.01,759.67,582.66,228.67,33.3,222.7,64.2,388.42,1.64,750.59,222.1,308.05,502.71,879.11,198.47,393.76,444.26,493.96,564.43,258.55,874.11,369.69,184.87,223.15,461.54,303.67,38.72,555.32,315.14,79.82,137.87,869.77,198.73,870.93,951.53,964.38,805.14,701.55,205.54,482.28,282.36,827.89,590.44,236.23,644.38,849.84,573.43,259.39,401.7,728.3,661.27,911.2,174.84,637.04,520.97,288.17,569.35,566.76,672.19,364.32,50.01
540.09,31.38,722.6,484.7,596.25,21.62,565.96,94.34,812.3,529.16,363.76,471.05,277.93,347.69,161.17,731.75,796.38,777.96,78.21,588.93,807.89,973.32,260.06,141.65,-1,466.09,358.04,713.89,100.41,353.31,836.92,764.76,840.46,95.4,415.69,122.53,975.69,160.3,242.32,316.1,357.46,732.03,294.14,187.8,854.46,805.34,874.57,284.47,831.41,293.36,75.57,766.97,175.46,437.88,977.8,936.89,944.74,359.41,58.3,141.83,290.35,177.27,730.87,955.14,108.99,771.64,902.1,476.07,980.89,658.87,153.17,494.21,904.57,514.87,676.44,407.26,512.68,867.26,919.01,662.84,392.13,182.43,291.29,730.65,265.43,709.92,328.04,64.54,115.31,865.69,293.99,181.12,213.81,613.48,8.23,834.1,862.73,159.73,37.67,968
282.54,625.04,326.19,454.07,687.08,538.14,741.57,973.55,101.36,207.53,118.41,62.63,713.17,34.29,247.2,290.31,364.08,633.05,325.26,556.04,191.06,687.85,391.04,514.44,671.54,-1,197.61,599.72,231.15,251.64,535.34,377.3,60.06,372.19,803.39,971.25,562.86,116.36,863.88,451.94,308.93,642.4,570.75,483.65,930.76,946.37,104.71,696.11,248.16,393.91,622.16,325.41,858.26,235.6,521.42,720.73,505.07,908.55,21.43,911.36,993.48,803.15,881.19,287.67,394.77,169.4,746.35,361.43,621.57,63.61,630.06,466.33,378.34,100.36,116.05,519.68,421.16,761.67,727.88,404.44,348.78,183.06,396.22,10.03,260.11,831.38,444.59,768.32,711.12,621.48,410.74,72.4,573.13,794.13,186.58,145.25,839.56,342.88,689.62,828.37
822.76,302.85,898.5,151.56,835.37,556.54,834.74,91.15,250.94,878.49,705.28,753.06,695.44,765.14,135.7,230.75,718.17,369.57,626.25,689.88,18.42,186.15,265.46,829.49,835.89,634.76,-1,371.35,212.27,336.88,761.84,988.49,3.1,435.58,20.91,74.16,594.24,301.21,29.8,871.18,403.32,341.2,717.14,284.21,901.37,170.24,717.08,445.61,237.51,625.88,400.49,87.7,32.97,422.46,521.63,487,827.42,668.22,53.71,359.69,250.07,486.71,894.58,640.29,486.48,454.06,453.66,570.1,941.07,759.88,734.21,594.4,518.15,713.15,300.1,343.89,14.78,29.84,161.72,484.42,787.34,634.48,113.54,257.51,652.36,819.72,246.6,250.98,174.05,233.03,787.63,578.47,765.23,406.01,304.62,111.08,115.91,99.83,632.94,656.31
93.35,841.78,332.49,247.15,298.91,114.91,712,268.49,141.26,328.5,314.65,214.09,497.77,115.72,816.01,87.48,586.33,49.74,401.64,143.12,343.71,954.54,717.62,561.68,565.71,524.88,386.75,-1,430.77,920.28,324.71,627.41,921.74,49.48,670.15,867.38,267.13,657.27,240.35,957.84,441.56,856.48,680.79,128.58,861.13,994.16,670.73,814.8,176.21,804.72,265.47,701.6,293.3,322.14,669.28,896.39,569.18,539.58,194.34,127.75,423.61,406.63,867.75,728.7,202.5,122.8,357,335.75,716.32,902.59,852.39,170.82,714.35,163.78,647.69,354.25,114.1,761.51,438.3,320.7,376.95,36.03,836.04,397.32,878.48,275.86,485.83,241.11,244.8,527.73,708.2,46.32,112.24,446.67,105.36,290.8,125.8,130.88,641.81,538.42
723.3,48.86,849.42,2.87,345.93,16.87,206.4,192.16,735.66,438.71,949.07,643.69,558.59,856.87,935.85,837.52,837.76,585.91,486.61,621.14,844.28,864.23,54.36,363.38,565.02,437.6,762.47,338.39,-1,786.82,586.03,437.98,229.48,845.87,627.15,412.65,711.84,541.59,108.29,931.16,582.34,664.05,961.86,282.98,513.03,345.38,879.4,279.64,383.88,778.01,948.66,680.48,817.76,388.25,446.32,682.39,661.49,657.69,760.5,308.33,87.98,849.02,192.95,185.72,836.73,100.17,225.17,250.63,554.6,245.39,744.72,307.89,762.48,233.86,5.03,752.53,821.75,255.61,497.27,930.62,497.19,982.12,229.41,56.82,689.09,736.05,207.15,436.84,409.84,886.66,339.15,855.29,447.64,309.13,789.02,560.5,887.28,994.52,296.37,347.45
393.14,341.69,500.99,633.53,300.21,342.54,840.09,451.09,594.67,931.63,556.1,801.77,977.8,313.61,866.01,324.11,587.47,863.25,588.29,335.95,156.41,61.78,70.87,794.85,542.85,267.41,692.56,705.57,628,-1,756.24,437.72,229.12,308.59,340.66,122.38,117.49,668.52,615.58,736.8,463.34,890.34,573.91,479.34,584.45,529.87,181.63,700.32,836.92,454.68,468.94,215.65,687.69,437.4,208.63,959.74,560.63,278.71,806.55,176.76,180.85,411.56,633.64,749.17,557.32,398.74,395.82,829.57,532.03,118.8,490.19,273.06,30.72,664.12,652.59,744.12,632.09,334.62,715.55,611.8,641.57,437.34,51.22,661.48,378.47,574.34,372.36,496.68,62.48,203.37,96.11,921.54,254.76,729.39,258.14,398.33,875.73,922.64,695.68,563.36
135.04,737.39,807,374.58,267.79,466.25,550.56,316.34,261.73,102.27,613.28,436.35,8.8,708.91,198.16,18.53,580.85,748.04,853.27,122.54,922.75,350,489.36,595.59,398.08,318.51,918.71,910.91,708.3,679.53,-1,551.48,622.73,630.66,218.75,252.16,671.62,433.96,762.69,464.72,474.74,385.58,647,858.88,866.5,869.34,902.03,983.1,20.45,762.12,897.87,877.27,459.57,321.79,789.79,786.18,382.02,222.86,227.4,143.05,168.65,656.71,485.74,278.47,665.57,192.83,112.41,95.94,577.37,809.95,931.37,743.41,631.64,406.59,90.66,713.89,818.56,797.28,469.62,19.56,372.74,427.04,223.25,57.42,578.39,575.94,836.26,904.89,168.22,690.13,940.71,925.1,463.52,41.71,101.68,145.47,856.48,20.08,222.78,878.43
796.97,909.79,123.82,70.69,320.51,127.48,205.47,373.06,591.05,492.57,260.7,431.72,432.66,486.78,978.54,486.34,586.12,114.13,975.27,337.76,218.79,395.54,956.63,692.63,645.25,916.17,814.38,32.84,82.2,858.19,566.3,-1,839.97,752.52,591.29,426.97,907.11,995.68,225.19,968.71,980.8,754.03,876.16,778.89,731.38,547.43,205.6,355.75,747.52,495.04,737.1,647.95,773.41,345.5,484.39,46.22,512.73,800.09,49.74,967.47,126.04,220.14,979.57,407.84,257.45,283.23,912.13,51.28,859.88,563.13,456.77,521.6,675.19,793.68,655.98,156.99,844.13,759.5,749.41,561.39,526.95,873.77,922.76,610.84,283.52,588.71,572.63,911.53,405.5,104.29,302.41,125.89,794.89,452.49,506.53,214.48,696.03,190.37,421.74,577.07
219.48,969.26,348.03,194.48,465.83,654.54,81.12,589.71,103.32,534.9,282.32,199.56,160.41,87.63,592.05,120.71,425.85,916.58,994.98,739.52,418.01,659.91,427.59,6.5,685.61,134.98,732.6,174.51,651.08,747.59,41.09,751.08,-1,173.85,330.39,742.24,875.22,383.88,512.86,851.88,667.78,822.51,271.34,704.4,118.58,601.52,908.79,161.09,784.29,22.01,542.18,574.88,374.62,764.82,173.08,769.42,402.99,45.23,755.8,872.71,883.54,862.92,524.89,274.63,958.93,71.72,518.76,175.26,588.62,108.2,749.39,343.5,713.04,292.87,950.91,805.74,622.42,309.72,28.75,727.32,590.96,998.33,14.88,851.7,273.61,617.22,651.95,107.83,703.06,683.99,596.3,814.09,709.73,462.19,19.06,502.8,148.64,638.88,148.76,430.44
592.12,546.7,801.2,232.19,969.02,453.15,326.81,375.94,910.26,122.06,738.65,351,284.48,390.46,684.16,439.18,272.76,0.37,566.33,164.25,151.08,613.69,202.65,627.7,514.54,882.25,397.15,207.87,953.31,945.74,615.61,718.56,637.77,-1,337.96,378.38,564.51,349.52,387.24,890.11,931.9,471.15,573.56,426.61,314.77,792.04,542.58,169.08,107.84,359.23,489.58,990.18,848.6,842.04,336.69,960.25,227.25,183.48,389.61,889.98,964.96,560.27,455.06,367.87,100.01,989.43,414.51,266.82,732.34,525.37,208.98,42.1,659.41,634.47,230.38,925.43,675.19,22.23,135.64,286.78,998.42,923.65,889.14,70.53,309.86,107.36,586.78,811.87,129.63,929.67,429.02,429.11,653.74,721.49,163.75,917.02,970.73,902.9,143.89,589.55
601.74,880,139.39,529.88,522.42,510.93,420.83,254.35,870.21,731.09,960.24,719.62,96.38,816.16,276.51,787.31,455.92,32.63,492.85,966.21,382.39,497.44,413.43,111.15,639.13,834.07,940.05,927.8,700.21,401.19,783.79,449.77,442.63,65.3,-1,847.64,475.61,623.66,876.13,323.86,164.1,964.43,12.13,863.3,941.37,62.49,503.18,377.79,978.73,502.15,604.43,415.29,317.14,970.92,790.08,885.77,224.16,312.29,580.76,793.87,815.34,882.84,107.22,774.71,491.48,322.83,443.43,165.39,275.89,814.57,941.77,821.61,582.03,235.17,644.33,77.93,434.94,382.05,297.06,322.22,796.18,650.39,300.16,62.63,235.75,446.1,906.49,841.09,562.18,814.05,390.57,107.08,9.94,42.86,307.59,132.1,166.25,853.48,359.18,122.77
285.86,626.69,966.89,888.47,117.18,970.3,852.81,199.65,229.35,729.53,695.37,86.58,717.07,887.01,986.06,922.94,470.79,372.6,960,631.67,365.16,714.58,786.99,428.83,173.52,1.62,535.78,942.25,911,128.25,553.26,962.44,655.45,762.7,336.18,-1,493.08,203.7,484.36,371.19,257.07,35.05,236.97,276.47,870.62,906.43,533.48,674.71,964.44,775.26,67.18,635.39,8.57,901.31,100.6,198.8,532.94,941.14,449.72,673.91,851.75,111.5,6.41,662.44,898.57,313.98,408.36,674.81,480.55,473.45,861.19,900.84,627.46,768.58,273.64,176.77,547.94,84.15,133.08,149.72,745.81,988.54,676.82,819.21,644.08,252.03,841.86,273.56,324.74,608.65,799.2,75.2,221.09,570.34,785.38,764.79,822.55,367.02,400.07,238.71
519.93,104.9,221.52,170.21,46.6,124.32,743.67,452.59,335.25,851.75,151.83,817.77,165.16,707.3,426.92,968.12,909.96,930.79,631.21,172.44,326.65,220.08,764.42,344.28,530,270.48,3.47,878.56,262.78,556.19,161.03,597.23,969.69,499.95,685.25,572.19,-1,285.1,894.69,690.02,333.4,349.53,380.8,917.95,616.7,20.82,720.76,848.16,149.46,46.01,841.98,873.33,630.23,496.28,235.92,356.94,389.35,767.15,657.35,774.98,546.34,691.15,533.96,671.99,238.46,406.28,187.74,155.03,756.79,724.17,237.77,303.95,599.27,668.06,264.75,333.09,730.38,504.41,339.82,713.12,506.8,726.35,408.62,20.33,221.28,410.91,782.64,725.82,498.17,593.51,623.3,460.94,797.57,167.15,568.72,240.74,589.48,966.2,852.99,843.1
987.76,361.22,430.95,959.74,452.13,499.92,436.19,991.34,996.8,628.89,91.29,727.28,263.21,434.75,262.22,130.44,286.8,677.47,28.26,164.4,352.34,705.96,359.16,600.06,432.3,424.6,308.27,509.27,993.79,941.88,196.63,745.81,277.68,223.21,705.65,177.14,628.16,-1,167.86,951.11,974.71,194.6,538.54,60.87,861.28,538.04,680.42,255.33,713.11,731.23,501.46,24.7,816.8,583.73,11.69,537.22,592.62,93.05,19.76,45.52,491.18,971.58,683.34,862.83,460.71,27.21,268,360.2,931.99,478.26,623.09,831.75,971.81,72.37,194.31,198.9,460.68,150.63,524.07,294.13,355.56,373.33,372.16,332.35,837.65,899.73,55.83,225.59,338.56,741.54,316.52,718.22,754.7,599.85,116.51,601.87,573.7,136.49,650.44,211.06
460.13,857.22,397.61,53.1,386.64,429.02,379.13,861.19,189.35,51.19,413.82,123.36,226.09,584.75,204.64,413.97,948.97,28.97,43.1,329.92,794.49,916.86,251.72,553.79,913.46,283.74,430,925.96,71.63,353.94,474.5,566.42,650.44,287.69,367.76,604.32,426.41,49.63,-1,498.7,962.97,657.15,158.6,590.66,15.92,346.17,949.56,76.55,3.15,758.33,385.21,213.7,365.34,593.47,313.33,78.72,130.14,751.33,372.3,246.04,280.68,993.68,859.53,608.19,53.62,320,265.64,331.35,107.06,642.4,599.59,778.08,162.06,73.66,940.02,940.59,585.05,986.48,57.92,966.04,632.68,443.07,610.89,828.54,362.43,525.91,888.26,252.59,533.74,104.03,536.53,948.41,333.35,714.4,699.77,343.07,127.82,646.71,904.05,497.45
69.31,382.75,52.33,730.66,327.9,947.59,693.84,151.7,471.18,710.19,671.27,314.13,81.84,585.31,816.58,138.1,239.3,8.45,698.13,842.09,707.88,995.55,653.51,15.11,631.23,692.21,214.08,651.69,651.77,281.89,39.49,157.41,18.4,1.84,674.87,692.44,838.61,134.28,731.15,-1,936.88,788.71,957.9,922.1,436.13,412.32,830.79,829.64,811.7,785.41,612.42,134.83,224.04,39.11,233.55,986,927.69,750.84,996.56,316.55,526.1,70.63,826.11,276.98,441.65,485.48,246.88,91.23,511.24,314.15,231.12,689.58,314.74,391.52,678.52,938.91,585,447.6,519.87,613.51,677.45,160.6,688.34,994.17,607.74,762.62,444.81,582.01,252.09,451.61,497.13,241.79,756.23,703.03,686.21,147.43,899.21,24.91,942.81,0.62
512.51,36.64,262.58,668.61,646.24,37.52,781.36,789.8,183.42,809.12,116.9,947.73,625.74,675.75,418.97,463.15,734.42,677.61,874.73,904.9,219.74,316.38,600.15,827.26,27.8,724.45,391.69,928.73,524.02,120.35,718.36,994.08,147.67,605.24,35.39,247.88,116.72,750.31,774.92,537.51,-1,847.18,147.89,550.88,518.38,53.18,574.27,871.82,353.23,23.15,592.79,294.09,183.27,740.24,728.66,812.28,182.42,727.05,1.38,770.62,885.84,140.35,416.04,34.02,978.46,181.64,515.42,554.73,89.25,359.86,814.44,317.54,389.31,668.19,541.54,527.75,843.52,390.16,712.46,654.2,75.03,894.78,244.03,469.56,638.67,480,642.33,471.58,21.86,294.53,60.23,368.32,522.68,775.82,652.33,803.63,738.41,972.09,59.39,416.61
240.09,507.81,864.34,535.47,189.4,531.19,252.12,32.18,588.59,470.29,494.99,901.26,583.88,786.88,143.35,291.95,712.69,374.94,423.24,533.54,509.81,902.85,917.45,239.83,809.31,278.24,613.76,390.77,908.4,226.04,596.78,587.75,543.25,654.66,293.92,813.97,909.52,832.69,779.19,174.08,814.71,-1,32.54,55.88,305.09,57.63,293.31,631.14,620.27,962.7,81.66,510.7,923.15,221.87,324.31,470.3,632.68,253.2,618.58,610.16,972.82,259.63,903.85,656.77,225.15,263.65,66.21,446.79,641.96,320.89,589.82,459.31,71.11,457.76,838.66,518.91,883.17,897.72,684.26,536.02,742.75,222.59,649.75,947.39,500.9,634.61,145.85,503.78,288.65,955.52,278.08,556.18,885.93,334.72,722.82,438.92,910.18,875.77,436.57,743.98
772.96,622.79,243.34,542.21,140.67,877.4,271.31,532.6,558.99,198.27,986.46,829.84,114.51,653.74,558.45,493.06,928.66,338.14,61.77,715.23,90.54,629.3,51.2,242.18,700.48,985.4,699.39,752.63,347.92,594.81,891.36,519.96,757.5,520.28,514.03,206.47,147.95,936.84,269.24,704.16,766.91,280.44,-1,401.62,244.96,627.74,435.44,834.09,242.91,836.54,840.25,296.33,968.28,648.92,716.49,413.17,439.44,780.71,136.36,586.08,150.74,588.68,118.3,96.04,606.46,842.79,809.63,549.93,375.16,385.69,14.28,965.1,332.09,68.67,67,408.54,557.51,439.9,726.28,823.1,566.88,124.93,630.06,50.56,362.38,118.51,895.64,969.7,448.43,468.2,778.61,530.4,312.25,242.46,744.11,423.67,123.93,818.03,55.9,212.72
837.69,781.58,336.53,834.63,508.08,423.88,990.58,929.2,843.16,458.76,762.6,158.06,97.11,46.3,546.74,633.78,916.49,963.49,71.5,852.49,611.12,616.58,235.73,780.84,657.87,774.47,390.79,957.8,457.05,944.45,632.71,359.52,69.99,264.17,940.2,769.7,13.03,824.29,459.72,435.45,700.79,854.83,219.15,-1,890.88,79.82,332.73,610.41,665.85,626.06,889.57,981.85,4.57,574.31,90.34,333.48,125.14,239.79,395.27,385.85,832.12,842.05,48.34,974.04,525.62,294.3,383.8,563.83,847.41,385.89,475.47,715.12,969.15,92.39,304,494.85,908.29,713.53,848.02,814.11,237.84,335.84,926.44,504.76,481.6,947.3,562.38,452,855.94,496.51,432.54,823.18,674,196.87,202.31,542.97,676.69,823.75,38.54,4.96
272.41,316.38,15.51,175.44,215.59,112.94,689.36,853.16,317.85,258.51,325.73,84.38,543.28,119.43,990.54,965.25,990.87,793.3,824.54,267.57,455.39,820.53,676.73,698.01,917.71,701.66,756.37,595,204.83,951.44,676.28,978.8,175.39,281.55,799.78,945.66,832.13,312.09,238.68,256.81,624.99,832.47,963.64,725.29,-1,236.87,488.9,773.69,82.11,370.99,301.34,631.31,489.25,22.72,908.46,8,239.05,466.79,120.56,122.4,840.65,899.72,302.93,29.1,90.08,258,5.6,769.09,53.57,171.13,687.49,695.96,821.52,60.17,375.55,329.43,322.21,842.79,991.91,688.15,302.52,463.39,965.6,971.36,993.95,941.83,150.04,530.59,40.83,637.82,770.98,117.46,904,270.03,408.17,572.01,19.57,756.45,715.25,949.54
630.46,772.54,744.7,859.02,12.15,906.68,872.05,393.98,315.28,791.38,346.9,611.42,211.83,786.71,797.96,239.55,216.81,716.28,759.09,222.57,744.54,586.53,538.98,832.92,738.39,827.08,834.52,780.3,584.37,962,26.24,571.08,369.06,328.42,471.69,811.03,416.64,487.62,254.43,195.88,103.34,487.24,286.04,384.53,896.47,-1,619.82,121.17,453.82,497.56,175.01,708.74,843.3,328.74,867.56,129.16,342.49,171.11,776.59,939.22,243.38,651.07,352.05,917.4,879.7,567.38,615.65,162.57,461.27,162.89,685.4,61.14,720.51,150.73,637.86,729.94,323.45,38.21,995.41,812.37,150.19,183.86,949.18,962.41,42.86,894.56,810.21,132.3,31.95,449.26,323.45,734.39,660.19,452.89,29.89,107.39,743.32,226.29,209.44,827
568.89,957.01,379.53,229.92,822.45,958.48,367.97,701.39,506.41,269,638,90.66,647.31,420.66,700.16,365.16,637.26,326.68,892.75,367.44,363.51,204.43,788.11,774.74,944.25,163.02,701.95,304.36,360.08,242.06,777.3,534.71,634.8,620.64,395.1,107.67,880.37,917.63,247.9,377.59,575.7,807.28,162.98,290.11,936.38,638.43,-1,924.95,433.19,816.89,641.75,765.77,388.96,715.74,697.75,273.25,386.51,527.57,71.36,649.27,784.9,556.8,69.31,857.14,718.62,274.38,919.52,925.25,335.44,67.74,697.09,437.57,28.39,440.37,836.47,670.34,878.36,935.45,93.59,785.98,829.51,29.45,315.09,911.88,699.08,374.43,538.23,413.47,854.76,933.47,462.39,226.41,945.87,690.08,643.23,196.89,116,993.06,243.86,876.82
450.24,661.22,783.8,173.42,270.45,238.4,584.11,185.93,306.35,38.97,6.25,364.73,307.38,985.79,638.87,802.18,177.2,138.64,427,897.05,809.3,462.63,574.01,925.8,535.11,45.19,816.43,964.85,810.55,270.34,548.1,257.59,60.03,902.74,959.14,826.72,580.37,967.71,338.19,161.7,313.68,290.94,458.22,959.38,107.25,540.7,61.92,-1,11.62,528.46,366.46,422.69,506.44,407.39,699.55,308.73,260.6,436.83,817.38,694.13,714.13,147.71,870.02,975.13,686.61,70.71,86.58,560.94,74.17,921.02,439.67,791.84,454.71,719.24,43.65,714.37,838.64,957.18,131.91,537.96,703.81,995.91,836.95,896.9,583.15,758.76,568.96,601.39,292.89,460.83,799.35,186.1,768.79,580.96,434.22,342.23,212.18,457.68,476.16,341.79
139.12,634.86,457.33,61.25,165.85,141.84,540.07,362.69,730.42,775.17,34.89,376.93,797.18,459.65,934.2,294.54,135.92,354.33,551.18,19.36,383.21,442.08,545.6,626.08,100.95,567.96,532.86,371.36,377.62,191.31,317.75,896.06,561.12,933.77,75.26,314.98,631.24,54.67,784.46,878.06,783.6,863.03,329.74,471.49,420.89,439.19,984.44,29.06,-1,254.41,211.68,920.23,90.31,0.48,523.4,285.13,550.16,722.91,826.82,233.25,319.82,441.36,242.66,292.75,479.78,574,977.73,5.93,126.34,884.18,736.87,53.04,452.77,799.09,748.79,609.83,130.16,748.97,614.21,754.96,425.61,164.9,729.52,373.32,96.77,750.31,455.57,926.21,48.68,976.84,780.43,942.78,68.79,401.12,396.04,533.33,387,98.29,836.66,728.45
494.32,361.7,220.13,685.89,721.6,76.05,359.07,864.36,504.39,566.35,295.76,954.7,871.61,612.48,714.15,436.92,694.62,779.3,780.7,911.01,310.61,596.41,874.7,214.29,179.82,167.34,37.21,12.93,356.29,903.97,711.44,109.52,786.94,636.79,835.53,268.28,847.56,259.49,368.43,842.29,410.96,533.7,1.71,850.12,854.92,730.27,913.09,425.06,881.95,-1,64.46,210.66,304.11,268.26,141.35,137.66,437.02,533.81,301.72,917.21,900.09,990.81,64.34,557.23,92.9,635.2,856.13,187.49,476.85,147.22,567.02,578.55,919.81,124.5,357.87,633.54,642.93,443.33,784.33,418.03,62.85,946.78,444,695.1,458.9,713.24,595.78,870.57,744.38,682.47,929.08,220.79,711.93,630.37,696.86,167.81,514.92,757.82,920.5,970.37
727.61,922.76,134.37,609.29,308.51,80.45,395.14,895.51,24.89,894.67,759.34,681.77,935.76,638.29,975,404.81,804.48,606.27,7.79,589.91,198.61,599.45,340.27,133,608.02,789.22,680.9,961.5,388.84,883.44,742.7,530.72,170.26,959.23,670.43,448.85,701.99,988.51,876.87,882.53,736.64,525.58,931.13,725.53,874.11,515.4,54.2,458.53,498.18,17.43,-1,933.22,280.64,822.68,63.12,971.45,319.21,895.62,872.14,46.75,808.29,367.25,466.33,636.24,47.25,658.59,467.73,923.52,727.97,33.09,715.77,822.04,925.04,877.38,610.2,849.03,631.52,636.57,81.92,426.1,494.34,140.54,624.96,391.78,263.66,303.74,483.45,285.54,769.13,479.34,953.46,672.76,331.53,232.58,339.19,535.09,805.91,455.86,735.51,209.3
237.37,535.49,925.7,496.57,289,749.66,54.63,835.43,892.15,306.73,505.26,982.08,204.78,798.32,318,863.97,903.48,83.51,853.12,981.44,947.82,869.24,418.47,90.55,954.56,513.21,628.64,943.23,76.38,600.08,887.14,501.97,816.55,83.62,799.76,253.96,359.4,334.24,850.39,127.03,470.91,223.75,858.21,415.55,21.14,829.45,31.51,530.78,574.31,178.72,161.95,-1,635.34,631.66,569.37,702.55,985.76,932.23,334.1,298.14,900.73,68.99,363.02,775.36,122.55,324.71,345.12,437.73,125.47,742.58,302.98,933.7,105.65,369.63,420.32,836.81,476.72,496.53,764.25,137.69,191.16,103.4,36.35,952.4,156.17,544.07,982.17,456.23,734.97,479.53,988.06,324.8,558.76,52.96,909.8,251.84,567.3,874.28,101.05,46.06
778.92,439.1,960.3,611.71,926.46,324.89,480.29,196.42,969.82,728.25,445.88,804.45,907.34,790.92,571.09,404.04,997.34,496.7,358.34,480.76,507.01,588.68,50.57,614.97,334.83,447.01,39.83,7.62,224.68,955.57,82.83,548.91,956.43,102.16,88.39,514.53,32.52,122.65,144.88,905.49,459.79,253.65,418.56,534.84,883.95,37,561.55,454.93,377.38,687.22,192.27,236.01,-1,734.17,737.32,860.44,601.88,245.14,157.08,345.33,198.09,670.93,10.2,601.31,727.71,328.06,817.79,874.94,368.51,748.21,995.38,342.57,413.09,297.06,740.09,277.02,955.32,812.01,572.14,690.66,708.47,312.78,695.88,420.8,221.73,163.02,778.08,159.35,224.94,458.97,206.76,829.92,999.39,888.89,99.73,686.67,650.72,463.77,673.7,812.56
628.56,280.59,111.24,697.12,498.8,92.85,246.86,589.11,422.17,991.15,477.26,425.47,312.07,832.94,408.9,588.7,208.34,536.44,568.85,530.51,370.95,133.41,974.86,894.68,781.78,62.93,424.8,681.64,133.69,618.18,111.19,914.25,798.51,548.18,187.41,51.48,560.3,960.72,5.38,116.45,448.61,642.64,124.01,695.35,862.57,361.6,944.67,983.64,851.43,116.91,801.14,948.04,18.06,-1,986.07,746.75,81.89,544.97,233.77,320.49,775.29,379.87,408.96,776.8,608.95,126.55,680.53,649.41,429.98,310,294.84,500.96,704.01,383.13,152.88,381.58,95.32,819.22,661.47,605.71,339.85,307.85,310.85,460.4,938.09,566.47,419.35,742.12,916.25,502.55,821.51,648.42,526.68,865.24,604.42,516.7,565.11,757.21,742.42,277.76
346.2,569.62,285.45,524.75,507.13,712.51,358.95,868.81,897.79,270.88,593.79,533.41,70.57,843.14,475.06,577.36,43.57,620.08,721.96,756.04,224.87,949.97,743.27,131.47,816.27,565.63,896.25,536.76,244.37,88.54,183.52,39.02,224.68,189.45,458.1,701.26,794.98,261.71,970.28,981.98,240.67,994.2,612.48,166.08,661.65,737.79,971.85,570.93,155.11,609.87,854.79,114.73,666.7,253.99,-1,8.05,908.69,685.06,69.9,927,664.27,533.77,391.98,604.97,397.41,958.76,910.64,954.31,884.76,454.26,469.57,912.68,514.81,106.65,300.68,262.99,982.27,196.31,40.48,249.23,141.19,162.72,495.64,254.68,943.04,978.21,368.26,348.92,441.74,716.61,591.1,402.44,174.98,137.17,57.5,496.91,414.16,46.92,185.99,879.65
418.66,599.62,335.21,140.25,284.91,69.86,921.63,658.97,968.76,891.47,676.35,791.63,236.51,833.67,674.28,864.89,383.72,762.55,513.84,915.79,12.07,230.24,136.28,232.21,491.67,135.69,661.18,809.35,627.12,463.99,36.1,925.63,895.72,118.06,59.96,6.31,26.99,370.67,369.29,482.16,600.76,237.92,512.33,824.01,6.64,734.5,36,294.86,273.63,486.16,175.28,189.54,759.19,347.54,23.3,-1,441.64,574.75,410.84,922.79,574.2,319.62,31.63,962.9,845.63,961.4,697.22,732.36,584.38,460.42,729.79,365.19,803.88,283.77,480.71,382.24,158.52,544.04,574.8,545.67,893.8,268.88,682.66,651.74,771.79,717.38,675.35,923.81,201.03,244.9,814.69,811.63,228.3,586.9,850.33,537.17,99.39,234.21,674.01,166.67
172.63,585.2,933.08,856.65,966.7,416.92,80.11,951.27,737.96,14.99,164.5,407.35,12.42,662.36,8.93,987.44,315.26,831.28,295.77,236.82,62.85,425.03,298.51,75.12,341.75,112.27,923.83,202.88,183.62,376.54,275.37,216.25,457.34,258.78,640.72,406.36,299.66,400.74,824.38,472.08,358.83,812.64,240.88,983.01,537.86,241.42,754.09,881.68,128.45,953.68,921.24,766.94,406.39,811.05,219.56,973.69,-1,185.69,106.45,938.85,30.02,592.99,393.69,484.85,487.33,823.44,297.42,152.12,177.75,775.07,931.97,120.54,863.13,808.86,525.67,996.55,922.9,382.62,456.84,863.73,58.77,832.12,268.55,135,1.38,678.74,386.65,98.79,164.38,689.87,614.12,457.71,486.58,584.98,74.25,932.28,819,195.34,213.44,378.08
464.33,567.69,972.22,377.52,755.98,960.31,987.06,922.67,149.75,125.15,39.64,788.47,530.8,371.68,446.1,918.97,469.03,809.98,877.09,834.73,536.3,759.44,961.87,466.65,185.79,193.56,422.24,854.35,685.24,128.34,725.25,940.32,504.75,554.28,302.92,670.17,943.37,109.59,927.98,711.81,586.23,917.92,331.83,522.28,24.48,284.53,221.39,467.62,996.72,522.27,206.04,747.84,907.12,645.75,757.43,264.43,523.84,-1,121.41,75.03,69.94,397.99,784.44,169.61,221.77,495.2,292.84,448.36,905.15,936.3,633.33,380.99,256.09,849.49,820.08,853.65,811.17,467.73,44.72,9.76,523.09,270.52,458.07,997.12,794.77,823.83,514.69,295.31,16.56,472.82,229.68,357.09,416.56,356.04,345.14,769.16,450.34,354.48,256.99,63.01
872.37,318.4,945.61,10.1,524.88,310.03,219.2,227.08,801.4,150.4,283.84,724.82,907.37,126.05,705.02,439.05,151.99,685.56,171.55,953.57,504.44,890.31,958.85,799.58,932.05,864.93,367.38,889.76,786.54,478.23,27.85,634.81,453.98,594.5,393.51,375.91,688.2,713.11,841.24,546.97,634.77,61.45,715.35,830.88,207.05,712.4,785.98,743.31,269.95,700.96,989.93,804.82,35.93,805.65,750.04,128.18,805,311.42,-1,537.18,105.32,984.62,875.9,904.53,360.97,166.76,551.89,219.32,693.73,178.78,188.68,597.44,39.83,740.82,252.24,568.49,60.14,276.07,329.3,963.16,284.06,483.54,388.01,802.29,252.88,218.38,612.37,726.53,365.88,841.84,691.58,183.96,303.58,89.88,610.89,391.12,433.79,454.33,835.58,271.27
103.7,358.03,122.26,272.7,713.69,860.99,446.61,367.17,225.78,515.27,35.27,233.37,756.63,829.56,417.96,101.75,772.29,368.97,781.86,213.32,668.71,839.62,73.52,510.48,567.42,18.75,92.08,384.72,351.01,153.56,63.66,21.49,712.13,94.31,604.27,119.22,500.16,357.21,57.56,154.03,998.37,789.37,923.92,995.14,159.62,671.8,633.45,143.88,572.08,699.91,740.7,690.19,388.02,744.17,923.22,165.53,816.91,805.92,517.29,-1,792.58,458.32,741.69,664.2,101.48,311.38,734.65,817.56,896.74,492.93,827.21,53.63,170.55,294.39,185.55,166.22,396.02,546.74,415.37,145.78,637.1,589.24,742.91,115.34,94.55,424.72,29.06,400.15,191.38,208.69,132.87,83.56,192.02,199.96,98.62,989.47,347.43,743.63,159.15,654.25
721.86,25.68,109.89,145.04,589.05,463.95,263.01,709.28,349.51,599.07,930.78,981.74,504.71,406.14,801.36,784.93,108.61,637.94,936.59,195.94,624.69,355.71,799.6,984.87,274.99,932.12,782.2,499.71,828.28,90.6,940.91,264.6,87.35,682.57,522.34,32.21,676.12,207.64,9.02,756.81,886.55,656.06,883.57,237.31,450.46,997.34,989.92,536.81,602.99,961.53,808.38,95.26,14.38,528.86,787.09,64.07,455.43,743.37,754.65,154.03,-1,359.15,310.92,437.46,989.64,650.03,104.5,385.25,168.4,988.65,691.49,33.73,392.49,96.79,30.21,920.61,891.43,267.05,37.4,902.8,466.26,852.83,707.37,615.71,265.18,348.18,651.8,567.15,386.14,15.67,373.9,778.4,424.8,951.07,794.66,108.75,706.89,693.58,454.07,320.29
444.4,517.89,574.51,6.74,74.9,972.72,457.29,747.1,272.71,71.52,209.87,154.01,756.78,52.59,493.64,508.63,445.75,120.31,263,259.96,290.38,728.17,515.24,76.41,526.27,659.47,421.26,682.05,298.95,398.98,793.01,925.42,477.64,24.18,408.25,31.79,31.05,699.8,112.18,540.9,221.01,198.85,791.95,757.1,310.41,945.53,171.08,596.35,668.68,487.56,803.51,579.89,708.37,867.73,297.9,525.15,536,588.18,690.8,142.81,343.18,-1,248.46,947.58,918.19,347.99,808.75,168.74,786.07,524.05,331.35,75.91,142.27,729.28,628.88,761.71,601.7,94.38,247.32,983.9,136.32,28.63,627.86,677.42,722.17,120.39,842.96,742.07,190.2,266.1,333.52,862.33,868.66,928.01,824.45,476.17,721.71,42.78,935.18,184.96
643.23,477.8,91.64,463.5,813.22,279.13,277.01,245.06,604.7,603.25,388.13,95.67,754.49,155.99,977.59,941.46,495.04,317.76,315.23,677.65,834.64,119.73,558.76,20.39,269.13,619.98,222.07,124.16,41.99,401.3,60.02,988.41,664.28,342.79,487.46,911.5,221.08,529.71,409.48,465.1,299.82,465.31,57.22,666.54,776.3,200.58,880.83,639.15,793.29,658.49,75.92,43.76,518.2,385.06,501.2,462.79,726.3,840.84,767.06,710.46,72.36,76.3,-1,710.68,966.82,24.01,533.21,569.46,190.31,252.51,165.55,394.53,566.3,146.19,191.41,859.07,598.43,937.12,755.97,21.17,362.49,928.98,796.57,9.01,84.51,735.17,298.67,564.84,96.48,61.46,390.36,793.66,507.23,607.37,131.81,720.33,723.98,675.98,982.26,323.69
789.28,35.13,292.25,290.48,503.03,794.29,350.35,933.18,152.86,92.41,772.99,720.63,700.79,837.08,811.47,199.03,571.41,390.8,58.53,998.11,434.52,594.62,762.61,118.7,760.81,493.72,364.8,98.05,369.43,161.22,124.14,883.95,639.31,845.99,957.99,151.31,710.79,986.79,912.49,804.29,754.58,699.89,360.85,438.26,932.71,655.69,969.75,446.31,476.16,281.37,23.55,137.24,544.1,679.69,153.29,562.17,727.11,849.38,190.55,283.59,453.22,660.08,951.63,-1,130.71,206.83,138,239.03,384.25,560.43,843.6,365.09,552.43,596.09,856.92,773.18,441.11,352.87,641.75,754.06,165.95,322.33,573.78,894.03,154.22,870.52,523.27,511.12,888.22,176.91,58.31,979.52,230.25,470.58,979.18,559.72,909.59,839.76,79.82,14.02
366.32,816.79,57.58,804.63,654.04,462.73,330.94,536.24,758.56,639.65,933.57,133.32,561.22,791.05,43.89,310.44,788.25,0.61,458.64,214.09,443.86,533.32,298.45,133.04,507.65,728.52,28.31,807.19,741.4,237.81,473.95,489.12,590.66,836.15,193.75,153.98,179.56,928.49,100.52,127.18,138.68,232.13,377.31,298.98,951.7,379.37,892.43,769.69,521.22,96.21,708.75,802.72,74.94,823.88,182.58,985.72,798.32,975.72,325.12,587.92,165.46,695.21,666.29,996.4,-1,194.66,945.37,239.01,418.65,412.78,485.45,927.36,40.7,894.1,28.38,906.04,315.27,798.96,249.53,600.2,372.19,988.75,158.63,848.08,132.04,834.4,301.25,845.36,101.53,536.04,146.97,849.28,808.45,883.2,903.35,865.3,127.24,798.06,116.77,665.54
693.64,850.03,225.61,861.07,814.03,949.36,500.14,945.17,756.36,673.8,970.66,346.17,789.07,785.04,182.16,112.49,410.41,377.19,185.21,772.5,2.12,857.54,515.07,619.64,54.46,886.4,817.23,301.25,973,112.78,549.64,813.72,82.08,743.85,660.11,644.89,974.6,985.85,950.87,626,848.58,425.75,703.68,798.48,495.19,139.5,843.89,182.3,531.92,241.48,919.97,896.55,865.24,504.63,434.37,872.43,541.71,586.47,144.45,188.65,995.38,277.8,686.11,629.43,688.1,-1,849.26,594.3,897.82,72.7,906.31,515.2,584.44,539.78,248.44,508.89,979.85,637.3,815.69,697.32,814.11,734.58,378.72,479.55,229.36,132.78,787.71,66.58,838.14,525.34,436.15,759.23,816.99,560.21,2.04,608.4,230.9,718.81,829.95,298.63
361.07,250.62,155.44,987.01,448.64,625.24,189.22,120.44,383.24,629.78,884.42,124.8,85.5,145.24,947.09,720.41,925.03,348.65,57.87,54.35,863.44,84.8,477.68,859.06,952.68,760.58,54.69,902.39,349.52,62.52,830.58,687.75,211.68,721.34,40.22,944.01,57.95,407.73,440.85,377.03,173.08,876.95,449.92,304.55,586.07,241.58,155.01,414.92,533.48,405.05,411.01,414.82,664.79,802.12,522.36,105.23,311.3,358.8,823.08,544.21,421.19,284.62,149.27,226.84,238.65,224.94,-1,456.76,992.06,75.06,310.12,237.81,194.71,57.79,276.96,483.81,100.9,533.33,99.62,214.71,739.12,914.38,151.51,355.88,865.24,481.73,218.26,853.02,24.37,91.1,203.33,578.24,964.06,645.41,935.09,59.93,258.59,83.05,826.57,644.72
776.08,367.27,656.08,164.28,786.14,962.13,176.07,855.9,371.44,149.35,404.35,875.55,640.87,15.34,354.83,524.59,6.35,181.89,904.23,197.75,480.59,792.55,875.41,693.23,54.95,895.65,438.78,779.42,491.18,237.11,661.93,32.29,388.41,549.9,8.08,549.1,135.09,432.67,970.71,447.69,849.46,743.87,6.49,278.19,901.35,394.32,954.65,915.73,459.45,326.53,41.75,758.68,596.9,268.31,466.14,408.87,155.67,981.79,830.19,355.57,795.05,974.07,761.42,36.05,20.84,50.9,511.82,-1,865.73,381.78,194.2,914.2,391.25,369.22,854.61,289.12,737.64,594.49,814.33,476.4,203.69,322.73,38.78,110.54,134.89,543.68,639.52,158.33,92.26,586.62,471.62,266.34,602.31,780.66,399.27,657.73,740.4,371.13,552.3,822.61
727.36,624.26,591.04,855.43,786.67,566.39,156.69,785.77,557.57,776.97,756.86,27.97,749.52,123.81,424.9,114.73,409.93,440.58,201.5,111.99,758.66,776.67,268.82,164.48,80.79,580.53,321.45,370.99,936.75,571.04,423.51,894.49,935.28,973.39,27.78,48.64,275.32,355.09,910.19,498.19,386.63,168.85,36.33,575.09,72.46,116.87,986.56,927.94,708.65,366.66,341,390.35,291.36,639.91,436.96,926.82,690.03,211.55,862.39,742.8,96.8,838.45,698.73,776.44,44.97,859.14,267.59,545.64,-1,48.39,13.07,774.34,882.37,833.05,335.66,128.83,612.06,738.7,822.35,790.96,353.17,202.68,680.51,176.99,147.02,66.99,537.39,485.03,763.48,584.28,136.86,0.52,435.56,443.97,724.46,53.49,803.05,832.3,408.81,241.76
543.06,325.78,527.79,194.97,160.39,759.7,448.78,676.17,507.63,765.5,77.22,123.01,105.55,868.87,589.97,252.34,250.03,120.43,512.08,352,387.97,756.87,459.22,257.61,432.51,35.41,119.8,488.75,138.06,476.56,909.53,816.52,850.34,375.28,749.82,297.87,615.62,315.37,73.28,560.52,379.05,769.63,182.31,559.13,95.99,382.88,672.13,377.3,782.34,562.85,70.84,21.32,171.17,979.6,867.75,268.13,543.19,649.21,74.95,121.99,266.9,582.72,885.99,27.04,381.15,861.67,93.51,528.78,973.4,-1,337.14,344.04,536.67,684.68,970.37,279.91,709.31,641.43,748.42,407.56,564.73,619.25,805.49,471.81,625.87,410.79,694.31,908.08,595.3,405.18,576.2,230.34,961.56,189.05,962.32,308.42,772.02,214.8,730.26,10.72
29.56,287.46,128.44,925.67,690.87,394.4,479.7,656.08,892.01,935.92,358.89,889.17,982.49,771.38,564.14,313.67,430.78,446.24,595.19,472.93,321.13,879.5,541.91,433.44,416.1,942.77,994.85,834.91,677.75,90.13,573.31,156.87,128.27,779.46,36.13,752.67,486.99,391.75,613.6,881.03,129.97,46.34,192.29,877.35,36.43,906.62,455.68,623.83,184.35,895.97,231.61,675.92,944.89,907.47,997.09,629.85,912.06,2.07,734.81,951.54,742.39,680.69,250.34,579.61,284.46,564.53,336.01,249.42,532.99,127.37,-1,77.1,348.65,151.87,679.06,134.61,227.92,356.17,975.03,381.29,249.88,476.75,457.05,866.69,650.57,879.68,387.59,967.67,695.51,409.66,335.49,97.5,765.13,855.54,109.63,779.99,314.58,441.47,660.18,56.62
654.34,253.68,422.3,181.81,11.12,589.29,887.42,623.98,991.64,128.93,580.68,596.77,817.46,699.82,437.56,517.75,147.09,386.15,693.15,436.57,189.59,614.76,809.57,539.15,986.09,932.98,650.37,125.81,454.84,970.6,220.28,531.18,647.55,828.16,581.88,756.31,267.79,3.73,424.6,849.08,406.1,676.36,93.09,637.29,172.3,135.67,208.69,374.92,511.07,983.26,391.58,925.61,527.17,5.81,227.74,852.01,138.65,738.02,939.47,197.82,647.21,507.92,638.18,685.53,478.14,761.41,455.19,827.25,881.34,205.56,649.01,-1,108.34,769.35,215.71,84.7,712.14,233.72,21.63,287.29,868.8,585.91,830.2,854.32,185.45,992.92,668,62.69,152.14,1.4,549.94,159.12,312.62,681.89,905.11,994.85,265.73,642.68,744.42,561.72
648.88,702.03,206.65,271.08,991.73,584.29,297,169.03,270.58,786.82,332.06,611.6,211.33,288.51,697.45,460.09,59.91,328.44,1.33,394.24,999.13,202.43,163.25,521.25,631.29,889.04,962.3,443.84,139.88,794.83,133.94,969.61,3.88,443.4,722.76,833.71,524.05,927.26,702.94,794.63,316.19,763.21,583.76,316.22,249.1,79.85,595.6,692.74,26.77,435.49,476.67,149.44,819.76,814.4,818.12,298.71,472.25,464.55,555.94,49.82,904.54,417.56,722.01,821.79,487.32,604.9,844.72,57.86,171.59,888.85,331.33,815.21,-1,103.7,107.61,816.12,805.36,318.7,951.75,397.25,845.49,731.96,696.85,726.09,802.95,68.89,178.5,757.54,114.74,41.69,94.33,158.96,467.16,272.97,625.44,182.85,923.08,124,957.36,317.5
539.54,675.85,221.28,154.56,415.88,439.88,42.7,193.2,46.58,45.15,259.13,861.04,582.86,121.44,366.39,120.67,453.16,542.36,309.34,32.36,589.58,402.37,793.22,65.77,820.02,681.42,996.34,524.36,716.5,530.14,282.77,513.94,226.54,805.39,241.52,114.33,27.24,186.45,458.14,379.45,832.02,238.49,459.91,79.14,217.64,568.83,89.86,560.94,360.91,126.16,889.04,239.13,905.86,682.44,798.16,236.57,679.09,285.57,580.39,443.56,568.74,75.19,476.85,490.81,758.96,686.32,550.76,379.52,522.56,438.04,668.93,210.77,302.05,-1,566.2,245.89,558.75,73.61,43.87,193.98,557.82,915.63,829.41,701.81,765.74,867.16,477.18,322.95,756.52,390.49,805.27,771.44,530.72,485.34,112.15,229.01,267.83,405.5,29.26,518.64
559.72,754.07,607.09,329.57,550.6,836.39,596.34,552.72,615.64,319.51,531.29,135.82,212.27,262.99,480.37,630.15,743.01,969.1,121.92,794.49,704.33,329.67,932.53,880.1,984.77,195.17,903.84,542.13,679.05,343.87,55.23,699.91,868.44,331.45,418.51,7.27,770.59,631.85,307.31,249.07,940.18,911.93,627.17,134.67,24.45,613.37,185.66,993.79,333.88,654.91,587.85,164.06,549.7,840.82,408.08,745.69,539.38,365.97,258.13,567.89,129.66,671.65,384.33,136.13,258.52,333.53,531.95,460.85,79.13,857.61,881.85,255.55,890.65,741.36,-1,778.83,191.03,754.85,492.44,561.1,458.24,2.29,617.59,795.24,921.41,163.96,603.94,314.08,997.27,19.5,475.37,423.33,993.06,692.68,70.04,588.33,179.02,502.69,91.29,405.69
688.52,633.89,450.67,230.91,28.78,749.17,170.9,485.02,446.38,874.46,3.32,781.76,48.56,584.82,349.32,263.45,818.23,454.08,648.6,562.59,215.54,82.82,914.82,704.58,981.28,141.99,938.56,386.5,315.54,980.48,623.51,260.18,360.86,539.76,354.82,834.83,892.48,535.15,411.4,131.12,568.78,727.7,716.7,420.8,588.36,568.7,952.3,230.37,347.55,952.45,771.17,182.77,433.61,438.49,229.05,623.05,89.51,730.52,769.06,684.2,456.42,36.27,520.41,269.71,823.92,28.42,391.01,967.69,293.6,107.2,539.59,159.57,858.35,516.15,717.31,-1,50.18,246.98,423.55,810.25,918.16,863.25,416.69,88.29,311.67,688.84,448.86,214.77,566.64,907.96,171.31,204.42,627.22,476,434.69,445.96,987.81,761.63,321.94,636.45
162.27,6.6,872.57,756.21,679.41,321.83,400.78,966.45,429.34,213,291.2,418.58,785.43,644.92,248.87,72.46,968.07,57.52,46.13,337.03,838.18,884.43,843.7,506.75,349.58,970.41,815.19,871.75,228.76,881.11,628.79,634.05,67.03,963.82,80.62,260.38,824.91,502.05,258.25,686.38,999.43,488.62,899.57,854.2,160.94,68.68,649.87,199.63,775.48,587.07,807.91,603.22,530.4,760.19,635.83,670.41,670.84,779.34,867.67,1.07,551.21,819.85,768.08,626.46,358.8,45.73,111.15,543.49,681.3,109.86,515.55,734.3,581.76,957.51,879.27,507.98,-1,912.33,905.71,14.78,851.5,166.47,94.64,75.7,640.07,711.46,762.18,789.69,464.82,566.91,963.64,983.12,176.55,363.8,476.47,141.02,43.29,229.01,809.33,491.27
956.12,477.26,570.26,132.92,747.02,533.57,208.34,606.34,476.39,887.72,691.59,230.06,506.1,614.33,957.51,175.71,816.88,133.75,588.99,974.44,857.03,200.4,151.19,722.44,441.46,784.74,56.82,301,909.8,529.05,977.06,46.42,377.92,541.82,834.56,839.65,254.18,450.01,197,644.5,170.79,140.42,110.5,587.12,184.62,187.55,608.12,753.75,594.69,719.93,430.94,584.77,545.34,300.33,899.21,619.93,574.27,819.07,818.83,483.37,505.26,25.08,252.77,402.73,343.82,747.09,452.18,203.85,288.59,66.93,346.88,299.25,227.98,243.57,96.66,298.91,874.36,-1,758.16,867.59,470.3,449.75,563.92,234.07,169.05,669.21,960.78,663.71,352.26,172.54,779.88,657.64,638.13,746.43,398.85,998.11,215.08,633.33,868.56,124.64
853.67,449.62,932.35,91.66,828.5,713.48,679.76,189.76,444.88,39.77,169.06,139.52,400.92,844.22,703.49,147.79,846.32,86.91,369.75,374.14,945.58,354.52,931.56,641.86,395.38,263.93,736.18,27.21,606.83,507.12,852.73,824.37,708.13,599.9,754.84,164.99,380.3,80.53,782.49,767.54,402.5,692.9,105.31,877.13,179.64,716.32,798.48,435.97,715.7,334.45,339.32,166.47,6.89,119.18,145.21,480.36,715.59,587.08,958.53,763.81,510.03,886.42,880.87,201.5,611.75,29.97,621.15,929.12,870.89,556,751.98,697.83,576.99,331.27,164.83,93.79,161.52,166.5,-1,871.75,992.96,28.1,152.99,861.12,322.92,821.08,337.3,678.98,725.23,736.09,160.67,926.28,379.45,406.6,379.16,335.12,886.22,225.95,975.48,227.44
16.25,897.91,460.88,730.04,282.38,612.69,722.28,868.47,212.77,85.22,521.09,513.33,253.57,58.32,788.7,767.64,143.26,252.85,611.87,272.6,134.65,195.17,707.49,887.53,305.43,340.35,654.45,806.91,350.73,261.38,929.82,535.83,813.8,551.64,315.89,879.49,691.62,474.55,260.29,261.6,563.71,687.71,473.97,12.54,688.78,127.87,424.51,885.46,600.07,343.72,716.06,688.22,618.91,215.6,529.36,702.1,237.7,954.12,658.29,864.46,834,823.78,369.63,121.84,959.09,360.8,42.93,860.64,288.47,750.23,180.49,633.52,633.5,654.4,35.81,302.99,583.8,793.33,489.99,-1,600.89,633.28,139.7,971.88,748.75,849.42,803.26,475.89,105.02,808.29,407.52,603.64,394.17,766.42,90.02,486.82,242.94,719.2,958.52,312.1
741.38,323.63,239.35,449.09,259.31,651.47,824.89,919.04,844.78,68.38,570.41,951.75,9.21,718.97,379.95,413.87,160.71,260.2,24.72,886.33,816.86,60.29,547.32,672.11,201.09,224.28,392.03,274.32,426.83,971.6,220.74,79.14,870.45,161.06,73.01,192.66,7.96,670.84,100.34,141.25,25.47,323.41,313.86,6.03,282.41,522.96,305.06,789.44,236.28,833.84,468.44,120.46,13.73,532.03,511.01,315.26,5.56,137.46,312.33,629.95,388.98,483.12,482.06,256.27,803.29,523.16,281.5,576.84,916.5,727.85,152.16,51.38,75.97,539.78,612.38,739.7,444.7,195.97,782.94,441.9,-1,170.21,436.31,524.18,447.56,902,562.03,579.4,286.7,821.41,659.38,594.07,850.96,76.69,916.83,791.19,339.54,412.07,290.29,551.04
437.87,678.63,425.49,893.34,321.69,413.83,618.63,2.83,11.15,3.06,761.52,891.93,564.52,379.1,696.35,290.87,901.15,252.73,88.55,695.3,894.4,508.75,459.46,270.47,18.45,110.81,175.22,714.74,141.44,909.13,732.38,212.57,28.35,605.21,163.52,24.99,603.43,844.53,751.11,661.36,251.32,936.57,118.5,852.19,353.21,481.45,364.26,229.83,167.38,756.01,527.5,376.26,138.08,108.89,722.7,161.47,536.02,185.09,823.44,756.02,891.97,290.71,164.81,542.64,29.39,952.12,335.82,783.91,467.98,139.12,622.23,332.15,41.92,33.58,486.36,589.94,152.83,375.77,488.6,149.25,786.69,-1,255.48,931.87,117.46,921.16,392.69,530.02,359.71,739.83,984.38,685.85,899.73,916.74,901.69,560.74,86.81,104.97,441.62,717.14
399.51,118.43,332.6,537.69,775.64,570.58,81.83,226.39,157.08,249.68,156.31,189.74,136.66,252.56,632.83,721.96,114.09,528.94,333.01,213.07,745.42,77.96,896.55,100.92,771.34,645.97,612.61,594.55,187.31,505.49,429.73,523.08,67.49,232.03,554.4,300.8,714.77,41.66,507.87,434,233.24,225.42,600.29,494.51,324.17,722.09,737.28,320.31,163.64,600.28,170.35,455.75,861.47,120.56,497.46,90.55,218.77,658.24,330.57,259.54,114.16,324.18,412.67,447.12,986.61,422.02,217.66,88.3,75.62,851,11.96,955.27,69.87,629.02,617.78,869.78,761.17,538.69,13.19,184.81,653.82,917.62,-1,595.48,385.35,407.81,487.35,551.01,981.08,599.32,736.31,815.11,949.87,628.31,263.08,464.84,56.68,624.14,548.4,917.77
644.34,906.15,715.18,353.73,891.68,794.53,170.62,562.7,58.98,198.15,156.93,120.12,741.54,102.34,961.52,704.42,738.87,552.2,22.48,130.77,639.93,449.79,211.94,203.3,52.17,185.16,903.59,427.68,708.6,131.24,776.89,289.89,739.91,678.62,950.31,119.61,471.61,13.43,307.76,413.59,19.63,792.26,342.16,83.82,446.64,392.14,624.73,883.3,47.08,138.55,288.5,300.37,951,452.33,171.19,996.23,439.64,405.02,320.05,56.85,746.66,329.89,96.43,786.19,404.85,739.18,908.81,875.9,326.84,896.44,834.77,324.97,159.32,7.02,951.88,440.56,701.68,687,279.84,527.26,731.35,180.61,175.4,-1,993.76,88.04,792.94,941.17,299.42,436.23,508.12,62.5,846.04,352.15,677.25,771.06,201.95,545.58,37.81,718.06
749.64,356.05,45.02,468.55,949.5,331.37,729.55,748.14,88.82,602.1,567.84,513.29,169.81,45.05,314.41,971.65,431.86,487.98,81.17,510.87,540.35,514.2,658.45,146.18,166.03,722.29,586.01,959.14,550.8,562.31,875.25,239.28,846.92,233.75,704.82,373.14,733.6,515.77,631.3,332.53,385.1,356.83,761.03,931.01,75.36,508.47,365.53,78.4,462.1,270.77,342.31,53.57,918.73,923.3,213.45,791.7,870.9,37.06,85.8,894.97,190.4,683.81,941.54,810.49,524.43,951.7,465.43,962.75,959.43,86.77,840.82,770.21,395.29,477.09,273.67,860.38,745.7,458.68,241.26,392.01,345.22,443.22,66.6,807.07,-1,78.49,930.78,155.64,114.54,681.02,104.39,279.64,724.21,958.38,250.75,411.8,129.49,192,391.8,691.64
214.47,374.1,847.83,405.89,770.6,92.02,134.38,758.06,708.76,772.2,26.13,189.6,280.78,69.95,623.7,912.63,15.23,862.28,772.94,861.77,809.77,48.39,693.75,633.58,826.27,849.6,278.89,80.12,608.81,256.75,715.58,526.82,901.05,849.61,778.41,621.55,471.07,624.85,4.49,991.69,849.23,603.24,443.32,813.78,457.52,488.8,983.78,794.17,109.28,538.54,107.24,788.67,794.76,655.73,168.69,323.43,133.07,712.98,633.86,177.46,764.07,436.3,720.98,519.16,516.93,819.75,212.69,3.3,979.96,310.67,150.65,349.13,672.89,892.28,657.56,753.3,668.3,386.35,701.61,50.4,644.23,917.38,822.03,152.96,565.88,-1,393.02,121.31,720.32,393.58,611.43,714.87,304.43,306.99,443.51,233.17,192.89,469.47,948.56,960.52
485.29,833.56,155.96,965.16,934.05,954.9,848.8,696.09,838.05,824.53,684.2,303.93,491.48,327.75,634.77,565.51,12.89,42.89,940.35,589.1,382.72,259.7,934.89,712.74,227.28,922.01,30.12,71.52,515.7,311.21,418.57,650.13,839.43,142.45,524.35,246.22,262.96,259.85,423.55,428.58,99.48,447.49,449.5,924.03,198.83,908.67,619.08,669.98,940.75,535.26,206.13,172.56,21.3,687.24,719.61,672.72,305.07,810.3,259.93,496.71,668.33,356.87,376,565.14,66.75,732.22,807.79,392.89,237.94,439.45,916.56,441.71,789.43,572.74,552.15,253.53,422.03,3.78,505.24,30.67,278.85,455.92,897.96,626.28,328.11,213.64,-1,792.05,368.43,80.1,859.97,531.79,600.37,749.63,28.52,165.7,718.49,92.07,257.75,771.94
872.58,999.12,395.16,338.89,946.78,955.09,588.93,428.87,896.95,996.94,397.62,293.16,962.43,24.87,378.45,649.44,329.48,468.69,349.68,13.85,868.34,609.61,260,256.38,675.42,218.59,378.64,874.06,960.46,895.58,287.85,336.89,41.84,961.37,270.86,244.13,999.81,963.3,890.52,678.42,650.98,42.31,636.13,231.36,16.38,533.18,267.66,876.36,664.43,308.61,659.23,584.64,21.48,393.28,792.9,222.81,574.56,717.34,361.7,631.62,586.2,513.29,913.3,991.6,546.04,174.51,957.63,222.25,931.67,976.41,34.89,85.13,5.94,760.48,580.11,644.75,487.56,539.74,841.17,892.75,166.63,322.04,270.66,33.97,168.77,304.45,990.85,-1,802.55,620.39,642.57,991.25,89.13,613,966.74,814.91,30.59,788.29,209.16,678.97
129.39,700.35,590.26,720.74,261.24,299.28,414.99,416.62,791.75,570.68,267.54,938.61,914.03,679.38,505.32,589.35,100.23,669.47,451.43,85.14,518.05,392.71,863.91,693.74,985.75,706.7,507.98,420.19,395.13,805.5,3.23,771.8,648.03,222.2,542.09,868.93,502.01,19.84,166.08,405.46,799.21,614.88,627.56,405.36,300.64,982.23,203,63.2,395.8,815.77,571.76,18.3,202.2,660.32,249.92,283.81,468.68,312.52,235.52,796.33,800.47,414.68,410.76,600.28,205.43,768.3,321.35,366.59,923.85,486.26,295.76,315.08,486.14,272.98,80.96,537.77,625.64,547.56,530.27,133.08,335.28,545.12,107.94,225.94,559.44,521.89,397.09,817.24,-1,258.39,792.54,216.01,492.81,201.12,915.24,235.45,367.17,242.23,181.98,880.06
96.8,318.45,167.81,796.45,17.55,777.04,482.93,836.51,136.39,257.17,892.64,12.36,278.66,236.65,157.81,431.6,780.99,727.86,832.82,76.65,717.73,548.6,948.81,411.15,300.28,858.48,994.16,401.53,159.3,612.98,642.62,508.56,529.23,35.98,988.78,405.18,225.74,96.91,18.73,964.06,517.13,570.58,300.3,984.94,697.64,923.25,93.39,989.03,501.57,627.34,442.99,829.78,499.83,238.43,456.74,945.59,72.92,323.45,935.2,394.5,987.31,846.8,154.49,766.67,555.79,837.68,854,157.55,8.75,262.81,210.85,369.99,310.82,660.68,404.51,239.95,580.81,193.45,393.94,10.89,508.12,492.15,792.75,73.29,572.2,909.74,31.51,173.94,496.98,-1,262.87,866.1,621.04,47.43,463.3,798.84,773.35,897.47,352.26,622.29
389.29,243.1,558.09,704.26,992.43,410.31,198.89,925.17,6.44,963.2,25.86,695.89,990.85,893.45,196.45,136.65,286.27,882.09,119.14,7.85,208.71,984.61,365.16,298.44,341.34,611.23,579.91,347.78,812.31,489.28,837.47,573.2,776.05,494.69,433.37,584.52,521.98,608.16,768.24,845.13,292.61,809.49,582.23,438.16,434.27,94.03,227.07,283.18,471.5,911.16,610.03,776.81,396.11,996.62,40.3,704.97,928.9,455.53,632.63,436.05,355.07,390.68,116.08,470.85,113.19,476.47,145.23,641.44,63.83,853.6,182.92,344.41,147.56,338.11,517.75,284.27,568.18,760.09,306.69,679.48,953.16,737.74,973.57,893.23,820.39,631.83,196.06,605.49,479.17,449.75,-1,953.27,344.81,178.57,734.17,482.44,863.63,190.68,772.34,413.58
178.23,83.4,475.54,26.1,555.61,565.7,901.15,682.71,642.1,702.91,171.85,891.91,489.21,192.07,974.04,728.37,438.95,737.63,147.51,110.55,596.49,891.56,112.55,767.79,199.37,141.47,240.05,358.74,851.74,491.4,691.29,629.66,716.93,265.14,300.38,705.31,882.11,895.45,428.04,449.03,661.33,563.83,884.92,277.34,96.67,480.48,157.14,892.64,97.59,410.04,104.08,449.14,827.36,351.27,952.2,665.99,961.16,77.76,538.07,30.3,209.37,93.63,985.68,929.51,190.26,231.82,595.98,328.38,324.47,12.28,167.9,289.14,266.88,658.99,233.39,86.73,863.03,719.41,875.57,102.06,462.99,735.42,695.52,334.17,839.14,489.65,115.23,677.02,416.32,34.72,398.99,-1,209.07,395.07,106.19,271.96,409.66,751.13,728.82,834.64
229.54,416.36,399.5,468.09,216.05,138.87,960.48,604.11,96.31,483.52,477.81,344.76,710.87,475.1,332.95,782.13,825.3,788.58,277.78,642.87,627.22,102.03,793.33,910.19,847.68,875.51,592.69,245.36,748.17,156.98,979.39,935.5,278.16,570.38,280.25,787.36,230.56,570.35,737.88,665.94,1.58,222.6,837.3,556.54,18.94,393.95,627.21,871.06,587.06,380.01,56.32,243.19,206.19,65.67,404.8,398.28,921.64,731.09,908.48,692.53,913.2,876.92,519.2,445.23,225.39,303.47,466.81,945.99,311.36,627.85,397.87,786.54,852.93,924.9,559,937.69,127.88,410.86,330.66,637.85,712.45,774.3,66.59,795.52,353.8,982.71,244.06,223,487.12,435.46,433.5,557.98,-1,685.82,499.74,444.97,746.91,872.54,288.68,777.8
814.8,354.55,794.94,922.51,590.18,49.9,24.19,287.24,293.96,455.22,938.16,707.67,312.68,527.49,582.21,272.38,278.83,420.76,105.75,720.32,751.61,798.58,294.75,798.1,994.46,383.56,737.43,639.46,289.22,975.39,312.27,441.68,718.19,100.26,510.4,538.79,235.33,114.78,137.33,923.98,93.48,583.99,266.69,454.26,510.68,345.2,393.72,608.03,899.45,46.69,933.6,475.3,470.38,540.63,320.65,968.4,867.46,82.3,88.86,339.88,974.28,467.84,262.25,75.7,171.99,388.55,773.62,216.61,505.27,940.45,609.64,606.34,841.58,582.04,281.99,452.11,601.14,286.31,279.18,479.2,769.56,574.4,205.52,133.28,388.89,129.48,486.96,328.81,900.85,128.43,678.46,525.24,136.59,-1,774.78,842.54,511.86,7.78,594.48,325.04
704.75,837.58,169.64,634.33,236.75,395.41,719.34,497.15,657,485.22,260.97,790.51,6.92,157.55,938.5,156,689.51,504.99,252.92,98.61,269.94,58.86,980.33,723.09,423.75,184.13,683.24,596.47,95.12,937.2,447.75,331.53,916.67,45.78,680.23,56.78,897.88,759.34,465.37,672.96,867.33,472.99,443.96,787.16,987.2,655.52,438.7,862.71,759.6,218.76,665.84,534.31,719.51,528.81,848.83,939.79,312.88,487.8,61.04,291.23,115.58,981.84,221.55,78.42,271.18,807.11,742.99,976.71,431.13,735.14,398.18,451.11,530.43,80.1,214.34,756.81,526.57,962.32,90.28,670.07,83.95,324.82,763.47,282.94,575.55,490.15,293.56,971.62,339.19,457.29,780.69,424.95,698.97,660.78,-1,388.8,481.25,908.76,250.81,811.14
20.9,778.75,482.88,584.39,777.23,305.04,382.14,928.88,471.83,973.31,687.13,283.35,9.45,190.25,752.76,979.9,447.24,808.45,357.08,391.8,88.28,903.81,946.13,476.67,684.97,741.24,524.86,680.6,953.71,758.51,69.67,744.57,561.98,331.8,474.92,768.56,844.8,85.8,583.95,811.09,67.57,40.53,13.32,322.42,994.57,946.05,156.76,73.96,669.6,300.78,522.8,260.44,744.54,757.72,940.17,976.87,936.1,179.21,713.83,166.65,950.24,643.73,482.24,864.23,285.04,219.57,763.44,761.44,135.85,961.19,885.03,974.93,434.96,278.44,154.82,731.63,281.97,635.56,356.92,952.14,49.03,170.4,576.69,339.48,52.97,984.37,947.05,40.62,771.33,525.99,961.79,865.47,44.28,143.97,28.78,-1,983.75,555.49,507.45,601.07
135.71,236.1,623.75,600.62,274.65,414.84,12.48,962.73,547.56,729.59,538.69,417.56,415.24,702.13,181.95,194.18,791.8,286.22,624.49,683.71,562.26,786.12,480.61,511.2,85.7,184.56,0.07,515.98,451.32,313.53,540.16,593.98,384.04,188.17,279.97,261.12,546.46,148.48,193.43,228.86,984.38,325.7,670.4,433.72,644.83,322.16,823.42,103.92,449.9,649.37,549.57,876.27,252.07,648.15,575.71,956.94,303.43,288.21,917.84,643.62,779.1,27.95,984.15,195.27,849.48,390.27,242.28,951.98,831.36,910.35,744.84,155.69,795.66,335.14,371.38,549.21,190.81,119.58,439.46,600.35,578.67,87.5,676.07,923.51,805,569.22,500.15,901.22,224.16,386.82,32.82,268.3,957.69,412.19,500.02,561.24,-1,822.6,853.43,605.7
237.82,496.62,290.46,938.55,236.56,683.15,813.21,175.96,289.25,945.62,748.07,623.98,152.02,419.7,266.61,779.78,600.69,625.6,191.14,362.05,362.5,579.3,372.33,846.37,122.64,613.32,145.48,953.32,186.5,25.47,912.43,85.18,203.88,722.49,252.54,194.11,393.87,501.51,20.03,75.16,776.05,34.28,473.83,246.74,99.74,135.93,298.61,515.53,248.76,852.97,690.21,122.99,57.65,703.01,232.47,768.69,924.97,173.85,305.12,832.32,617.42,736.35,274.31,762.22,595.52,517.33,558.24,112.13,7.54,428.04,285.27,845.84,816.99,163.12,130.96,820.25,203.41,69.61,770.86,555.92,604.8,607.72,687.66,65.81,445.18,58.23,837.19,870.54,332.13,527.09,451.26,722.06,402.89,604.53,252.74,106.55,683.3,-1,541.23,119.52
262.19,724.33,791.2,145.14,93.7,636.48,395,862.48,405.84,421.75,517.55,249.17,548.44,186.62,687.84,281.44,576.12,466.59,280.61,888.72,459.52,683.64,175.86,494.73,370.17,243.2,366.56,173.84,21.3,777.21,724.63,125.74,704.87,580.28,897.1,749.04,99.62,180.34,17.18,179.52,89.11,263.51,278.92,520.27,501.22,746.09,863.36,429.15,910.05,750.21,1.85,124.51,801.83,373.2,496.86,379.46,591.25,662.31,602.95,597.99,588.18,461.65,344.16,104.09,321.72,894.16,733.97,104.28,21.93,831.13,711.41,915.4,543.1,363.99,571.29,829.74,48.96,255.83,879.49,993.52,511.65,435.73,53.81,167.71,150.63,662.96,247.68,496.05,70.37,573.59,767.24,239.48,942.54,893.54,523.6,154.45,680.25,998.5,-1,377
1.2,702.23,682.06,365.54,949.84,471.93,666.6,363.61,611.92,830.88,899.98,649.22,80.81,303.45,534.46,941.55,2.41,52.95,667.9,506.83,313.07,987.25,133.1,317.14,481.92,357.45,957.89,274.18,823.05,930.05,808.65,460.07,913.58,851.25,638.61,389.03,737.96,352,921.82,59.33,758.94,920.63,193.64,985.81,273.55,918.37,861.82,269.83,195.35,306.28,436.49,899.05,681.22,79.61,411.38,158.45,841.78,746.31,655.66,883.46,359.74,566.13,453.26,98.24,188.79,527.04,992.59,832.84,53.86,250.45,808.96,488.35,45.72,165.27,505.78,667.84,569.83,73.56,448.88,54.66,360.71,967.03,609.17,295.39,941.77,959.71,671.18,244.99,100.41,220.16,651.2,589.77,92.56,285.8,758.28,371.75,980.31,576.54,993.28,-1
