-1,0.15,9.61,8.16,2.82,3.77,4.41,1.83,1.05,2.81,0.09,0.6,8.78,3.51,3.52,9.43,3.55,5.61,7.66,6.96,0.02,9.98,9.94,0.3,2.52,0.66,5.29,2.25,0,9.07,8.06,4.95,3.41,0.1,9.65,1.94,0.74,0.45,2.91,2.69,6.12,9.79,1.32,9.51,4.33,6.36,5.01,3.85,8.47,3.59,9.69,9.74,4.3,3.31,3.55,1.06,3.54,2.77,8.03,2.3,8.71,8.3,9.54,2.89,4.92,8.81,0.02,9.3,0.62,3.36,3.73,7.87,2.59,5.71,3.78,7.6,0.59,4.23,5.89,7.58,6.4,2.04,4.26,4.39,5.75,4.85,6.85,8.24,2.35,0.19,1.08,0.23,2.98,8.88,0.81,0.73,0.42,0.46,6.64,9.57
6.13,-1,6.55,5.72,6.25,7.37,9.34,6.81,0.36,0.7,0.78,8.16,2.78,3.15,4.09,6.48,9.59,8.26,6.4,8.71,4.6,0.74,1.72,7.79,5.45,7.1,7.07,2.58,7.56,6.01,1.05,2.24,9.24,2.12,6.6,8.95,3.57,6.29,0.96,7.94,7.93,8.76,1.55,6.12,5.62,0.63,4.66,7.32,3.34,2.64,3.95,1.86,4.15,5.52,0.79,1.9,2.99,4.67,5.98,1.54,3.84,0.97,8.13,8.64,7.58,1.56,0.08,9.67,0.15,6,5.15,2.58,3.53,3.09,0.89,9.04,5.21,4.06,6.44,5.69,4.44,6.66,4.19,8.24,4.33,6.76,3.91,9.35,4.21,8.01,2.29,7.94,2.4,7.34,4.92,9.21,5.28,6.73,9.73,4.98
1.44,1.31,-1,0.69,3.1,8.69,1.29,7,7.49,7.4,9.65,3.45,6.77,6.26,9.64,8.67,7.69,3.46,6.92,7.44,9.22,6.76,2.91,2.1,0.25,8.23,4.47,4.68,7.64,0.1,5.31,8.24,3.86,9.96,4.28,3.44,2.61,6.61,8.91,7.57,2.95,4.72,3.36,5.64,4.31,9.57,3.04,5.95,5.28,7.94,4.91,1.87,2.64,0.12,6.42,5.31,8.55,0.61,2.65,5.84,0.27,1.27,0.58,2.08,9.24,6.35,0.37,0.41,6.58,1.33,2.21,2.19,5.99,4,8.35,6.87,9.14,8.2,7.05,0.96,4.36,9.2,7.35,4.98,8.69,1.93,0.02,5.03,7.59,3.86,6.16,1.82,8.57,4.05,3.86,3.71,0.51,1.13,9.48,2.16
1.06,4.86,9.29,-1,0.34,5.52,3.18,0.21,9.26,5.02,1.58,9.9,4.34,4.66,4.69,2.95,8.11,5.64,5.54,6.38,8.71,6.94,0.2,7.35,6.96,0.14,7.21,5.42,2.31,5.49,7.98,1.93,5.44,9.87,8.02,3.75,9.07,0.68,9.35,7.3,3.07,8.24,2.71,4.34,7.79,7.76,0.71,1.24,2.03,8.62,0.93,7.65,5.74,2.42,1.54,3.57,5.69,8.09,6.73,0.42,8.16,7.93,1.67,8.34,7.81,5.14,4.09,3.72,8.25,7.03,7.37,5.85,0.73,8.24,9.21,4.94,0.25,2.31,5.9,3.03,9.38,5.88,0.17,1.53,5.89,1.27,8.29,2.64,8.89,4.34,5.88,8.71,0.78,3.75,9.49,5.81,1.39,0.3,3.32,5.18
6.44,7.98,5.66,3.73,-1,6.93,5.01,5.89,3.34,6.7,4.85,7.85,2.13,0.05,1.78,9.42,5.34,7.84,5.23,0.15,5.02,1.21,7.56,3.36,5.85,5.84,6.32,9.6,7.07,9.58,9.91,3.8,4.17,2.52,4.51,3.88,4.59,4.62,0.42,8.3,2,6.37,6.3,6.88,1.68,6.01,2.8,0.93,4.71,6.42,2.69,5.59,2.81,5.42,6.8,9.83,6.83,7.66,1.91,0.17,8.52,3.9,6.6,7.83,6.61,7.44,1.24,2.61,9.69,2.89,0.53,1.65,6.15,3.28,0.5,2.45,2.18,9.54,1.93,7.58,6.44,4.72,8.02,2.66,7.59,6.09,5.03,1.24,2.39,7.43,9.48,4.12,5.23,9.43,1.58,4.77,6.45,4.9,2.74,9.65
9.09,4.55,8.26,6.35,8.6,-1,2.55,0.66,8.62,5.99,4.68,5.81,2.3,2.4,7.64,4.2,6.16,6.65,3.65,5.45,4.44,8.06,9.31,2.31,5.82,5.74,0.69,8.98,0.01,9.25,2.4,9.67,3.11,0.79,8.02,7.63,8.23,9.4,5.34,1.14,2.79,5.55,8.18,2.99,2.94,8.63,4.82,4.17,6.83,6.47,2.04,8,9.45,5.71,9.08,2.44,7.99,3.48,4.37,7.7,6.24,8.88,2.33,2.65,1.2,8.96,7.1,3.83,9.13,1.3,1.47,3,7.92,7.93,2.5,1.61,3.89,4.16,3.64,5.64,0.15,6.26,8.44,9.68,9.21,2.58,5.77,0.28,9.6,8.1,0.52,9.58,1.22,4.23,8.32,1.15,1.7,4.11,8.68,1.6
7.13,7.29,1.56,4.91,5.27,8.65,-1,6.66,0.24,0.03,3.2,5.38,0.26,0.58,5.33,7.17,8.83,9.92,2.71,4.5,4.91,2.02,9.89,8.09,7.84,0.43,0.64,3.16,9.69,1.38,3.4,0.86,4.43,1.38,6.81,2.11,6.07,4.38,6.67,3.73,5.05,4.39,0.08,9.44,9.53,2.71,9.13,4.66,9.21,1.99,8.05,5.26,9.18,6.72,8.95,0.74,9,7.91,0.62,6.83,1.44,4.34,3.43,6.66,8.38,5.95,4.46,7.02,8.02,7.64,9.62,2.53,4.29,1.46,4.05,8.06,6.21,4.67,8.11,2.22,2.51,4.07,8.65,2.46,5.19,6.35,9.64,1.1,5.13,2.35,3.1,8.83,7.4,5.78,4.14,7.34,4.87,1.18,0.34,0.37
5.95,3.18,5.15,9.13,7.13,3.2,5.41,-1,3.49,2.1,2.89,8.08,3.71,3.84,0.66,0.13,7.46,8.98,1.39,2.26,3.77,1.23,4.78,3.25,7.56,7.02,2.25,7.62,8.02,4.61,1.27,5.39,2.94,7.08,2.98,3.29,8.65,5.79,0.12,5.14,6.47,7.01,8.35,0.7,7.89,7.62,6.52,2.03,6.67,1.83,3.28,4.79,4.64,1.13,3.98,7.8,3.13,8.71,2.72,6.14,0.63,0.97,2.56,1.86,5.95,7.83,4.29,7.52,9.77,4.7,4.49,5.62,8.61,1.82,5.95,2.41,2.34,5.23,0.15,3.78,7.94,2.39,2.5,2.9,4.72,1.95,9.43,0.28,3.23,1,6.78,7.67,8.16,0.82,4.55,5.29,4.41,6.19,1.67,0.64
1.31,1.7,7.43,0.63,6.08,0.29,5.67,1.04,-1,8.69,8.76,5.03,2.49,0.01,3.61,9.71,9.52,2.02,6.66,7.23,6.97,3.92,1.35,0.45,5.85,5.43,3.74,9.58,7.38,6.83,3.14,9.91,9,8.59,3.16,6.3,4.64,8.47,3.47,4.2,2.87,4.72,1.83,0.2,6.34,7.38,0.08,0.43,3.98,0.91,8.45,3.57,7.23,7.28,7.67,4.27,8.99,2.61,1.2,2.13,9.28,5.79,1.58,9.17,7.14,8.67,7.1,3.54,3.51,6.96,5.15,4.46,9.62,5.98,7.26,6.3,3.99,3.93,6.56,2.34,5.69,1.54,4.03,6.87,7.34,3.68,3.11,5.2,9.04,5.83,4.74,1.53,9.04,8.84,0.12,7.05,4.79,7.48,8.66,8.32
0.46,3.76,9.16,3.31,5.71,0.12,9.86,2.46,8.32,-1,1.05,9.47,6.31,6.07,3.36,8,7.9,9.7,0.03,1.15,8.57,1.65,5.13,7.6,8.08,8.95,3.85,9.82,5.17,4.43,9.22,8.41,8.95,1.64,8.61,3.73,2.7,5.66,5.98,2.6,4.41,8.94,9.17,1.41,5.27,4.09,9.41,9.11,2.91,4.35,8.1,5.7,9.36,7.16,3.76,4.27,4.13,0.71,7.35,2.74,1.33,9.36,8.22,7.4,1.52,9.75,5.82,2.44,8.78,7.3,1.18,7.78,3.08,6.26,5.21,2.24,7.93,5.2,6.69,1.79,1.89,8.61,4.15,1.37,0.97,6.71,6.37,4.08,7.04,9.64,4.61,3.3,5.06,5.15,0.99,0.57,0.69,0.69,5.98,5.9
7.74,9.18,1.5,7.8,1.38,3.94,1.23,8.24,0.15,7.19,-1,1.13,7.4,8.12,3.92,3.23,9.97,1.41,6.89,4.01,3.34,4.51,5.66,6.57,5.82,5.6,3.39,3.28,9.47,5.62,8.27,3.33,2.06,0.12,9.02,3.59,1.71,4.36,9.24,1.65,5.25,3.71,5.22,0.68,1.19,1.22,0.48,5.99,2.12,6.33,2.62,4.35,3.05,0.88,1.43,0.54,0.84,2.21,8.49,2.11,5.73,7.62,8.17,5.91,4.49,6.45,1.86,5.97,9.6,2.57,9.49,2.64,9.26,4.57,9.25,1.54,9.14,6.04,5.29,5.49,2.97,7.4,3.12,3.19,2.01,4.53,1.3,6.68,6.39,8.92,2.87,1.01,7.43,3.84,6.13,2.33,2.39,4.67,5.14,0.43
3.13,9.21,1.86,3.3,8.67,0.18,6.42,3,3.01,1.74,1.18,-1,4.85,6.63,3.17,4.7,3.22,6.79,0.23,0.23,6.7,5.59,6.27,3.27,1.05,3.47,0.17,7,6.37,9.42,8.33,7.07,5.24,5.57,3.45,5.7,7.48,6,4.18,8.52,5.57,7.06,7.69,2.32,7.58,6.65,1.26,1.11,0.04,4.76,9.03,3.06,8.93,9.95,5.88,1.29,9.65,8.17,0.34,6.04,4.69,8.16,3.5,6.53,5.77,5.24,7.12,5.94,7.7,3.06,7.59,6.85,7.9,1.97,1.37,7.21,2.62,9.42,5.2,7.06,9.75,2.3,4.82,6.24,0.02,5.02,3.09,0.37,8.54,5,8.73,1.48,7.89,8.49,6.31,0.62,0.2,8.64,8.93,8.77
1.24,4.47,8.29,7.63,0.94,3.12,4.9,8.89,4.51,0.5,3.9,8,-1,8.05,2.96,5.45,9.06,8.83,4.88,4.06,1.97,3.59,1.19,6.25,0.18,1.48,3.49,6.84,1.73,6.8,8.02,7.12,5.91,1.82,3.7,2.14,1.61,8.74,8.45,6.65,7.87,6.13,8.84,4.02,3.22,2.94,8.61,9.31,0.91,8.28,9.01,5.07,3.57,2.76,1.84,8.04,2.84,3.25,6.11,9.63,7.65,1.71,5.41,1.72,2.45,7.79,6.92,7.94,3.11,4.4,1.99,7.26,6.36,1.64,4.16,3.64,3.56,5.51,2.32,8.42,2.09,2.34,7.76,5.45,8.16,1.25,9.81,3.16,1.58,7.66,4.56,3.45,9.55,4.76,7.84,1.24,6.27,6.33,6.42,6.12
0.4,4.21,1.85,6.17,2.33,4.48,9.8,1.84,6.12,2,0.88,8.36,6.79,-1,0.97,2.84,4.08,2.97,9.34,9.31,5.01,0.59,0.61,5.57,1.5,6.67,8.92,6.54,2.28,5.98,7.6,3.24,3.32,5.55,8.84,5.84,2.4,6.53,1.54,9.27,5.85,0.32,6.52,6.33,0.06,8.69,8.57,3.8,0.86,9.1,4.87,9.66,1.1,6.28,0.79,3.15,6.53,6.88,0.75,0.42,8.91,7.35,5.46,3.6,3.81,1.96,0.39,5.02,5.9,4.57,3.83,3.04,9.02,5.33,1.83,5.05,4.26,4.5,3.09,0.9,4.07,7.46,4.25,2.03,4.12,7.79,3.24,6.99,2.96,4.87,0.18,1.31,9.15,5.64,7.91,3.28,7.24,6.66,3.62,7.53
2.97,0.81,0.57,1.85,2.93,6.2,3.21,8.2,5.69,5.8,5.92,7.16,6.98,9.63,-1,0.68,0.72,4.59,9.05,7.57,0.15,8.16,2.32,0.44,5.19,8.7,9.43,3.62,5.56,8.39,2.77,2.71,4.7,3.07,1.92,3.09,3.03,7.96,7.55,0.58,5.7,2.22,3.1,8.47,5.87,7.88,2.24,9.65,1.76,0.56,0.68,2.26,6.98,3.66,9.77,6.99,1.06,1.41,1.66,7.39,4.02,0.81,0.47,4.76,9.7,7.77,2.07,2.11,2.89,1.97,6.4,8.94,1.79,8.07,9.77,2.76,8.45,2.59,1.88,1.04,7.67,2.46,4.71,7.87,9.14,1.79,2.83,0.34,5.75,0.71,6.13,6.04,8.29,9.82,8.93,8.82,3.76,2.86,1.76,3.34
9.59,6.9,4.77,7.97,1.6,1.92,8.73,6.97,6.27,2.02,8.22,3.12,5.65,0.52,9.14,-1,7.11,3.28,6.96,2,1.21,1.76,9.8,8.41,9.4,9.08,3.41,7.7,2.75,1.44,5.51,5.36,7.06,7.5,8.5,4.51,7.13,5.32,0.77,3.99,8.27,2.13,0.82,3.94,4.19,8.57,6.22,1.3,3.56,9.98,9.59,0.08,6.75,9.39,9.94,1.32,2.62,0.77,0.5,1.05,3.86,1.48,9.29,0.81,7.08,7.14,4.96,1.73,9.27,8.34,2.93,4.85,6.21,7.85,0.74,5.56,0.88,3.5,1.18,1.02,3,6.7,2.21,3.32,2.38,2.85,6.05,8.14,9.87,8.8,8.92,4.67,4,9.72,9.14,9.88,2.06,7.68,1.98,0.73
5.77,3.57,5.46,1.16,2.06,8.88,7.2,1.41,8.53,9.76,9.63,4.66,4.52,1.98,6.83,4.97,-1,5.74,8.71,5.54,9.63,6.25,1.37,9.66,8.64,0.99,2.9,4.25,7.11,2.67,2.92,2.11,6.01,4.69,0.63,5.01,9.89,4.14,4.98,0.84,3.23,8.95,7.62,0.95,3.46,0.66,9.38,4.58,9.06,8.01,0.5,6.15,4.73,7.62,8,8.02,5.16,9.36,7.85,1.24,5.74,7.77,9.46,6.81,4.51,3.77,9.59,8.34,4.74,0.23,9.19,4.85,6.16,7.78,0.66,1.79,8.3,6.63,4.87,8.57,2.78,8.01,3.93,8.78,0.2,6.19,8.28,1.63,9.14,2.16,1.95,4.25,3.86,6.74,9.68,4.25,0.7,2.13,0.41,0.28
8.45,7.65,6.24,0.39,4.92,3.47,4.85,3.86,7.69,7.68,5.92,1.69,2.99,0.79,7.41,3.04,3.87,-1,1.71,4.67,8.93,6.66,3.32,9.66,6.57,4.31,2.58,9.14,1.17,7.85,9.59,6.66,7.52,6.86,0.92,7.13,6.89,3.68,5.87,7.33,2.78,9.9,4.63,5.68,9.02,5.99,0.48,5.54,8.56,7.74,4.78,8.63,9.47,4.13,8.77,3.46,2.53,5.6,8.28,5.27,0.9,8.29,7.62,2.88,4.45,0.3,7.56,9.59,3.61,9.01,9.6,1.68,8.68,8.18,6.43,8.93,5.19,2.17,2.47,4.64,6.42,9.65,9.43,2.27,5.84,5.37,4.34,2.32,4.91,7.43,1.63,5.46,7.2,8.01,0.75,3.41,6.29,3.99,2.59,9.21
2.88,0.24,9.46,2.73,5.27,6.48,2.33,1.52,2.71,8.93,1.3,3.28,1.01,7.44,1.87,6.64,0.63,4.67,-1,8.12,5.91,5.46,1.93,0.78,2.73,9.32,7.78,5.05,7.41,8.87,9.06,0.14,8.53,7.99,1.5,8.27,0.62,5.02,7.34,9.08,0.01,5.52,0.45,1.59,9.96,6.52,3.14,9.99,1.22,1.49,2.45,0.01,9.63,0.28,9.22,6.22,0.62,3.71,0.54,8.54,6.57,4.25,1.18,6.44,8.03,0.97,3.55,3.41,2.07,7.43,1.52,7.89,5.57,5.01,1.33,8.01,8.04,8.09,1.67,6.49,7.56,3.8,2.26,9.06,8,5.33,3.76,7.43,3.57,2.72,6.95,6.35,1.64,4.02,0.47,8.48,9.57,3.77,4.51,0.89
6.82,7.36,3.9,5.55,3.79,0.52,3.75,1.52,5.44,0.7,3.81,8.79,0.02,2.71,9.45,5.28,2.01,3.4,0.4,-1,0.1,1.7,2.73,2.48,9.65,8.26,8.77,6.72,8.14,0.34,1.35,2.05,9.27,3.89,3.33,9.63,7.14,9.33,6.99,1.65,8.75,8.98,9.69,9.66,8.91,3.68,3.42,6.92,6.19,1.12,2.67,0.93,4.09,1.92,6.9,5.18,5.56,3.31,2.19,6.81,4.57,0.34,6.16,8.34,7.26,6.81,3.11,6.81,7.24,4.93,5.04,2.8,4.25,9.06,6.91,6.7,2.12,3.63,4.63,4.83,8.89,9.46,1.01,1.13,5.28,0.35,1.52,7.89,6.28,8.88,6.04,2.32,1.58,9.99,9.41,3.59,2.85,3.84,9.83,5.12
7.6,9.34,3.15,0.32,9.91,8.84,4.37,1.57,4.63,4.67,0.04,9.63,2.91,7.92,5.8,1.83,9.88,4.99,8.02,2.29,-1,3.15,3.7,6.24,5.89,2.64,6.47,0.4,1.37,9.7,8.74,7.15,8.99,0.66,5.29,3.22,4.35,1.05,7.69,2.88,7.73,0.45,7.55,2.19,0.8,7.78,2.45,0.16,0.79,2.85,4.38,4.13,2.31,9.1,4.25,0.15,6.48,6.19,6.72,5.92,0.53,5.78,8.81,9.18,7.55,9.21,7.39,6.44,0.92,2.04,2.69,4.12,6.78,1.74,4.71,0.01,8.38,6.35,7.04,1.8,3.49,0,1.95,8.69,5.81,4.6,8.74,7.66,8.13,0.39,6.85,1.55,0.29,5.38,3.06,3.82,7.45,4.3,0.81,8.46
2.26,1.93,8.09,4.56,9.57,8.38,3.98,5.31,1.69,7.19,7.15,1.54,0.91,7.21,5.63,5.49,1.96,6.74,4.53,7,7.49,-1,3.41,9.29,2.44,8.26,3.33,1.46,3.64,4.17,3.87,8.23,9.53,3.21,0.89,3.61,1.51,5.93,7.9,9.2,8.58,3.22,0.28,1.3,7.75,9.8,6.61,3.67,9.97,2.25,8.58,2.42,8.32,9.68,9.31,9.67,6.05,5.3,5.38,3.44,3.66,6.95,4.5,2.89,8.85,6.22,5.66,2.2,1.79,8.79,9.46,8.86,3.72,4.32,5.49,1.46,9.06,1.4,5.67,8.87,9.74,3.9,3.77,4.16,1.79,5.96,6.36,2.54,9.82,7.1,7.81,9.13,8.02,2.5,5.47,9.29,3.7,0.85,9.98,2.88
8.35,9.36,4.79,8.34,7.87,8.87,2.8,2.25,5.09,0.53,3.9,2,5.19,4.3,9.97,7.51,6.41,3.02,9.89,0.36,8.02,4.2,-1,1.54,1.6,3.36,9.33,8.8,9,0.77,4.11,5.42,9.53,2.85,6.64,6.29,2.63,8.63,0.04,9.67,5.59,8.87,9.91,0.71,3.49,9.05,4.4,7.06,3.43,0.05,3.86,8.18,8.08,7.75,2.26,3.21,7.5,4.45,2.87,5.28,8.93,4.99,5.35,3.07,8.04,3.38,2.42,4.27,1.09,2.92,2.94,0.28,0.28,6.38,2.81,3.06,2.68,6.62,8.42,1.52,9.49,2.68,9.82,1.97,3.9,7.89,0.66,3.23,6.54,6.98,3.34,1.04,2.11,8.38,6.44,1.37,3.03,7.36,2.15,8.51
9.34,1.12,7.65,2.72,2.71,0.44,6.01,2.1,2.37,8.21,1.69,5.28,2.22,8.8,7.01,4.26,1.96,7.26,0.43,4.5,6.44,3.11,5.56,-1,9.42,3.06,2.92,0.38,5.51,2.14,9.47,6.01,1.1,5.88,1.5,0.7,9.7,8.95,7.98,2.43,4.66,6.4,5.84,5.29,6.97,9.7,0.47,0.6,2.04,5.58,1.65,8.28,8.39,2.12,1.53,3.08,9.82,1.16,4.52,1.9,8.96,8.68,0.59,9.33,0.76,6.4,3.99,3.22,6.56,5.53,2.54,2.27,4.63,5.46,3.58,2.44,8.78,3.08,9.45,9.93,0.11,8.68,0.41,7.2,1.18,3.88,5.43,2.13,2.17,0.08,7.76,7.7,2.1,8.02,1.85,0.82,4.86,7.96,3.34,4.6
3.76,6.88,6.23,3.48,0.58,4.62,8.06,6.72,7.2,8.95,1.91,3.22,1.58,0.92,1.95,2.33,3,9.38,3.6,7.84,2.18,1.41,6.77,6.84,-1,3.15,4.61,2.02,0.26,7.83,4.57,8.59,3.66,6.66,7.36,9.23,6.37,3.42,1.95,8.69,7.88,8.49,2.41,6.4,5.56,4.33,4.66,8.89,3.53,5,3.4,3.6,4.26,3.85,9.13,6.94,3.97,4.81,7.98,0.78,1.03,6.84,0.3,1.57,0.82,1.89,4.58,1.74,0.31,5.76,0.3,5.34,9.36,1.26,4.48,4.6,2.98,0.77,6.86,8.3,3.61,2.68,6.15,4.75,5.87,8.62,3.48,7.94,6.8,4.54,8.98,1.14,4.36,9.49,1.06,3.42,8.46,4.29,6.16,7.36
4.21,7.02,1.12,9.39,3.1,0.25,8.96,8.69,7.25,5.02,6.78,9.67,9.88,7.1,2.55,2.1,7.91,6.97,3.7,8.44,2.76,8.6,7.68,4.34,8.09,-1,3.5,4,8.05,3.47,9.94,8.35,9.38,3.59,5.6,4.82,1.39,8.53,5.75,4.72,3.25,2.85,3.81,5.82,5.79,0.82,3.47,9.36,9.92,8.6,9.67,4.52,2.95,7.1,4.63,3.42,5.08,6.62,2.04,2.93,2.75,2.01,2.02,5.68,0.11,7.95,0.51,2.69,6.56,4.34,4.28,3.15,0.29,6.55,7.75,3.2,0.21,2.8,6.83,5.74,1.66,0.73,0.99,8.93,5.15,4.3,9.8,6.73,5.23,0.87,0.09,5.64,9.54,3.81,7.64,4.68,2.88,6.27,7.55,3.27
7.77,8.86,6.17,0.56,1.53,7.41,7.88,6.67,0.11,8.54,4.2,5.79,0.51,6.4,5.35,6.59,7.4,4.61,1.44,6.64,4.61,8.96,5.32,3.25,6.56,3.44,-1,5.07,1.37,8.62,7.88,2.42,3.55,3.64,8.87,3.32,8.52,1.9,8.37,1.09,7.21,1.75,9.49,9.16,1.85,0.42,7.28,5.49,5.97,6.86,3.12,7.86,5.71,2.67,4.05,9.6,2.92,0.96,5.29,4.32,6.67,3.74,1.48,6.95,0.27,0.88,5.06,8.36,9.18,2.91,3.62,5.54,3.96,1.33,7.36,6.88,0.86,3.06,5.46,4.59,7.32,6.76,0.78,8.61,2.93,4.83,0.4,9.59,3.37,7.03,4.91,7.19,1.14,1.76,2.48,7.09,6.49,9.24,3.72,6.15
5.91,0.16,7.95,6.77,7.95,8.85,9.88,1.9,7.96,0.58,0.83,3.07,0.54,4.02,5.65,1.87,4.01,5.99,4.43,9.18,0.81,7.73,7.15,7.23,6.23,0.13,9.56,-1,7.49,0.19,1.4,0.79,7.78,9.03,3.03,3.05,4.06,1.41,8.5,7.23,2.61,1.69,8.84,3.61,3.59,2.79,6.88,1.24,9.89,2.34,3.02,7.59,0.95,3.79,6.78,4.2,5.23,0.57,2.74,9.8,4.9,0.01,5.91,3.91,3.04,9.85,7.4,3.27,8.88,2.72,5.56,0.01,7.75,1.16,3.85,6.45,1.76,0.17,2.92,6.95,4.6,2.4,4.43,5.16,1.92,5,1.56,0.92,3.09,1.36,5.55,0.56,9.92,3.06,7.41,9.53,2.24,9.97,3.05,6.84
1.09,4.9,8.28,5.45,8.15,6.71,8.15,7.18,4.53,9.62,9.95,6.6,9.02,8.12,2.57,1.35,5.92,4.9,9.21,1.94,7.98,6.39,7.75,1.98,5.67,6.22,6.7,9.35,-1,7.65,8.19,7.81,1.11,6.53,2.35,4.01,6.72,0.71,0.61,0.64,8.3,3.76,6.97,8.07,6.07,5.57,6.2,9.29,4.3,9.65,1.04,0.4,9.25,1.01,9.92,5,1.93,0.45,0.79,5.81,3.17,4.58,7.86,1.16,3.98,9.22,3.86,8.14,3.35,3.05,4.93,3.77,3.89,2.26,6.96,7.58,9.68,9.48,6.82,8.97,6.14,2.34,1.49,6.36,1.48,3.25,7.24,8.33,7.55,5.69,5.03,9.3,2.54,3.16,2.33,4.03,7.48,3.58,6.95,0.95
5.67,2.51,2.28,8.88,4.57,9.84,5.78,5.04,7.66,6.94,5.37,9.09,0.46,8,4.56,1.62,3.01,8.91,4.71,1.48,7.87,9.47,2.07,1.72,1.58,7.51,7.06,7.7,3.01,-1,3.48,3.57,5.43,5.1,1.9,8.24,8.68,6.6,7.76,0.74,3.18,2.04,6.19,1.22,1.11,7.37,4.56,7.84,0.2,0.57,0.7,8.56,5.53,4.62,7.9,7.08,3.75,8.94,6.76,1.39,9.35,7.66,3.39,8.47,8,4.45,2.53,7.41,6.25,9.77,2.24,3.88,6.73,6.99,5.87,8.02,0.79,5.8,7.37,9.21,5.43,3.21,1.11,5.23,0.18,3.88,6.91,9.52,7.68,8.16,2.35,6.08,7.58,3.2,4.94,4.31,5.78,1.86,0.54,7.49
9.54,2.45,0.11,9.24,6.85,2.32,3.67,1.71,9.27,0.2,7.25,5.84,2.71,2.49,0.42,6.68,2.19,3.87,1.23,1.95,7.72,4.41,8.09,9.88,9.46,8.81,8.73,8.51,0.02,7.32,-1,1.42,8.36,7.62,9.31,9.17,1.07,3.83,8.15,5.74,5.88,2.29,8.7,7.99,2.87,5.84,7.31,1.02,5.64,2.08,8.05,5.51,2.73,7.1,3.74,6.06,0,1.43,9.06,1.42,8.51,8.23,4.95,0.55,9.7,4.67,5.19,2.34,9.94,9.66,4.3,2.69,4.17,7.44,4.03,0.32,8.63,9.81,1.91,7.06,4.38,8.42,4.67,6.44,3.79,7.49,3.6,9.18,2.12,8.54,2.82,4.02,6.87,9.82,3.44,4.47,7.59,7.98,1.52,4.61
7.49,7.42,4.12,1.76,4.28,6.25,4.49,1.14,2.49,7.5,3.23,1.09,2.48,9.1,0.92,4.69,8.46,5.83,5.99,4.58,3.67,9.03,5.25,5.68,6.62,8.57,9.51,9.99,8.57,3.23,8.6,-1,9.21,2.48,2.53,8.17,0.15,1.77,4,8.54,0.84,1.94,2.09,8.88,8.31,6.51,7.36,6.12,7.73,5.05,0.57,9.43,4.74,9.61,2.25,5.38,9.15,5.08,3.24,3.64,1.31,0.06,4.97,2.3,7.48,3.62,5.37,6.39,8.45,5.56,3.3,8.98,4.56,2.68,5.19,3.92,5.38,0.45,8.79,8.11,9.96,8.99,4.08,0.52,4.42,1.55,0.82,1.37,1.8,8.89,6.26,8.76,6.45,7.83,8.71,6.58,8.58,3.61,8.06,7.41
3.72,7.33,3.69,4.42,8.66,1.62,0.72,4.88,4.54,8.49,8.38,7.68,5.39,9.11,9.36,4.1,8.39,3.05,2.98,3.5,9.98,9.25,6.54,8.32,9.46,5.14,5.46,9.02,5.9,1.2,8.83,9.54,-1,0.66,2.94,3.74,2.3,3.2,4.19,0.17,9.18,6.21,6.68,8.26,6.34,0.04,2.24,0.56,3.39,0.83,5.85,1.97,6.21,4.3,2.79,7.03,6.5,9.84,9.57,1.19,0.59,9.54,9.83,4.52,4.83,3.15,3.78,9.03,8.57,0.12,7.37,3.02,3.3,1.91,3.61,4.73,2.36,5.22,7.41,2.31,4.27,5.64,8.94,6.87,3.73,5.84,6.71,6.36,8.16,1.67,4.58,4.5,7.47,6.82,0.61,3.66,5.61,4.32,8.27,3.07
2.35,9.96,5.98,3.69,1.5,0.06,4.09,5.95,4.4,6.83,9.09,5.44,5.04,6.84,7.71,1.37,7.2,5.43,2.43,9.87,9.43,9.21,0.19,6.89,2.61,5,4.2,2.86,8.27,9.25,8.89,9.52,8.16,-1,3.75,0.53,6.5,5.24,7.87,0.35,7.08,8.41,3.44,1.13,0.03,3.48,6.23,2.6,0.37,1.45,1.79,1.26,2.81,8.61,9.42,5.08,8.78,5.52,9.51,3.6,3.12,3.79,1.54,5.91,5.05,6.23,3.52,9.89,1.14,8.11,1.71,5.49,7.87,9.33,7.49,5.9,5.09,7.76,0.04,5.82,0.09,4.63,7.75,8.74,9.75,3.7,2.17,0.98,2.14,2.19,4.74,9.39,6.97,2.54,4.98,9.9,0,5.86,7.35,9.15
9.37,3.24,9.77,6.83,7.28,8.6,6.71,6.7,9.84,6.17,1.53,5.99,7.72,4.45,4.94,5.98,4.22,8.89,0.97,9.08,5.97,2.86,9.14,2.34,7.97,4.52,8.95,7.73,6.72,0.33,4.18,1.17,4.54,7.6,-1,0.69,1.09,7.42,3.42,2.27,7.34,1.84,0.26,5.64,5.69,4.87,8.12,4.95,3.1,7.95,7.5,0.85,3.97,6.77,1.34,7.08,1.96,0.49,5.16,3.68,9.83,0.42,3.14,9.16,0.08,3.48,3.59,5.01,1.64,3.95,0.69,6.25,2.46,9.6,0.35,0.39,1.07,1.09,8.35,3,2.99,9.34,2.92,1.21,4.5,0.63,3.71,5.7,3.59,9.56,7.31,0.19,1.58,5.18,3.12,8.99,3.32,9.7,6.66,2.32
1.21,0.49,9.93,5.53,6.88,4.33,1.8,3.88,1.66,3.49,5.89,8.89,1.84,1.17,8.09,0.64,2.95,8.75,3.73,5,5.66,3.01,7.25,3.48,3.38,0.61,7.14,3.31,5.88,4.45,1.92,5.98,0.63,5.81,7.05,-1,1.23,6.2,7.3,1.92,8.21,9.66,9.22,9.29,8.19,0.62,8.19,5.06,4.19,4.32,6.22,4.91,6.03,2.61,1.88,4.38,6.45,5.73,9.38,4.22,9.65,6.62,7.6,5.05,3.13,1.17,2.69,8.92,3.12,2.57,9.21,4.75,2.39,1.35,4.43,9.83,8.17,1.18,3.91,0.55,2.47,5.89,5.72,1.52,5.89,7.76,4.47,9.52,8.64,1.21,4.97,3.1,8.69,6.38,4.2,5.83,5.4,2.65,2.98,6.55
5.94,3.87,8.62,6.1,1.19,8.32,0.83,6.9,1.23,4.21,9.91,4.34,6.34,5.72,6.96,2.99,1.57,4.21,3.41,1.32,2.68,8.94,0.25,1.78,3.42,2.91,6.06,5.33,9.85,6.13,7.75,7.15,5.22,4.12,9.94,3.88,-1,1.3,3.03,2.45,1.35,6.9,2.53,9.63,7.5,2.41,7.8,6.67,4.11,1.36,4.81,2.8,8.03,2.95,7.82,1.46,7.29,8.23,7.38,0.08,6.17,5.32,5.27,6.69,4.82,7.28,0.51,5.41,9.78,3.67,9.55,8.75,1.71,0.95,6.11,8.21,3.18,8.82,1.82,9.79,4.11,3.11,9.58,1.57,8.49,8.74,6.72,3.26,0.11,1.14,3.46,9.73,5.27,2.39,4.26,2.75,5.14,1.94,2.09,8.88
2.47,5.93,1.53,3.95,4.7,6.36,7.14,0.79,2.61,7.94,0.1,3.19,7.38,8.72,2.3,0.15,7.47,4.52,4.56,1.23,9.18,8.35,5.52,8.92,1.49,7.5,6.18,3.25,3.6,6.36,3.94,8.81,6.89,6.76,8.85,4.91,7.78,-1,8.11,6.71,9.71,2.1,6.93,4.44,5.53,5.4,6.91,6.7,5.76,2.14,6.87,1.76,5.97,7.87,2.98,7.26,8.68,1.78,2.75,4.83,5.14,0.06,0.56,8.41,1.07,1.78,6.42,9.92,6.54,1.42,7.77,8.82,6.67,1.77,2.08,6.09,6.24,2.97,9.45,4.98,8.18,6.47,1.63,3.14,5.36,8.31,9.27,3.95,0.62,5.55,7.09,0.38,5.49,0.02,8.85,0.11,2.06,8.15,8.32,2.63
6.01,2.73,5.13,9.89,5.81,1.47,6.48,0.61,6.82,4.57,8.84,1.34,2.06,6.15,6.75,2.74,2.44,2.15,2.3,7.04,1.92,4.02,3.73,0.06,3.04,8.56,3.22,5.55,4.27,4.18,7.92,8.54,5.26,0.24,9.87,6.99,3.08,1.66,-1,3.35,8.49,8.12,8.13,6.34,5.39,7.9,7.67,0.96,0.22,1.12,9.47,5.85,8.66,1.91,6.37,2.12,5.71,5.71,5.34,3.67,8.49,3.98,8.08,6.36,0.56,4.46,7.91,7.92,8.11,6.64,0.38,7.82,4.12,0.37,3.48,8.83,4.32,7.63,0.28,8.98,8.36,4.94,7.53,1.84,3.3,4.75,5.37,7.33,9.88,1.86,9.92,9.57,4.81,7.24,9.69,2.73,7.86,5.95,5.49,1.07
9.34,4.19,3.46,1.27,1.52,7.68,5.62,6.16,3.96,5.79,4.15,4.44,8.08,6.12,7.46,1.86,7.61,0.08,6.59,4.08,4.4,0.99,9.92,3.03,4.04,6.17,2.15,3.35,5.73,1.82,5.67,0.68,4.02,6.19,4.95,5.33,8.53,3.71,3.49,-1,2.41,9.2,5.07,4.44,8.93,8.17,3.14,2.2,6.47,6.03,1.01,5.47,7.35,4.67,0.31,7.87,4.35,6.49,9.39,6.96,4.94,5.15,3.26,7,6.86,2.57,2.6,8.75,3.64,0.42,3.14,4.22,5.82,0.05,1.36,8.67,7.19,6.56,6,5.52,1.14,0.91,6.8,9.66,1.22,8.26,5.7,4.37,4.29,1.89,4.12,5.94,2.5,4.11,7.76,3.84,4.92,3.61,2.18,7.78
0.83,4.49,0.01,9.7,0.65,7.75,9.67,7.11,6.65,1.32,3.12,3.76,7.11,7.01,6.65,3.72,3.52,1.76,2.81,8.01,5.72,3.59,4.04,0.15,8.97,8.84,0.06,1.09,2.58,9.67,0.7,9.47,7.5,4.8,1.08,4.03,1.41,6.4,9.64,7.78,-1,9.18,6.96,4.9,3.62,0.14,4.63,0.81,9.24,1.7,4.51,5.68,4.46,4.44,9.65,3.78,5.79,4.52,7.09,4.58,9.58,1.76,5.36,9.83,6.21,5.77,3.12,2.29,8.22,0.83,6.23,9.24,5.53,9.1,7.81,2.32,9.25,6.75,9.15,5.7,8.09,0.83,3.14,2.99,1.3,1.26,3.67,7.3,3.7,3.48,7.71,3.01,7.61,3.93,1.79,7.4,0.06,2.89,1.69,4.7
6.27,2.62,3,2.94,5.08,0.74,8.73,8.3,6.78,6.27,9.51,4.6,2.37,9.48,8.92,2,7.01,4.11,4.12,0.74,7.45,5.5,7.88,9.26,0.05,2.03,3.17,2.97,4.89,7.1,7.83,9.82,9.21,9.01,5.68,4.3,9.13,8.9,5.44,9.04,2.45,-1,8.72,2.44,5.99,8.85,7,5.38,8.06,2.65,3.29,4.22,2.91,4.86,4.98,9.03,0.58,1.65,8.93,5.41,9.49,8.28,6.65,7.38,0.24,0.74,4.55,3.02,1.76,3.21,9.83,3.64,7.64,9.99,3.7,7.72,7.93,1.35,6.87,2.55,4.58,6.23,8.78,8.1,6.09,7.74,5.59,7.28,7.4,5.46,9.83,7.03,5.34,4.94,3.21,3.9,7.77,6.39,5.76,8.19
3.37,4.67,9.23,1.19,1.09,5.6,5.96,3.62,9.94,1.79,8.75,1.9,0.98,4.78,1.4,3.99,3.23,1.77,6.89,3.02,8.6,4.02,2.78,3.75,8.91,1.48,8.88,8.88,4.92,9.23,3.52,7.66,3.34,2.77,4.18,8.65,5.3,3.62,3.71,2.56,1.95,0.64,-1,4.05,3.16,6.27,1.26,5.65,6.19,1.14,7.94,6.1,7.74,6.89,6.33,3.32,6.78,5.23,0.53,5.07,0.81,3.47,6.57,4.81,8.02,8.96,8.87,2.86,3.29,3.78,4.53,5.13,0.49,8.3,6.13,3.61,4.05,5.21,9.77,6.89,8.27,8.33,0.21,1.65,6.04,0.25,0.58,4.35,6.81,1.45,3.89,4.95,4.58,9.93,2.28,6.69,8.62,0.44,5.59,0.32
5.46,5.53,9.18,6.92,7.04,9.19,6.99,8.01,7.46,8.63,1.93,5.63,5.1,3.51,3.08,6.32,7.01,5.73,3.87,4.74,6.81,0.47,4.17,6.03,5.98,3.33,1.26,1.91,5.72,1.82,0.52,0.8,8.2,5.42,2.9,4.16,5.44,0.2,9.99,2.27,9.2,6.22,2.5,-1,3.14,1.66,4.65,1.95,7.06,6.27,9.92,6.29,2.18,1.58,8.68,5.98,6.5,3.58,4.96,9.58,9.65,0.51,9.72,1.6,0.85,9.92,5.24,0.97,2.56,3.73,4.48,0.59,4.8,3.32,5.7,1.56,6.09,3.94,7.05,6.02,0.64,7.3,9.35,5.43,0.66,0.2,7.06,1.27,6.41,3.93,3.97,5.61,9.92,6.63,7.34,2.9,0.27,4.69,7.14,7.21
5.13,8.9,2.62,1.11,1.19,5.62,8.91,1.24,9.51,4.29,5.14,2.68,7.75,9.7,3.95,1.18,8.63,9.83,3.09,4.84,9,6.58,6.16,4.7,2.36,2.95,6.43,6.59,4.61,4.66,3.96,1.16,8.13,8.05,2.03,1.27,4.9,5.35,0.35,6.45,7.93,9.95,5.74,6.02,-1,7.53,4.22,3.77,1.83,4.73,9.07,9.69,2.64,0.98,4.4,7.59,9.97,0.96,7.56,2.84,8.46,5.56,5.13,1.86,3.88,9.26,0.58,5.59,2.72,4.36,0.87,8.69,5.76,2.59,7.88,4.69,0.55,6.72,6.98,9.64,6.47,3.02,6.03,8.13,0.32,4.04,6.87,8.8,0.77,0.92,8.56,2.16,0.8,3.13,1.01,1.84,8.41,1.3,2.57,5.52
4.51,6.89,4.87,7.73,8.06,3.74,9.46,9.29,9.96,1.96,8.47,2.44,3.94,5.47,8.69,3.92,2.25,0.55,7.62,4.24,4.84,7.98,9.35,9.75,5.82,5.61,7.46,6.81,1.44,7.46,3.9,5.28,8.49,8.42,3.35,7.83,2.64,3.74,3.93,0.21,4.56,1.92,5.3,1.6,9.81,-1,8.62,1.95,9.11,0.64,7.69,7.46,1.83,8.78,7.68,8.26,3.4,8.7,1.62,8.98,5.74,5.84,0.22,7.12,2.08,9.99,1.24,7.19,6.96,4.29,3.67,1.8,3.23,6.92,1.7,2.13,8.57,9.64,3.79,0.67,0.94,2.27,9.18,3.48,7.49,2.41,2.97,9.63,7.55,8.37,8.11,9,0.39,2.52,2.51,9.48,9.9,5.02,9.06,9
9.13,6.65,3.35,5.98,5,8.58,9.41,2.55,1.16,2.55,7.4,0.16,6.63,5.99,5.24,5.41,2.41,5.71,8.46,1.72,7.4,0.09,2.31,4.46,2.57,9.17,7.26,6.75,6.17,8.11,8.05,2.18,7.13,2.75,2.05,6.51,8.24,0.17,4.86,0.5,9.66,6.78,2.01,1.98,3.25,7.54,-1,3.78,7.91,2.11,1.9,8.99,7.83,7.95,2.24,5.14,5.72,6.67,2.3,5.83,0.47,0.82,1.97,6.1,0.35,4.5,7.08,4.62,2.39,3.53,9.94,2.12,3.27,3.67,5.35,0.28,5.24,7.77,8.71,5.39,4.02,5.94,4.21,9.62,3.66,5.59,7.05,7.28,2.96,9.9,7.45,2.58,6.1,7.03,4.43,5.7,1.82,0.42,9.1,7.27
4.96,9.13,8.4,9.56,3.31,1.5,1.43,4.84,0.05,8.73,3.33,7.86,1.78,9.31,6.55,7.72,8.42,2.17,9.79,7.76,5.97,8.92,9.19,6.4,4.06,3.64,7.34,6.96,9.98,1.98,3.74,3.76,1.16,4.35,9.93,7.69,6.18,6.83,4.48,2.7,3.75,7.43,8.64,9.18,8.35,6.23,0.54,-1,3.23,6.47,3.58,8.79,5.11,1.47,0.58,2.35,0.84,3.23,6.84,5.13,8.64,9.35,4.53,4.41,7.19,0.75,5.02,4.72,2.53,2.32,8.58,1.04,9.95,6.24,2.09,0.2,8.91,7.97,4.42,8.52,3.23,2.69,8.65,3.26,4.49,9.94,1.98,4.96,5.63,7.33,2.22,8.95,3.91,4.6,2.47,8.22,2.62,4.21,1.22,9.72
2.03,0.25,8.95,4.55,6.82,1.37,4.89,3.33,8.17,3.85,8.87,0,6.95,4.87,7.01,4.9,4.98,6.25,3.69,2.92,4.79,5.05,9.13,7.97,6.19,6.26,9.91,9.78,0.08,5.54,5.9,6.71,8.23,9.4,8.29,1.73,4.61,1.83,3.75,8.55,6.56,0.17,2.91,1.73,1.5,2.75,0.39,2.91,-1,3.05,1.54,7.78,0.08,3.51,4.22,0.2,4.68,0.4,4.32,2.69,2.65,6.21,6.32,6.17,1.04,6.81,8.8,1.72,7.22,0.65,5.76,4.62,3.79,3.45,0.02,5.25,0.64,2.47,4.64,0.06,2.35,6.01,2.33,1.4,3.77,3.66,1.29,4.85,8.27,5.87,3.86,8.42,5.76,2.19,0.93,3.02,1.76,6.51,1.96,5.88
5.42,3.38,0.87,1.67,2.77,4.18,1.16,1.39,0.31,6.08,5.79,8.29,9.59,2.01,7.51,6.35,2.19,3.36,7.67,3.95,8.07,3.9,9.85,8.74,9.22,9.28,8.41,8.94,3.86,8.66,9.22,8.01,8.4,1.28,1.83,2.82,8.44,3.37,2.51,2.67,3.45,4.15,9.56,2.79,9.36,3.27,7.91,5.49,9.36,-1,0.72,3.52,9.37,5.67,8.77,0.93,1.36,9.36,6.84,6.28,1.53,1.26,4.69,9.84,2.15,9.38,6.88,1,0.17,4.82,3.93,3.7,1.1,0.28,0.82,2.53,1.27,3.81,8.08,3.09,1.71,1.14,8.44,2.96,7.43,7.1,9.38,2.68,6.35,7.24,1.63,1.61,1.4,9.21,8.42,1.17,0.37,9.38,6.25,1.15
2.42,0.47,2.52,6.71,9.81,6.15,1.79,8,8.59,5.18,0.84,7.3,9.21,5.01,7.68,1.68,7.08,3.82,4.59,5.74,4.5,9.54,8.96,7.68,8.42,3.14,2.99,8.36,2.14,4.11,5.42,2.03,4.4,8.58,7.76,8.8,0.81,6.13,9.24,2.27,7.42,2.03,6.92,4.81,7.76,6.41,3,1.09,1.54,8.96,-1,5.55,6.39,7.49,1.34,5.62,2.27,4.44,1.6,2.67,2.75,2.99,2.34,9.3,5.31,2.48,1.53,1.83,4.18,4.71,6.2,4.42,3.29,8.36,0.07,9.71,2.08,0.07,0.2,0.6,9.3,5.25,1.05,3.09,5.9,7.3,9.95,6.12,3.79,8.07,8.12,0.21,7.35,8.9,0.66,1.45,0.8,3.2,1.05,8.53
6.82,9.18,0.02,6.16,5.96,9.51,0.03,6.09,4.8,6.38,1.42,9.22,8.56,4.01,8.65,1.9,4.59,9.63,3.69,7.06,1.31,4.58,3.55,2.61,4.2,5.44,1.32,6.14,3.12,0.35,2.84,0.94,7.34,2.06,8.31,8.53,9.27,3.52,0.89,3.23,3.39,2.79,7.71,9.66,9.69,6.46,1.87,4.04,2.59,4.74,4.03,-1,8.81,3.67,2.16,6.88,2.61,4.22,7.11,6.88,0.72,1.95,0.45,0.69,2.97,9.9,6.29,7.71,9.92,9.95,8.71,2.95,2.53,3.77,7.9,4.58,0.54,8.74,1.04,5,3.22,0.44,4.2,6.84,8.51,1.94,6.97,3.25,5,9.34,6.66,1.2,1.4,1.23,4.91,5.4,6.13,9.87,4.91,7.63
5.04,9.37,3.57,6.65,2.94,3.3,5.83,8.12,2.42,6.25,8.15,1.89,0.87,9.86,8.66,2.81,7.79,7.05,7.37,7.26,6.08,3.99,5.73,2.7,6.14,4.47,6.61,8.7,0.61,0.77,3.86,1.39,6.27,9.11,9.53,1.02,9.86,8.92,9.84,1.52,3.74,4.64,9.63,9.6,7.92,3.25,8.42,8.25,2.76,2.84,5.75,1.1,-1,2.88,0.35,9.72,3.63,3.57,6.17,7.17,7.19,6.99,3.97,9.51,3.41,4.78,6.68,0.13,8.52,4.28,0.79,3.09,1.4,0.92,7.77,5.06,7.75,5.59,4.02,7.79,9.64,9.47,5.98,0.84,3.41,4.05,9.52,6.41,5.34,5.99,8.51,0.65,5.87,8.16,4.05,0.49,2.25,9.54,8.97,2.59
8.2,3.08,7.35,5.95,6.28,9.63,4.58,8.89,1.66,6.92,2.46,7.92,6.3,7.1,1.15,8.35,3.31,2.05,4.49,9.49,3.06,0.74,9.66,5.71,4.07,8.81,6.9,1.14,7.55,2.16,0.51,1.37,7.82,7.21,9.03,9.55,5.45,7.79,5.47,0.71,6.9,6.5,4.49,7.16,5.13,9.56,8.8,3.19,1.28,4.58,5.56,7.84,8.63,-1,7.6,3.98,5.36,0.57,6.49,1.32,6.12,9.53,9.11,6.23,8.7,3.74,3.9,8.73,0.72,4.14,8,2.99,6.03,4.17,8.38,2.87,9.25,4.13,2.78,5.44,3.39,4.73,8.56,9.18,8.76,8.4,2.1,5.21,1.82,8.44,9.89,5.83,5.78,2.38,1.86,6.44,6.34,5.46,3.09,2.91
6.1,7.15,2.57,8.39,2.3,6.21,2.98,1.88,0.56,5.31,5.09,9.78,4.67,4.8,9.36,0.62,6.99,7.61,0.65,1.45,1.98,5.65,1.25,8.64,3.16,3.71,3.21,8.56,8.18,8.68,0.01,4.76,3.59,5.57,6.13,4.06,5.56,0.66,1.24,1.39,9.94,8.45,3.76,4.06,0.64,2.85,4.83,7.1,3.75,5.98,8.21,2.98,2.44,1.35,-1,8.36,0.15,0.45,5.98,5.31,3.1,8.61,8.32,4.03,2.31,5.76,4.04,4.17,5.23,8.44,1.52,9.4,5.52,8.35,5.17,0.05,7.14,9.29,4.87,0.97,1.34,9.01,8.67,6.81,5.89,7.24,9.24,5.55,0.14,9,7.44,2.07,5.04,4.65,1.43,8.25,7.34,6.26,9.19,4.88
1.76,4.88,3.64,0.6,7.09,8.83,8.83,7.76,1.95,2.75,8.17,6.04,2.4,5.94,4.02,5.49,8.17,7.76,3.35,2.11,9.53,6.57,2.34,8.37,2.83,0.68,0.16,8.61,9.35,5.08,7.16,4.4,8.16,9.11,7.86,7.98,5.34,8.77,2.53,5.6,0.74,9.64,4.83,5.75,4.82,3.1,2.57,8.43,1.41,1.9,2.01,7.75,2.73,5.77,2.3,-1,5.14,8.49,2.52,9.36,1.88,5.16,9.89,6.94,1.53,2.75,2,7.24,0.87,8.13,1.55,3.78,5.56,0.04,5.59,4.44,8.46,7.22,0.35,9.78,3.42,6.67,5.08,9.9,6.84,2.22,1.3,9.79,9.14,5.96,2.56,4.36,3.56,6.53,0.22,9.67,1.16,3.17,3.5,9.51
2.85,1.54,6.42,3.05,4.98,7.82,2.49,4.49,1.05,2.51,2.18,3.48,3.08,6.63,0.51,1.56,5.52,7.22,2.92,8.82,7.36,1.09,1.43,8.42,5.64,9.78,7.55,3.64,4.18,3.22,0.29,8.24,8.6,4.85,0.04,2.66,4.07,3.24,5.23,4.04,5.7,5.92,4.66,4.99,0.6,2,0.76,2.39,7.65,2.97,7.18,1.16,8.96,2.59,0.46,4.69,-1,5.63,3.79,3.38,5.05,9.07,5.73,6.8,0.88,2.83,9.72,0.7,6.88,1.52,3.35,2.91,6.45,6.38,7.36,7.9,2.14,2.07,1.97,4.25,0.06,8.87,4.88,9.27,4.51,6.71,2.82,8.09,1.12,6.25,3.36,1,5.3,8.46,0.81,3.23,2.08,3.56,5.4,0.97
8.83,8.81,7.35,4.42,2.87,0.06,7.43,3.58,7.64,1.57,9.62,8.91,4.77,5.62,4.25,8.68,8.59,7.36,3.1,3.39,5.06,4.43,6.01,8.64,7.24,9.68,2.7,8.39,3.83,4.42,8.17,3.91,0.45,2.2,6.52,3.34,6.23,5.58,5.55,3.76,8.28,5.76,8.63,8.16,7,9.4,7.57,3.62,4.9,4.53,2.93,5.17,8.64,9.91,4.11,2,6.78,-1,1.15,3.5,7.66,1.57,3.4,0.58,0.05,7.52,3.04,3.47,5.04,3.33,3.9,7.55,9.04,7.65,5.54,0.86,0.61,7.73,6.26,3.34,3.89,5.94,5.96,9.1,4.02,7.66,4.14,8.98,6.02,9.36,6.03,7.21,0.97,1.26,1.63,9.17,7.88,4.32,9,9.92
0.97,9.03,8.68,5.45,4.03,2.93,0.05,5.99,8.5,7.34,5.87,5.02,0.72,2.47,9.36,8.93,8.85,6.78,1.69,9.62,3.43,9.17,0.52,5.49,8.87,2.29,4.91,4.61,5.72,4.28,6.68,3.9,2.01,6.17,5.35,3.58,3.81,3.11,7.49,8.97,1.36,1.11,6.2,4.38,4.62,6.82,2.89,2.24,8.13,5.78,1.28,5.11,6.44,2.27,5.13,3.91,4.4,1.53,-1,9.9,8.76,2.39,7.47,1.42,6.25,8.13,5.93,9.71,0.33,0.9,5.96,0.95,4.28,7.06,5.5,3.98,0.64,5.83,2.43,9.74,2.37,9.62,6.29,7.49,6.7,2.67,0.54,7.73,5.69,8.91,4.33,0.71,0.44,0.99,7.3,2.1,0.56,8.61,5.96,6.48
8.1,9.74,2.92,8.4,0.27,0.53,6.68,9.37,1.46,5.39,0.9,0.38,6.96,6.94,7.81,9.81,9.12,6.28,9.03,6.58,7.83,7.11,2.18,9.96,1.43,0.93,3.53,0.35,2.95,4.34,1,1.03,1.21,0.96,8.66,1.64,0.43,4.68,4.31,0.78,5.97,4.3,6.15,5.52,2.31,7.86,9.01,1.36,1.77,2.22,9.85,2.5,7.28,6.38,3.27,9.38,9.18,6.19,4.28,-1,2.89,6.92,0.32,1.16,0.67,9.79,7.2,5.1,0.41,7.8,8.62,3.67,2.43,5.69,6.64,4.34,7.57,7.71,7.3,4.18,7.16,4.94,7.94,5.13,0.85,4.44,6.2,5.52,1.58,4.09,3.81,0.69,1.63,0.49,4.9,9.05,2.75,6.71,9.56,1.71
0.96,9.45,7.9,1.7,3.57,0.16,9.33,5.13,5.83,5.23,1.02,0.37,5.26,6.6,3.6,0.08,7.51,5.05,8.79,0.31,0.17,2.75,5.22,6.25,6.34,3.91,8,1.38,4.26,9.74,5.99,7.51,3.74,9.63,6.88,2.58,6.89,2.66,5.02,6.84,3.36,5.6,4.48,4.71,6.97,7.84,7.94,7.76,9.38,1.6,1.77,6.54,8.66,0.39,0.94,7.23,3.15,6.72,9.32,2.24,-1,5.24,0.78,3.41,6.88,0.82,2.1,6.82,1.88,3.46,3.05,4.54,4.81,9.47,3,3.62,1.83,5.47,9.52,8.23,0.98,6.4,2.74,3.59,4.09,4.62,6.69,0.49,6.21,0.59,9.97,3.09,2.23,8.16,4.3,4.57,9.8,2.09,5.29,4.82
4.14,2.77,2.29,1.05,1.47,7.11,4.56,9.17,3.44,6.9,7.78,7.07,1.17,6.33,9.68,1.79,0.79,3.37,0.03,4.02,2.41,8.7,3.01,4.07,3.54,5.74,8.75,8.86,8.72,6.58,7.84,9.58,5.15,9.79,1.59,5.55,5.26,8.81,8.88,2.43,6.37,8.48,9.36,6.65,7.25,7.32,2.18,9.1,8.48,6.85,5.27,5.6,0.61,9.8,7.24,9.99,7.32,4.46,7.3,4.56,2.84,-1,3.48,9.6,2.83,9.99,9.16,2.93,6.58,8.9,2.31,9.23,6.04,4.74,4.7,2.57,5.59,8.13,2.37,7.42,5.28,6.33,5.83,2.92,1.71,2.02,1.07,8.87,9.78,4.74,4.57,0.32,1.86,6.2,5.9,4.36,8.05,6.12,5.03,1.36
4.01,8.82,7.98,8.08,3.87,0.05,2.72,3.95,2.42,3.47,5.08,5.51,8.11,8.73,7.33,2.09,8.57,7.83,5.79,8.71,8.39,5.87,4.99,1.14,4.04,6.06,8.62,6.25,5.62,4.72,1.96,8.39,9.32,6.24,0.75,0.25,4.79,0.62,5.2,3.91,4.31,4.44,3.33,6.14,8.07,3.51,1.02,2.69,9.88,1.9,0.41,4.38,2.62,7.18,9.2,2.72,0.85,2.2,9.52,8.97,8.25,6.36,-1,5.22,4.14,9.36,5.17,8.85,1.68,1.32,2.97,4.06,8.92,5.5,7.14,3.5,2.65,1.63,4.98,5.38,9.77,0.05,0.14,0.92,8.52,0.13,8.47,6.28,7.91,5.58,2.33,7.12,8.22,9.03,1.25,6.06,9.31,9.68,9.54,7.06
4.12,0.16,2.77,4.39,4.04,8.86,5.87,7.72,9.58,2.89,0.09,4.47,6.08,8.59,2.91,7.56,9.72,7.86,1.78,9.4,9.81,5.36,3.16,8.48,3.31,5.96,2.48,5.7,8.27,0.29,1.79,7.44,7.4,0.93,9.46,0.54,6.55,9.85,5.2,2.18,3.69,3.33,5.59,0.07,8.88,1.41,2.27,1.17,9.51,6.11,3.33,1.55,9.08,6.12,1.16,1.03,1.69,6.18,3.17,7.96,7.34,3.66,7.31,-1,6.26,4.4,1.76,8.88,8.78,1.89,6.37,7.93,0.25,6.67,6.3,9.23,7.85,3.58,8.69,1.39,7.69,7.21,0.33,5.08,0.54,6.35,0.17,0.06,0.68,8.77,0.47,0.78,3.53,5.89,8.69,4.68,5.3,8.8,7.57,3.92
6.22,4.38,9.83,9.32,6.54,4.29,8.84,8.03,1.92,9.77,5.93,5.13,1.06,4.61,7.34,9.79,5.36,4.21,2.88,2.62,5.16,8.02,1.97,4.08,6.7,5.58,8.92,8.51,6.66,1.5,9.92,5.18,1.66,9.2,7.67,3.06,3.74,1.52,1.47,9.02,3.96,8.7,5.42,8.69,9.62,2.59,3.88,5.88,2.8,7.54,6.23,1.08,6.59,8.25,7.19,0.11,6.12,4.13,2.67,8.38,9.82,3.39,4.28,4.14,-1,9.23,0.16,0.57,7.15,1.99,3.04,6.36,5.93,0.44,2.35,6.85,0.59,6.17,0.99,0.93,8.79,5.64,1.23,0.15,1.95,1.94,7.3,8.71,5.25,8.09,6.39,5.57,1.94,9.44,5.33,0.78,1.5,1.19,3.92,6.86
1.98,2.9,5.97,3.6,6.8,4.4,6.77,4.5,7.28,6.1,5.41,4.01,1.05,4.82,8.41,0.83,0.5,1.75,9.77,3.34,4.07,8.36,8.25,2.74,4.78,6.18,1.25,5.01,5.13,9.06,3.65,7.93,1.28,6.71,4.3,4.39,4.89,9.62,6.04,8.49,3.06,8.69,9.39,9.73,4.54,9.27,1.24,4.46,4.2,6.73,8.9,8.31,9.8,8.66,7.64,1.52,3.51,1.36,3.6,5.37,5.72,5.34,5.13,0.45,7.44,-1,7.45,4.87,8.11,6.79,6.95,0.61,0.83,9.81,3.42,1.41,8.87,8.04,7.2,0.81,3.07,4.24,3.22,8.31,6.35,2.5,7.91,7.62,8.68,2.44,6.03,4.82,1.57,8.1,3.08,3.98,1.22,9.27,6.54,4.64
6.86,7.18,9.74,8.33,3.32,1.09,0.1,9.22,6.48,9.08,7.84,9.35,1.38,0.1,7.9,0.59,7.69,3.61,3,4.54,7.16,3.93,6.14,8.88,0.27,0.41,9.78,9.6,6.17,6.05,0.35,2.97,1.1,8,5.51,3.43,9.91,5.04,1.56,2.44,3.8,9.97,3.81,0.24,2.86,6.07,3.98,4.27,7.61,3.46,3.42,1.13,4.04,8.29,6.29,8.3,1.78,2.99,5.06,7.68,3.38,9.55,9.17,3.33,7.09,2.42,-1,2.77,5.09,0.89,1.74,7.12,0.85,5.84,6.48,3.01,4.76,1.34,6.73,8.71,4.91,2.3,1.35,6.15,4.84,8.66,0.94,3.51,8.15,7.84,7.66,8.81,4.68,1.85,2.47,3.94,6.31,5.54,4.39,1.47
1.2,5.32,0.94,5.97,6.24,1.76,2.02,8.82,3.52,9.31,1.96,9.34,7.82,1.71,0.7,9.61,0.64,8.24,2.41,4.82,6.83,2.6,1.49,4.66,7.5,5.98,4.06,8.04,3.46,1.76,0.89,9.1,1.7,3.16,9.45,0.33,1.08,0.2,7.07,1.7,6.92,4.7,7.89,7.83,2.73,3.27,6.12,8.4,5.38,5.95,5.5,7.34,1.11,4.78,6.54,0.92,0.39,6.05,2.42,6.48,3.53,4.45,5.38,4.51,5,3.33,9.83,-1,2.07,3.77,9.03,2.53,8.23,4.35,5.26,5.84,5.29,3.93,0.84,1.47,1.2,5.97,4.82,8.61,8.46,9.14,0.73,7.65,6.79,4.74,6.9,3.26,4.39,1.23,6.2,0.3,5.56,1.79,5.88,9.89
7.59,1.55,4.29,1.09,6.3,5.2,7.13,0.92,6.96,6.67,4.48,2.15,2.14,2.78,6.22,0.92,6.01,2.24,4.29,8.95,0.98,7.26,8.11,0.87,7.34,6.68,6.24,1.58,8,4.92,2.21,3.96,8.76,7.37,4.4,6.17,1.38,7.18,8.01,0.82,5.82,1.01,5.03,7.05,9.86,3.2,1.52,0.83,6.89,3.99,8.13,6.76,4.19,8.53,4.17,4.93,4.53,2.75,1.15,1.27,8.03,7.15,2.61,3.17,9.71,6.64,0.13,5.08,-1,2.21,5.99,4.3,2.96,6.51,9.97,0.39,7.64,4.92,0.8,9.06,0.13,5.04,4.88,0.49,9.02,6.04,5.72,6.51,2.95,7.78,2.72,8.48,3.66,1.89,9.31,5.56,7.39,7.93,4.35,1.72
5.79,2.54,9.8,7.57,2.37,4.17,0.39,1.65,6.39,2.45,5.38,2.34,4.87,4.89,9.38,0.87,8.94,9.31,8.5,9.45,6.98,0.3,4.93,4.54,4.53,7.75,6.22,4.39,3.71,8.53,0.58,9.16,6.81,3.34,3.36,5.73,5.17,5.04,6.99,7.99,6.96,6.32,4.91,4.63,0.38,1.54,2.5,5.74,7.04,4.9,2.3,9.74,7.53,4.11,0.52,8.32,5.26,1.1,3.74,6.9,9.11,4.48,5.69,9.54,5.87,8.6,3.46,9.14,3.64,-1,1,6.24,2.8,4.06,1.39,0,0.25,3.7,9.88,1.01,4.14,7.69,7.49,3.27,6.1,0.08,9.25,5.46,0.45,8.84,4.37,7.46,7.23,1.67,0.01,1.78,6.38,2.41,3.91,2.97
6.76,3.32,5.37,2.75,6.01,3.58,5.46,8.95,4.22,8.19,8.37,2.41,8.01,2.66,3.15,2.07,6.54,9.32,2.37,9.66,0.04,1.39,7.67,6.67,6.53,0.8,4.76,8.33,3.91,8.93,2.85,5.95,5.06,5.55,0.19,5.54,8.15,0.52,1.61,5.64,0.79,8.97,9.05,6.1,2.76,2.2,6.49,2.73,3.21,7.33,8.29,6.13,5.75,4.84,0.07,1.48,9.89,3.57,4.37,6.21,1.54,9.7,7.19,2.03,3.31,4.72,5.34,6.26,5.06,6.87,-1,6.77,6.12,3.88,5.59,7.91,0.08,4.32,4.15,2.31,2.01,4.1,0.41,0.57,0.35,4.59,6.88,5.19,6.44,4.2,9.34,5.1,9.51,5.79,4.65,8.12,3.04,7.65,7.29,8.23
2.56,7.17,2.35,4.22,0.18,5.82,9.05,3.48,3.42,3.02,1.64,1.29,9.58,3.42,6.89,3.87,5.43,5.51,5.76,6.16,0.9,2.84,0.61,0.2,4.43,7.95,2.42,0.87,4.48,3.5,6.73,6.73,4.2,1.48,9.85,9.49,6.23,2.63,2.19,4.79,4.03,1.55,8.64,8.41,4.27,6.63,5.85,7.92,4.83,9.39,0.71,6.73,3.83,2.61,3.27,0.25,8.54,0.56,0.7,3.44,5.81,1.01,6.35,8.99,3.92,1.57,4.39,5.65,7.99,3.59,4.29,-1,0.6,1.13,7.47,1.55,1.17,9.44,9.26,8.54,5.65,9.98,9.27,3.22,6.22,0.88,6.95,1.74,3.78,7.16,9.62,1.1,4.43,7.12,2.56,2.7,8.51,1.55,6.23,1.72
6.01,9.73,3.65,5.42,2.64,9.82,5.01,2.89,2.91,1.37,9.77,0.82,4.48,0.04,4.22,3.26,1.54,2.51,4.95,9.11,2.15,0.75,9.51,5.84,7.42,6.82,3.21,2.16,1.69,1.56,3.49,0.55,8.94,2.88,0.75,2.23,7.14,0.5,5.2,7.66,2.77,0.32,4.63,0.2,0.59,3.53,8.78,7.87,3.88,4.72,3.02,0.93,9.77,2.01,4.06,9.81,9.62,3.73,7.26,8.95,0.36,8.49,0.39,8.5,9.24,9.82,9.53,5.5,8.24,6.47,1.37,5.71,-1,6.86,2.41,9.61,5.52,7.2,6.95,9.12,4.63,4.68,5.81,8.95,7.41,6.71,0.91,9.84,0.14,2.04,6.31,1.91,9.76,1.31,4,9.29,6.98,3.38,5.05,3.97
8.39,1.82,8.58,1.43,0.75,8.97,9.2,6.98,9.49,7.22,2.79,7.33,2.54,0.73,7.88,1.4,8.01,2.14,0.11,9.11,1.17,2.6,5.32,6.13,2.81,9.38,5.69,1.69,7.79,2.56,2.95,7.9,5.71,8.49,7.67,1.03,7.56,9.97,5.24,9.36,0.09,3.2,3.06,2.2,4.89,2.51,2.96,4.81,3.17,1.66,2.93,1.65,0.44,4.62,3.84,0.92,8.75,9.52,5.48,7.37,8.32,1.28,4.15,6.16,9.34,4.86,0.25,6.59,3.84,4.29,3.78,2.4,3.93,-1,7.89,0.02,2.25,3.56,3.97,4.77,2.65,9.28,1.1,6.81,3.33,8.82,4.15,0.24,9.38,1.08,0.82,9.5,2.48,7.51,5.78,6.43,2.86,2.91,0.35,1.77
4.53,2.92,0.72,3.86,9.78,9.34,6.08,9.3,2.56,6.32,5.34,9.33,7.57,1.15,0.4,8.67,8.28,3.4,1.3,1.36,1.15,8.53,9.49,7.06,5.23,3.32,1.26,1.93,1.76,7.59,1.74,1.72,7.49,6.26,8.92,8.77,8.12,0.09,7.51,2.93,2.69,5.64,1.12,3.74,7.61,0.17,6.58,8.64,9.75,8.25,1.99,9.15,8.28,2.39,5.01,4.9,8.9,8.27,4.96,0.72,0.18,5.1,7.19,7.47,8.68,0.3,7.58,8.66,7.14,0.53,5.3,4.12,6.17,9.03,-1,9.98,0.13,9.67,8.7,5.87,4.44,6.2,9.62,7.36,4.76,0.69,3.67,5.08,0.87,9.31,5.36,3.26,0.24,7.87,6.86,8.21,4.12,1.36,4.56,8.86
4.92,3.27,2.74,0.97,4.13,1.26,5.85,4.52,0.46,9.43,7.28,8.47,6.24,6.69,0.71,3.05,7.94,9.03,1.42,3.02,3.15,0.68,8.89,1.54,6.49,4.13,2.67,6.24,6.2,4.14,8.92,5.47,4.1,7.56,0.33,0.08,8.07,3.66,4.89,8.72,8.08,7.31,4.88,7.04,3.99,6.46,7.49,5.02,5.14,2.22,6.33,0.62,5.77,4.21,0.98,2.59,3.15,5.91,0.07,8.87,9.97,8.78,7.8,7.63,9.35,6.8,3.04,6.7,7.91,1.57,3.44,8.08,9.86,3.65,6.49,-1,5.91,8.35,1.32,3.35,3.1,9.28,8.78,5.17,1.27,8.33,0.29,6.79,4.5,5.82,4.33,2.44,3.64,3.19,8.9,5.43,5.67,9.37,3.66,4.68
7.38,3.33,9.49,3.94,3.59,2.09,9.44,5.09,7.38,7.63,6.24,9.27,9.53,2.83,7.3,4.78,6.56,3.48,2.35,7.67,5.26,2.98,3.26,3.28,6.23,4.53,3.62,2.68,4.6,9.53,9.19,7.43,4.62,3.22,4.21,1.19,6.24,5.85,8.07,0.84,1.79,7.18,6.27,5.63,1.06,0.42,4.98,4.81,3.4,6.62,8.64,8.23,4.85,8.82,6.93,5.42,8.82,7.8,5.04,2.17,8.74,3.94,2.23,8.24,5.19,4.35,3.37,5.55,6.72,4.97,4.64,7.54,4.37,7.87,0.72,3.98,-1,1.61,8.57,6.73,5.95,9.91,3.73,2.67,4.55,8.75,2.2,0.32,8.41,4.85,1.14,2.99,9.14,4.09,3.03,4.76,4.48,6.53,7.81,3.87
4.95,2.51,8.23,3.18,4.68,1.16,3.35,5.23,5.45,9.07,9.85,7.27,1.24,9.02,3.28,8.56,4.17,5.28,9.25,4.48,5.84,7.98,3.9,9.22,5.09,4.53,5.83,3.47,7.5,2.77,9.63,0.07,3.1,7.5,9.41,0.56,2.11,7.42,5.23,1.01,3.83,7.05,4.98,5.36,0.72,0.82,1.27,6.24,4.54,1.89,9.82,4.17,9.96,7.57,9.74,5.09,8.15,4.74,8.33,6.43,8.85,5.21,5.59,3.09,8.73,5.44,3.8,5.91,2.71,9.45,0.65,0.14,1.46,0.15,8.05,9.4,8.55,-1,6.76,3.81,7.76,6.97,8.3,8.89,9.26,3.45,4.73,1.71,6.07,9.03,2.43,2.72,5.79,6.84,1.46,6.27,0,1.6,4.89,5.76
6.94,1.4,3.3,5.75,0.77,8.53,7.07,2.84,0.87,1.44,5.42,7.03,0.3,0,8.55,8.73,7.51,9.62,6.77,5.61,8.11,3.76,1.76,4.94,6.62,1.79,0.23,8.44,5.05,1.43,0.4,8.89,1.82,8.98,6.68,2.16,3.97,9.72,5.23,4.87,3.62,0.42,8.77,2.51,5.14,1.71,7.97,1.45,5.27,2.7,6.39,0.92,0.63,6.72,4.7,1.18,4.45,1.77,1.58,2.46,5.84,5.64,4.27,0.04,8.96,7.73,4.98,1.72,7.69,1.62,4.88,8.13,8.27,4.64,6.22,1.68,2.73,0.86,-1,4.57,2.09,9.65,7.15,9.04,2.43,1.1,9.73,9.52,1.96,5.29,8.14,2.97,9.16,2.34,6.79,9.59,2.66,0.78,2.45,2.34
2.24,0.24,1.23,6.86,8.94,2.09,6.07,9.02,0.73,8.53,0.52,8.79,6.52,7.9,4.92,0.58,2.46,0.29,7.13,8.44,2.49,7.96,4.32,4.25,0.08,8.6,2.93,5.73,7.79,2.11,4,2.74,8.57,2.72,9.09,6.63,7.43,1.08,3.65,8.82,8.64,0.68,6.69,0.24,2.74,5.59,2.9,0.65,2.64,9.54,6.26,2.33,2.21,7.25,8.18,2.13,7.7,7.83,8.24,0.26,9.5,6.46,0.9,7.89,3.65,0.81,6,6.66,0.9,8.87,6.41,8.66,3.34,7.15,3.84,9.11,9.13,3.27,5.7,-1,2.6,0.53,8.73,0.08,6.79,2.6,2.73,9.32,0.06,9.28,8.73,5.71,6.22,0.22,2.15,9.9,4.15,2.21,3.6,2.02
1.34,3.94,9.76,7.46,3.92,3.31,5.97,4.52,1.61,7,3.43,3.5,1.27,5.46,3.19,7.75,8.77,8.99,4.77,9.13,8.4,1.31,7.08,1.95,6.13,5.3,2.88,5.98,7.39,0.7,7.94,0.45,2.17,6.38,7.02,8.58,0.85,6.84,7.55,4.6,2.02,9.74,8.3,8.97,0.73,0.3,1.9,1.34,7.62,5.51,4.13,5.42,0.69,7.01,6.35,8.34,1.82,9.65,7.83,0.79,9.22,1.06,0.29,9.08,3.8,5,1.26,3.45,8.96,4.79,2.58,4.35,3.38,0.92,6.51,7.36,3.78,4.71,7.96,1.17,-1,3.37,5.72,0.14,0.84,8.34,9.01,4.7,0.75,3.31,7.24,6.85,7.85,4.82,8.62,4.8,4.2,8.31,8.39,4.93
6.89,2.58,1.06,7.25,1,0.27,1.58,2.29,3.23,9.1,4.35,7.19,7.48,7.98,8.84,0.89,6,6.7,7.69,3.24,6.67,2.26,6.85,4.79,1.46,8.44,7.57,6.58,6.73,9.95,1.73,1.93,0.16,1.02,4.72,2.81,2.05,7.54,5.11,7.97,8.76,8.29,0.81,3.8,5.25,4.55,5.55,8.34,9.06,5.95,5.22,0.58,4.3,6.75,9.21,0.17,8.09,0.54,1.14,3.11,6.39,9.77,1.66,9.25,3.58,9.37,2.94,2.82,7.13,7.44,5.26,6.39,2.07,3.69,8.01,7.32,6.17,0.12,1.02,7.95,0.36,-1,7.01,4.95,9.05,2.54,8.16,3.12,2,2.37,5.39,0.65,5.09,7.94,1.42,1.25,4.55,0.69,2.6,6.63
9.91,3.4,5.9,0.26,5.61,2.12,1.33,4.07,6.53,2.35,2.54,8.59,4.37,6.89,4.63,3.12,1.93,9.24,8.17,4.24,3.35,0.88,4.54,2.37,2.88,0.45,3.37,6.21,6.12,5.72,8.66,1.35,4.22,6.13,7.92,1.67,3.03,9.81,6.64,6.55,5.39,2.2,9.09,6.9,9.57,8.21,9.47,8.8,8.97,1.1,6.49,8.49,4.45,5.97,5.4,2.12,7.12,7.31,5.38,0.96,9.79,1.08,9.14,5.24,1.99,7.87,7.51,0.98,8.09,9.01,3.8,4.34,6.35,2.45,6.02,3.66,0.07,4.72,3.47,5.27,4.76,8.43,-1,1.25,8.24,1.84,7.46,0.74,5.84,6.57,8.29,9.02,5.03,4.43,2.85,2.57,2.08,2.76,9.17,5.25
9.67,1.42,0.8,9.17,9.38,0.92,3.33,6.75,8.29,9.16,6.34,2.15,7.83,5.35,9.47,8.43,4.08,7.4,2.64,5.65,3,6.5,8.71,8.16,9.3,8.48,8.29,4.33,5.83,2.52,2.63,6.37,1.66,9.3,1.97,2.59,8.56,0.26,7.95,9.94,1.87,7.11,7.81,5.34,5.03,3.41,1.86,5.03,3.28,9.81,9.71,3.02,9.76,5.13,0.81,9.62,3.57,0.94,6.08,8.32,6.68,4.35,4.17,1.34,5.16,1.11,1.8,9.31,7.42,0.57,5.73,4.79,8.36,4.27,1.38,8.23,8.25,3.28,1.89,0.86,0.02,2.58,1.58,-1,3.81,7.37,3.63,2.23,6.72,1.58,2.89,8.96,3.53,7.43,1.86,8.18,5.07,0.67,9.76,2.21
5.45,6.52,1.72,5.84,7.24,6.69,2.59,9.67,9.7,5.95,3.85,4.25,4.21,9.85,2.73,0.2,9.61,1.65,1.51,9.42,0.5,7.64,3.31,1.06,8.32,6.94,8.64,5.53,1.23,2.56,1.73,0.67,6.46,0.82,9.59,3.54,2.87,0.18,8.66,8.02,1.25,5.16,1.04,6.63,8.25,5.68,2.64,8.74,9.17,1.9,3.41,4.2,5.43,3.94,3.74,3.73,7.32,3.16,3.82,0.53,5.87,1.56,1.8,6.57,6.71,5.32,9.46,9.05,0.75,3.21,7.99,9.86,0.47,7.89,8.77,4.86,5.38,2.95,9.85,5.25,1.04,4.17,2.36,7.53,-1,4.17,2.51,6.28,9.84,2.83,6.11,0.21,8.05,1.19,1.42,8.84,0.16,0.7,9.92,3.93
9.94,1.18,9.16,3.75,8.93,9.08,3.53,7.14,5.3,8,5.1,5.36,6.31,2.68,3.33,5.77,1.23,8.68,4.42,8.83,7.72,4.22,5.04,8.79,9.62,9.51,3.78,6.11,7.2,7.54,0.49,6.56,6.93,3.74,1.28,1.46,0.38,1.59,9.26,8.7,1.43,2.56,0.97,2.96,4.74,6.12,9.91,7.35,3.6,6.6,2.23,1.16,4.66,7.77,2.82,9.42,7.09,6.65,0.71,6.46,8.48,3.75,5.87,5.28,2.22,1.48,8.04,5.26,5.27,3.83,3.14,1.13,7.4,2.92,7.13,4.77,9,9.74,7.85,9.91,9.56,9.03,3,6.13,9.72,-1,3.06,9.09,8.43,1.25,4.74,2.4,5.68,5.36,0.85,3.9,3.77,1.95,6.48,6.14
6.21,7.55,2.75,7.02,0.74,3.86,0,7.45,5.23,3.62,3.45,1.67,7.85,1.01,1.21,8.1,1.4,0.65,1.99,7.36,8.03,5.78,9.5,1.9,8.35,3.22,6.89,0.17,1.51,0.9,4.49,2.01,4.53,1.28,6.32,0.4,7.38,0.77,4.51,7.35,6.43,8.74,2.42,2.36,9.59,8.83,1.71,9.63,3.26,1.61,8.54,9.12,9.14,1.61,1.95,2.04,5.1,1.53,1.51,3.59,5.15,7.72,9.79,9.41,7.86,8.5,8.23,1.45,5.43,4.66,3.55,8.52,4.79,1.83,2,4.89,6.37,8.15,9.87,8.3,8.58,5.73,8.89,7.18,9.27,3.58,-1,5.68,0.67,7.12,6.54,2.52,3.73,7.89,4.79,3.84,9.94,4.55,9.99,0.67
2.02,9.27,8.92,0.05,7.47,6.52,9.21,7.47,4.17,0.97,1.26,6.87,6.38,5.51,3.17,0.05,5.42,2.87,1.6,2.27,5.52,4.94,6.01,9.49,3.27,2.15,3.49,3.7,7.9,9.04,1.33,0.3,5.22,5.02,3.27,4.48,5.17,8.07,0.66,7.1,5.4,6.84,8.28,9.62,6.39,1.74,9.26,4.36,9.92,1.06,7.09,0.01,4.78,4.43,4.95,3.12,1.1,5.9,1.22,8.48,6.72,0.8,1.02,9.63,1.11,2.81,2.18,7.9,1.58,3.88,5.41,5.1,3.31,1.28,5.67,2.88,8.17,4.32,2.17,5.16,7.87,3.87,0.22,8.17,2.16,7.7,0.87,-1,9.81,0.42,7.44,6.39,0.47,0.5,4.52,2.18,8.11,5.13,5.41,6.86
1.06,1.9,1.83,2.42,4.02,0.88,9.23,8.44,3.71,9.38,4.66,7.68,9.82,8.49,7.43,7.76,2.2,4.94,6.85,7.73,5.04,2.71,4.17,6.36,3.32,3.08,7.83,2.72,9.37,0.23,2.15,2.68,4.28,5.27,1.59,7.25,0.19,2.6,6.44,2.47,6.54,0.37,4.6,9.6,3.88,1.35,0.32,9.48,0.81,4.13,4.21,6.08,5.99,1.63,2.87,9.53,1.71,7.26,8.89,9.5,9.32,7.54,3.32,7.98,3.29,4.34,1.92,2.7,2.81,8.68,9.84,2.82,4.48,9.98,8.92,5.2,0.15,7.63,0.62,3.47,6.79,8.31,0.6,6.68,8.2,5.06,9.75,4.56,-1,6.73,1.65,5.84,8.64,7.57,9.49,5.89,0.06,9.88,0.78,1.95
9.72,2.77,4.47,1.16,3.79,5.86,6.87,4.96,0.3,7.56,7.35,6.68,2.34,9.13,4.68,5.68,3.85,4.25,0.15,9.64,2.41,0.67,6.75,9.28,6.4,0.56,1.17,8.29,5.33,3.07,3.45,6.19,1.12,2.7,5.61,6.61,5.64,9.01,2.25,5.65,6.79,6.53,8.6,8.3,5.33,7.33,7.01,1.74,5.78,2.8,5.97,7.69,8.65,9.12,8.37,6.32,3.54,7.68,4.06,4.51,5.62,0.83,9.86,0.31,5.44,7.34,2.64,0.49,3.43,3.71,0.5,0.6,0.54,8.91,4.02,8.24,8.91,3.04,5.88,3.23,1.41,6.39,5.87,5.53,0.99,4.12,4.78,6.51,6.99,-1,3.81,4.99,2.65,8.16,4.36,8.58,2.76,1.27,3.23,2.66
6.51,4.96,9.08,9.47,6.68,9.62,5.82,3.53,5.18,7.34,5.89,0.55,9.76,2.89,6.37,8.68,7.87,1.01,3.45,8.18,2.21,2.85,5.11,5.16,1.15,7.46,2.66,6.55,6.89,3.95,6.88,9.22,5.93,6.1,6.24,3.04,6.11,8.31,6.14,5.34,3.26,9.3,0.51,0.16,4.67,3.93,3.1,3.58,9.9,9.02,5.61,5.4,4.76,8.82,9.76,5.23,6.21,8.87,9.77,5.8,7.97,3.14,0.55,6.12,3,3.91,1.9,3.08,2.79,0.15,4.58,2.3,9.66,3.64,1.44,4.22,9.43,0.16,7.05,0,1.54,3.76,2.07,8.27,7.66,7.05,8.14,7.72,4.64,5.17,-1,2.14,7.04,5.99,0.08,1.93,1.56,9.38,7.29,5.41
6.54,7.3,2.85,8.45,4.32,7.06,8.68,6.35,3.04,2.42,5.07,0.99,1.72,8.06,8.58,5.06,8.69,9.48,6.13,9.89,8.36,3.75,4.68,5.24,1.41,3.28,9.82,2.59,7.47,2.3,8.98,7.57,2.41,9.33,0.29,6.66,1.98,4.94,8.93,0.51,5.06,4.69,0.39,7.4,3.79,5.17,3.08,6.78,2.23,9.07,0.73,2.05,3.83,7.22,8.04,4.16,2.4,6.08,7.81,2.1,1.24,4.21,2.11,4.39,9.82,2.77,6.38,2.64,6.48,7.41,2.42,6.58,5.13,4.96,0.51,2.05,8.27,9.3,4.87,4.27,6.56,2.48,7.6,5.76,7.7,7.94,7.69,2.3,4.9,3.3,9.61,-1,8.59,4.44,2.81,8.09,3.63,2.19,3.69,0.77
6.94,6.11,0.7,7.85,9.18,9.64,3.28,5.67,5.09,0.83,4.81,7.78,3.34,7.49,7.83,3.66,2.67,2.81,5.29,2.41,2.59,2.65,8.7,6.35,3.58,9.68,9.79,4.01,8.06,5.63,1.02,1.17,9.24,8.88,5,3.26,0.33,5.99,2.95,2.78,6.87,2.99,5.96,9.12,9.96,3.36,5.93,7.38,0.53,0.67,0.2,2.27,2.51,6.64,4.55,9.82,9.18,5.37,2.96,6.5,5.14,6.39,1.97,0.58,5.17,0.19,9.46,6.27,3.67,4.6,8.33,8.77,8.93,4.76,8.91,1.34,5.42,4.12,4.81,8.04,4.48,7.84,0.4,5.23,1.93,2.11,2.62,9.12,6.99,6.23,6.87,4.04,-1,7.67,9.72,0.77,3.04,3.2,7.74,2.94
5.99,1.49,4.81,1.2,0.16,2.93,8.41,4.99,1.05,1.28,6.97,2.65,9.83,2.83,9.1,0.35,2.02,6.24,2.65,6.87,5.89,6.51,8.55,6.62,4.87,6.54,5.92,2.55,6.65,5.98,0.5,9.18,4.05,6.42,4.52,5,4.31,7.9,7.24,6.9,8.18,5.08,6.73,0.01,4.23,9.06,1.32,6.56,1.02,4.39,0.04,0.89,3.45,6.28,3.04,5.07,9.47,5.14,5.17,9.19,6.7,1.71,6.94,6.43,0.12,9.02,5.17,9.35,6.5,0.35,1.32,7.59,7.76,2.09,7.06,3.96,1.85,8.52,7.57,6.51,3.25,1.35,8.18,4.24,5.8,5.92,3.17,7.04,9.71,9.3,2.06,4.69,8.89,-1,8.66,0.41,7.8,6.33,4.69,5.75
9.54,2.88,0.63,7.42,7.5,9.99,5.48,4.41,5.68,1.33,5.4,1.46,2.76,0.66,6.85,5.59,3.23,8.65,8.56,0.55,3.77,1.62,9.11,4.45,6.55,7.57,1.46,2.5,4.07,4.37,5.65,0.97,3.2,6.51,8.32,9.65,4.01,3.36,9.16,3.56,4.95,5.2,9.3,6.49,0.96,9.56,1.4,3.23,0.19,0.83,2.74,9.71,3.34,2.76,2.41,2.36,3.72,0.9,0.49,3.04,2.92,9.32,9.67,0.71,8.95,6.24,5.74,4.44,9.78,3.88,7.35,5.13,9.46,2.61,4.59,9.89,8.06,4.04,8.1,9.87,4.26,0.5,8.29,8.02,2.45,3.99,2.04,6.81,9.76,4.33,0.6,1.51,2.84,7.8,-1,7.1,3.22,9.43,1.48,0.29
2.7,2.58,0.8,8.98,3.62,3.82,1.2,8.63,1.2,2.96,5.53,8.8,0.54,4.77,6.27,3.62,2.22,3.1,4.8,7.64,1.38,7.4,6.3,9.59,3.64,2.72,7.47,4.63,7.14,2.96,9.44,2.78,5.58,8.63,1.48,0.71,7.19,2.12,1.17,8.5,7.63,0.58,9.66,2.45,6.7,5.71,3.1,1.1,2.81,0.07,3.48,4.99,1.99,0.8,4.53,0.34,4.48,4.41,1.82,0.31,9.9,0.03,3.47,2.86,6.81,6.82,3.59,7.84,5.21,3.37,7.85,6.29,9.27,3.49,7.88,2.67,3.57,7.19,4.65,2.28,0.16,8.8,6.17,1.29,4.97,8.22,8.44,3.61,4.64,6.87,7.64,3.35,4.03,6.66,4.12,-1,0.25,4.83,8.5,9.1
5.35,4.16,6.88,6.3,8.71,7.62,0.9,4.75,9.22,5.02,3.86,0.97,7.07,0.98,8.85,5.51,5.91,1.81,8.69,6.63,0.29,0.06,0.61,1.79,7.63,1.82,2.02,1.42,5.43,5.51,7.8,1.18,3.32,7.59,7.33,1.25,6.98,5.98,9.47,6.67,3.18,5.8,2.56,4.04,1.22,2.97,4.78,6.1,2.26,5.47,8.85,2.68,7.6,4.21,0.79,8.49,9.69,5.86,8.98,0.97,0.85,9.96,9.48,2.72,4.31,8.07,5.25,9.88,0.89,8.31,5.31,8.57,7.43,7.97,4.22,0.93,1.07,9.42,9.14,6,1.96,9.39,0.97,7.83,7.7,1.36,7.3,2.27,8.6,8.8,3.84,4.57,8.01,6.58,0.06,2.75,-1,9.77,6.37,2.44
2.39,4.52,7.68,6.91,9.65,0.91,1.39,2.02,7.39,0.44,6.8,9.51,4.04,6.26,0.68,8.64,7.84,3.17,5.45,3.43,2.75,8.69,5.09,0.05,1.57,6.24,7.64,5,5.13,0.88,4.71,6.03,2.9,9.48,6.19,2.68,3.39,3.23,0.69,3.72,2.78,1.14,5.35,5.94,2.69,6.28,5.35,1.27,3.68,5.09,5.41,7.96,4.38,3.3,8.29,7.39,3.88,5.41,6.98,7.23,7.05,1.15,2.6,4.32,5.77,3.16,2.68,7.73,5.06,8.88,9.39,9.94,4.63,5.84,3.05,8.95,9.83,8.07,4.96,4.17,0.8,7.3,1.64,8.2,0.29,6.75,7.93,4.77,2.67,8.61,3.35,3.94,5.04,2.78,5,7.47,3.36,-1,2.39,2.28
1.61,9.27,4.65,1.22,3.6,1.16,0.47,0.5,4.58,0.8,4.12,8.7,8.86,1.92,9.51,3.36,3.76,7.46,5.91,3.89,7.59,9.13,1.88,3.3,1.94,7.06,0.71,6.84,8.82,6.07,4.39,1.89,1.35,7.43,4.87,7.27,2.27,0.9,0.15,8.12,9.14,7.32,1.36,0.14,2.6,1.79,7.53,0.64,5.04,0.18,3.47,8.98,6.41,4.11,2.44,9.8,6.79,7.64,5.68,6.76,0.47,7.7,7.36,3.78,8.45,9.22,3.34,3.66,4.03,4.61,4.08,4.55,0.38,2.92,2.33,1.2,4.84,0.8,3.22,3.64,2.24,9.54,0.99,6.54,7.33,2.28,8.25,8.5,0.68,1.03,6.31,3.47,0.78,2.08,4.67,3.49,8.31,5.44,-1,5.58
9.24,8.07,2.63,1.01,7.09,7.33,0.54,4.95,5.41,6.24,0.66,5.85,0.52,1.25,5.53,6.92,2.77,8.87,3.47,8.6,1.42,3.51,4.14,7.36,0.42,5.41,4.04,6.29,7.51,6.09,8.17,3,8.65,7.74,1.3,3.45,4.49,2,0.93,6.69,9.04,8.64,4.87,1.77,7.06,3.33,1.01,9.35,4.27,2.76,6.39,7.13,1.45,0.55,8.25,2.03,0.24,7.5,6.58,4.99,5.86,7.37,6.03,0.51,8.54,8.46,0.21,5.32,5.78,6.04,2.8,2.14,2.69,2.86,7.94,1.46,0.29,5.42,9.74,7.52,8.57,9.27,3.23,8.96,3.47,8.55,2.71,6.74,4.64,2.99,3.83,6.53,1.44,5.14,8.14,8.99,3.19,0.96,7.61,-1
