-1,49.91,17.99,91.25,3.63,4.59,1.7,5.92,34.11,91.73,38.6,23.67,82.99,1.89,57.13,15.01,46.37,9.3,69.17,5.64,18.09,99.11,95.96,52.58,73.99,56.91,41.03,54.44,86.39,91.65,38.65,23.27,22.46,54.22,9.79,92.82,71.42,10.8,16.89,60.28,23.27,17.42,56.97,24.9,59.6,45.22,96.79,24.19,36.72,67.08,20.91,16.29,79.39,42.64,85.66,18.93,62.88,58.55,23.89,45.3,14.43,96.97,16.21,94.6,49.88,28.34,49.83,85.77,10.49,4.4,27.77,3.89,13.7,77.69,20.77,39.01,68.2,41.61,10.47,47.98,11.8,95.78,6.79,97.18,36.62,10.78,38.59,82.95,29.43,65.46,72.8,92.94,22.84,78.71,18.68,29.11,65.38,77.32,14.23,50.11
25.86,-1,96.28,65.27,46.53,81.29,53.82,3.15,60.98,5.42,73.96,14.6,39.14,6.87,61.08,62.47,11.17,81.48,12.01,49.21,22.53,60.95,64.3,62.02,40.45,78.32,57.83,44.58,30.98,94.37,85.46,81.39,8.04,25.19,34.61,9.86,32.23,19.08,73.54,20.13,64.27,6.95,62.79,34.45,28.79,70.43,21.84,57.7,86.54,93.33,17.84,55.58,94.52,62.5,58.02,85.04,58.38,26.43,6.73,57.31,36.05,64.91,52.31,69.81,79.1,78.29,77.26,71.75,80.84,41.61,74.18,6.34,8.58,43.68,9.61,98.7,81.37,42.98,4.76,16.77,8.81,25.77,59.71,68.67,15.17,84.25,97.45,76.67,48.35,82.73,37.14,47.62,6.12,64.96,93.95,72.19,77.98,15.61,29.79,91.94
43.65,59.12,-1,8.2,62.99,67.18,93.9,41.85,55.92,15.58,89.1,56.79,90.96,53.88,68.76,67.81,66.2,11.69,1.75,3.61,2.1,7,28.4,4.48,41.38,4.05,49.97,14.85,40.2,78.11,85.4,90.51,0.6,74.79,84.81,66.61,77.94,49.17,85.69,6.94,28.5,3,87.22,72.13,38.65,92.02,63.59,83.06,98.62,39.06,8,71.05,35.23,28.92,20.14,50.27,86.87,79.91,7.78,74.19,93.73,15.34,29.51,63.9,29.77,11.94,4.06,84.08,64.69,68.07,64.67,10.05,16.65,62.24,55.43,34.88,56.13,82.77,61.39,27.08,45.96,26.03,1.85,81.63,84.84,68.11,45.23,30.11,39.14,7.15,44.81,9.36,16.16,58.23,35.95,42.62,53.7,73.24,12.38,72.29
48.08,40.91,24.34,-1,42.08,92.83,95.56,48.67,8.3,84.25,74.41,69.37,42.14,18.75,1.05,34.2,30.08,29.75,5.48,50.91,78.14,84.89,25.4,63.12,87.17,19.3,58.98,48.85,33.15,21.62,90.16,11.07,59.46,12.74,22.28,66.64,2.19,88,9.23,37.7,57.66,43.53,64.68,90.28,75.56,21.59,26.08,19.11,57.48,83.15,47.04,54.32,89.9,79.16,85.24,58.81,19.19,25.35,26.14,81.77,13.85,49.03,61.9,75.44,65.92,92.1,47.65,34.78,41.47,4.01,60.08,67.36,32.9,21.38,86.6,4.13,59.07,13.98,15.03,19.69,47.6,36.36,13.25,95.22,97.91,6.56,70.55,82.02,29.84,67.21,12.36,42.68,7.18,94.82,17.51,4.7,12.01,87.09,28.25,40.48
64.27,86.75,38.79,89.79,-1,61.13,66.46,9.9,14.04,92.88,88.47,57,9.57,82.56,16.25,42.35,22.29,62.65,61,72.34,17.06,62.37,57.13,71.04,11.3,72.73,36.35,43.34,32.76,28.18,48.42,70.43,22.02,16.98,67.05,52.6,7.72,25.91,80.59,85.81,97.96,69.04,92.53,41.52,98.58,43.48,45.6,63.72,87.53,14.51,44.05,29.69,60.83,31.1,38.57,94.55,35.29,33.62,23.44,10.49,86.46,26.81,1.99,34.01,39.85,13.62,44.39,66.93,70.67,72.7,49.37,35.14,62.55,87.67,88.49,90.64,74.08,47.93,2.95,99.63,79.52,23.17,87.29,69.21,27.07,35.91,80.84,70.12,27.93,50.66,12.34,62.93,92.78,3.88,30.23,11.69,25.4,15.75,13.19,88.39
77.58,66.61,17.66,93.29,44.68,-1,23.84,57.9,47.98,78.48,15.87,23.31,16.8,46.55,99.86,9.45,2.41,14.63,90.49,27.15,25.5,26.77,16.25,47.44,49.6,90.14,99.29,15.77,37.94,72.12,67.98,40.94,5.08,17.57,32.56,6.85,48.64,18.27,37.15,53.26,72.13,46.11,62.04,63.75,70.77,73.52,81.44,33.44,7.66,58.12,75.49,21.77,50.75,78.7,89.52,59.87,79.89,75.91,36.66,63.61,55.91,54.52,63.89,89.11,74.79,26.46,41.53,41.59,8.45,79.24,34.28,45.7,96.1,74.55,81.29,14.13,10.12,87.18,42.27,83.05,31.16,62.1,24.67,69.63,75.68,95.86,90.06,65.2,33.68,95.68,78.34,74.05,0.85,22.63,92.02,83.82,24.48,19.07,9.17,3.23
7.55,92.88,4.93,66.84,26.12,54.62,-1,66.47,35.33,84.85,20.83,89.84,96.02,92.01,2.5,60.62,42.07,6.22,79.61,54.49,1.02,78.39,64.96,98.3,79.27,94.01,71.04,21.22,69.02,97.05,14.46,51.54,15.84,36.71,46.12,10.92,93.71,39.66,51.73,65.25,92.11,53.14,1.7,70.3,77.99,27.27,42.29,65.11,28.99,77.08,36.82,99.79,80.88,72.08,8.18,31.97,0.98,49.79,99.6,82.97,60.47,46.55,19.81,32.57,48.57,77.46,30.16,0.39,91.33,18.22,19.27,77.16,45.03,61.05,86.1,71.13,70.46,26.37,3.97,59.31,42.41,80.67,73.87,2.89,66.86,46.92,65.59,60.34,44.48,81.13,16.8,48.42,13.12,3.67,79.68,16.76,65.33,46.12,59.51,96.85
39.86,71.35,4.96,49.24,28.77,66.12,59.48,-1,42.83,42.53,26.08,52.79,65.07,7.12,16.33,32.06,48.23,11.76,88.23,1.5,32.54,89.52,62.2,89.57,57.7,97.32,24.59,83.32,38.83,0.78,92.19,46.39,57.34,5.82,50.88,14.72,89.64,5.28,21.13,43.53,78.53,88.7,26.83,85.02,6.89,72.29,49.75,14.56,78.48,93.25,60.38,75.93,29.44,83.1,53.52,98.42,51.59,28.19,48.02,76.95,15.77,56.67,73.07,22.33,10.25,87.73,96.52,89.79,9.3,3.23,78.63,14.02,98.12,21.28,68.51,73.76,45.8,97.89,44.61,91.48,68.22,62.25,49.52,32.41,48.12,23.12,46.39,6.01,93.69,57.44,74.22,23.32,24.94,15.67,17.84,41.71,38.52,31.83,47.92,59.61
6.62,94.61,37.61,70.22,77.25,90.73,84.43,67.66,-1,1.84,4.54,57.81,66.35,55.92,39.58,86.21,34.49,80.51,97.7,28.56,30.29,60.33,92.91,78.39,41.72,62.08,57.33,32.7,90.22,98.21,95.15,77.15,77.85,91.88,56.83,42.94,27.46,64.65,75.41,54.44,3.59,90.92,10.73,56.4,83.86,96.21,79.66,68.7,70.9,20.43,9.37,95.06,37.83,94.12,5.83,51.18,19.28,30.99,19.01,73.56,56.37,26.11,59.94,62.75,26.42,44.27,22.75,52.86,35.73,73.8,85.04,9.52,65.22,99.33,31.79,9.96,93.59,35.28,94.31,14.54,43.43,26.84,86.87,61.37,7.96,96.01,13.18,69.3,68.32,56.3,6.8,39.7,17.6,91,95.63,48.46,93.76,90.78,55.89,88.34
61.94,25.25,51.3,41.81,23.14,90.6,90.65,43.9,85.65,-1,10.21,95.64,21.85,42.72,45.13,90.44,13.66,47.28,68.01,8.67,37.57,11.03,62.89,32.84,38.48,34.35,79.58,22.65,20.83,64.9,74.28,0.83,70.02,7.09,26.87,7.65,63.13,20.39,33.61,10.21,72.33,57.21,96.99,40.56,67.13,12.38,3.23,80.39,27.62,39.98,62.61,33.09,25.97,4.15,63.99,80.44,14.91,46.97,35.75,92.65,55.53,62.2,40.52,97.01,65.78,46.68,37.9,2.59,61.13,74.18,51.95,30.3,66.44,84.41,61.24,27.6,32.33,5.72,28.16,27.28,70.09,19.2,44.19,34.55,57.96,78.4,76.32,30.15,86.86,45.72,35.88,3.42,83.5,43.7,44.53,88.27,12.16,90.57,89.63,97.49
24.83,50.63,5.2,18.5,38.47,26.35,9.74,84.5,56.34,16.96,-1,93.64,19.98,15.19,23.46,42.88,31.39,30.93,54.28,22.17,94.4,16.71,15.54,67.26,82.42,41.2,15.17,29.1,85.69,48.49,97.69,3.73,18.5,92.61,67.76,62.44,78.65,42.74,64.47,91.84,17.69,22.5,36.39,6.38,84.14,56.66,39.77,55.43,7.53,13.87,23.67,4.29,99.49,88.32,74.52,4.04,81.6,58.84,91.92,3,4.1,92.91,0.2,44.48,81.88,16.64,74.72,61.81,57.14,52.21,38.87,71.29,35.51,67.91,1.92,58.16,83.86,55.27,27.81,36.05,30.36,97.92,70.07,82.78,24.37,96.4,39.41,62.02,59.57,23.98,21.76,57.01,22.65,45.92,7.79,53.65,0.16,49.08,98.71,33.22
68.34,79.43,1.3,32.98,78.86,4.38,67.71,16.22,5.2,25.96,14.57,-1,1.39,84.33,24.02,12.69,1.75,51.11,63.72,1.59,24.3,19.35,35.54,66.36,61.52,30.45,17.42,39.62,60.72,93.33,36.16,22.43,84,63.84,63.24,78.71,89.11,98.84,2.63,53.2,55.75,63.27,63.31,20.78,83.52,75.56,73.11,77.93,68.17,44.03,34.14,35.76,95.28,48.24,97.49,95.1,8,53.63,35.11,40.22,98.75,46.88,97.58,71.35,95.55,33.41,27.16,65.93,12.06,4.68,87.55,89.38,0.49,84.18,97.73,51.68,85.13,44.14,97.21,85.47,16.49,87.92,35.53,54.6,56.91,3.45,25.82,95.53,29.73,0.03,37.19,49.42,74.16,45.46,98.21,27.96,31.63,99.91,62.25,67.19
46.47,87.63,16.54,24.25,67.9,35.79,79.6,84.46,94.51,34,24.89,47.18,-1,52.31,12.3,72.31,25.73,76.02,76.03,57.77,50.99,82.74,26.71,95.84,27.81,41.05,60.8,15.04,71.86,58.23,72.86,46.48,25.56,61.24,6.54,76.28,11.32,38.02,8.93,72.05,48.93,46.54,80.32,70.41,59.7,33.44,27.47,31.04,56.66,7.4,41.02,45.01,65.62,29.57,59.74,56.92,89.18,80.86,47,86.49,94.06,6.08,32.56,99.06,66.82,42.38,29.08,74.71,44.33,19.85,63.87,98.29,60.21,2.91,23.84,19.19,49.44,78.53,37.51,10.08,40.13,95.72,58.34,20.65,12.22,92.8,82.82,34.99,30.17,15.37,40.6,63.44,89.97,16.27,41.4,95.7,21.56,48.05,76.92,52.52
94.68,67.29,95.66,76.5,39.74,45.72,40.67,10.51,60.81,29.08,88.93,80.48,26.51,-1,21.84,50.65,88.67,55.76,71.2,33.52,36.4,31.7,87.06,2.42,94.78,16.9,73.7,97.38,36.52,39.19,9.34,72.45,13.78,73.56,10.99,2.57,15.07,94.23,80.72,85.06,95.09,12.87,81.41,54.14,21.11,67.68,80.98,13.21,83.64,63.48,86.25,88.35,1.48,39.74,78.52,39.64,3.51,16.8,3.93,1.42,11.99,8.5,99.87,26.94,63.26,56.31,35.7,80.02,83.52,90.43,49.33,91.81,57.77,65.1,31.48,41.53,62.94,76.69,59.52,58.59,37.37,18.59,81.17,99.55,76.98,55.52,74.81,1.87,89.98,70.12,43.71,22.75,15.73,86.05,24.17,29.83,86.38,66,12.23,72.12
36.1,80.53,33.72,16.94,95.31,27.35,27.54,49.38,42.54,57.09,24.58,9.43,66.71,4.64,-1,59.24,34.54,59.02,98.06,53.53,51.88,53.81,3.03,95.25,36.76,50.09,59.41,21.59,59.49,2.63,63.25,76.98,16.42,89.13,28.83,52.48,82.42,46,70.77,6.11,21.6,74.33,88.89,1.74,79.61,27.14,67.08,97.49,13.89,4.89,60.5,32.62,2.09,8.43,73.93,71.85,42.83,19.25,13.26,20.85,71.68,29,33.33,37.55,21.37,86.57,49.15,55.06,13.82,96.21,8.33,98.84,42.07,53.95,9.19,14.43,96.83,23.45,91.8,42.81,17.84,40.92,8.19,21.74,90,50.42,38.38,33.19,81.13,95.47,33.54,94.06,6.03,2.79,85.41,11.74,95.39,85.52,64.22,18.29
70.98,94.13,23.08,26.94,96.15,66.93,53.72,16.87,6.87,52.02,58.63,8.08,41.27,29.93,32.26,-1,65.32,79.52,13.25,26.74,1.12,68.34,52.5,84.14,32.81,28.36,92.67,1.01,12.29,48.52,64.48,51.43,70.9,89.99,58.82,40.83,95.67,53.81,5.43,94.46,64.24,93.83,78.36,25.89,4.75,44.87,78.5,70.98,28.85,65.38,7.29,55.72,6.03,47.22,63.41,14.47,28.76,62.46,80.1,93.99,52.64,47.58,93.76,35.04,51.97,3.37,30.08,91.29,40.81,47.6,42.59,17.06,1.34,37.29,14.34,37.24,50.86,97.23,10.84,57.03,28.22,68.18,96.16,18.19,45.01,3.56,81.26,33.93,24.01,31.62,50.75,97.55,46.64,28.27,41,0.31,73.1,25.93,50.11,13.48
63.64,79.67,42.15,52.42,11.3,96.64,82.18,82.3,21.27,46.41,41.79,35.63,96.12,19.41,50.75,71.63,-1,12.65,55.08,96.36,96.99,15.63,76,66.21,69.37,13.77,67.45,30.71,40.17,21.78,25.63,92.26,85.3,84.43,31.8,79.85,66.9,26.09,66.64,43.82,5.93,35.88,38.98,50.87,31.18,72.29,15.51,32.49,35.87,7.77,81.04,79.71,55.88,49.09,89.07,45.18,31.21,41.65,7.2,31.56,36.51,74.72,74.94,13.03,9.89,97.33,82.24,68,44.24,4.63,65.95,61.19,62.7,36.51,33.49,84.82,26.31,36.99,49.36,62.81,21.58,33.77,52.05,22.85,68.24,4.33,12.77,51.83,36.12,63.39,1.68,87.51,86.16,9.06,69.23,67.12,73.03,32.72,14.18,61.67
6.84,15.66,85.8,6.99,52.22,82.03,17.72,12.63,3.76,40.47,85.58,87.71,17.12,89.37,90.84,53.29,17.54,-1,50.44,13.27,32.7,72.12,6.19,76.49,42.15,75.75,10.04,12.14,18.62,35.14,2.94,83.69,47.74,74.29,85.62,52.23,89.87,80.57,42.06,50.49,73.13,50.46,31.58,4.22,49,18.83,4.53,59.41,64.53,33.86,44.18,64.67,30.99,12.83,86.7,58.25,39.73,31.72,19.34,48.25,53.58,1.81,40.15,52.81,41.14,54.28,7.97,28.56,23.68,8.34,23.59,42.57,15.74,1.71,4.72,73.76,54.7,88.57,34.77,21.36,45.72,52.03,68.48,62.55,37.63,80.42,49.18,47.15,69.58,35.81,94.1,25.07,30.54,14.17,28.78,79.03,82.73,47.85,2.94,35.22
16.53,6.96,76.12,39.75,99.57,60.29,22.71,78.03,78.32,58.37,66.56,85.11,66.03,4.86,64.15,81.54,64.48,98.65,-1,58.22,49.27,34.64,44.92,68.7,0.05,53.14,47.3,34.53,24.6,28.89,50.34,87.69,21,57.22,99.53,87.68,84.76,51.06,9.3,1.02,4.55,14.74,25.19,57.5,4.74,71.78,22.76,66.28,3.29,59.48,29.57,26.33,11.46,2.82,96.17,28.04,78.61,95.18,12.28,81.56,68.38,23.1,60.45,1.43,66.79,56.05,83.95,35.25,24.54,97.59,45.98,10.75,70.16,85.87,42.44,8.13,91.2,77.94,98.14,18.61,98.85,68.41,80.68,83.6,7.02,83.61,41.41,86.08,12.79,97.36,57.83,89.61,52.3,69.87,7.28,31.31,61.54,81.92,54.76,41.06
1.95,10.44,13.77,9.14,18.9,12.55,34.69,67.09,60.65,40.55,88.92,4.62,56.06,23.93,18.86,84.36,31.08,0.45,42.05,-1,32.21,4.77,81.08,14.28,93.14,14.59,49.43,65.44,87.68,88.65,32.53,50.96,45.89,27.75,73.83,56.8,95.56,2.66,39.83,10.64,75.74,2.72,44.03,40.76,12.51,83.21,35.23,52.93,94.45,60.22,55.83,13.49,1.5,37.41,26.08,97.12,92.17,60.66,68.03,65.48,41.67,92.65,69.39,17.77,29.06,77.11,18.71,49.43,35.45,80.14,94.13,53.17,87.02,3.24,15.55,99.99,39.76,33.61,34.49,63.87,18.47,81.16,1.92,45.76,50.1,4.54,6.2,37.81,32.99,86.81,1.23,44.98,47.18,40.74,43.44,11.38,21.67,93.02,74.86,29.69
37.64,65.8,57.91,64.51,61.81,28.87,65.7,75.56,92.08,13.27,66.51,70.29,69.29,65.43,67.99,63.55,83.69,71.09,27.08,84.65,-1,30.61,93.24,53.99,87.08,33.27,99.51,60.71,38.54,26.04,98.06,74.85,67.02,67.41,97.46,58.15,74.83,39.88,55.48,24.25,38.26,74.3,98.9,82.34,57.44,53.15,73.96,10.45,82.8,89.14,56.57,69.73,22.76,8.9,9.18,10.68,46.68,7.25,26.05,32.19,24.67,92.11,82.32,89.38,80.69,90.19,66.61,57.72,93.98,67.34,29.09,53.98,79.83,5.54,76.97,51.56,82.47,7.17,99.63,79.14,98.36,77.38,85.93,46.77,32.32,51.76,79.3,61.61,69.48,28.94,35.72,77.99,47.88,91.22,33.87,20.05,66.99,14.26,10.15,85.11
33.52,84.49,19.03,53.46,83.88,23.76,24.65,96.06,45.17,8.09,91.01,55.8,16.34,49.12,37.4,13.49,19.73,8.38,4.56,77.77,20.46,-1,4.83,99.45,25.14,63.7,21.95,10.51,69.33,3.25,22.4,11.91,5.29,77.59,20.81,15.45,45.38,34.38,70.6,13.64,45.15,0.27,70,73.67,91.14,8.03,88.76,83.32,38.48,62.62,60.31,36.35,84.16,99.15,80.75,54.12,46.48,79.77,64.5,97.06,44.2,64.82,34.35,21.59,67.66,29.85,50.66,75.47,38.66,74.36,23.24,3.43,5.76,36.7,60.48,41.22,13.97,67.51,12.2,86.53,16.63,62.83,61.46,23.74,48.82,80.96,10.78,11.8,63.78,67.71,74.73,38.48,14.36,36.7,90.63,43.79,89.57,42.15,49.97,78.72
66.3,72.42,27.56,37.48,2.4,82.8,83.43,54.74,27.77,78.23,92.67,51.23,53.22,50.68,3.82,88.5,58.66,15.63,7.69,98.63,83.2,36.12,-1,95.88,40.36,6.26,47.74,8.59,5.43,53.36,92.93,2.85,12.94,59.15,69.04,43.6,48.75,30.83,73.26,30.79,94.71,43.25,32.61,86.98,50.13,9.24,95.15,69.34,81.03,82.32,80.91,75.43,39.65,46.17,17.9,95.2,11.39,87.16,85.19,83.87,63.6,17.32,11.4,22.29,72.68,4.57,88.59,73.5,26.61,84.7,78.56,66.42,18.57,40.6,46.51,22.93,6.14,91.28,47.71,19.98,90.4,39.88,7.39,96.09,15.67,84.04,23.44,81.74,73.14,19.31,31.16,45.26,69.48,88.2,50.74,29.79,93.44,30.28,13.81,34.16
12.51,54.46,89.95,10.51,83.79,56.3,50.98,37.48,70.61,98.08,39.88,86.41,77.54,84.2,2.46,48.01,4.89,60.07,31.76,20.16,17.54,45.63,22.64,-1,8.62,91.77,22.83,58.63,29.09,55.05,23.28,31.46,92.1,50.22,68.73,21.66,19.86,56.1,81.36,60.17,99.62,61.3,48.63,84.5,9.96,9.23,48.28,75.13,94.67,66.98,14.38,66.48,31.37,91.18,32.05,89.66,92.24,62.64,22.99,65.92,82.94,60.87,31.15,49.42,65.88,49.28,84.79,92.27,54.87,26.91,95.61,60.58,46.65,2.45,39.53,40.81,6.08,83.62,85.04,5.02,1.09,60.61,13.58,54.88,75.71,71.63,32.3,13.5,41.37,2.44,62.63,68.39,44.13,84.51,2.47,0.39,54.57,22.78,60.8,50.55
91.9,7.51,21.48,16.93,23.36,80.3,28.58,1.31,82.12,92.53,1.09,72.41,67.11,62.28,12.81,57.93,32.79,33.21,36.22,46.71,67.13,96.58,30.5,49.5,-1,1.61,52.82,3.53,8.31,53.46,63.3,24.86,57.09,31.01,4.6,21.81,33.06,55.12,80.09,72.81,51.88,36.86,92.38,27.33,35.86,80.25,73.31,0.01,66.1,95.36,87.52,25.79,4.34,92.7,11.93,84.5,75.54,1.38,65.57,39.94,77.96,6.44,50.26,93.55,67.31,76.16,41.9,24.63,15.96,95.98,1.03,82.98,5.74,98.17,87.62,36.98,26.51,29.52,9.56,32.72,21.4,63.14,20.2,23.96,30.65,25.16,82.56,14.86,86.97,27.98,41.37,78.04,71.49,35.5,0.1,59.65,90.3,33.95,42.29,4.23
6.32,22.55,26.46,96.75,58.63,36.21,93.51,57.03,19.82,91.44,4.61,7.77,0.55,30.19,84.16,29.61,18.74,34.11,90.58,2.16,33.32,88.94,10.59,96.8,56.05,-1,78.99,61.75,21.68,92.73,17.19,26.33,62.95,13.12,66.82,20.8,97.22,68.76,92.47,52.4,4.87,41.3,93.36,41.77,14.13,4.15,68.95,65.2,11.63,5.88,2.05,75.28,85.91,86.42,23.86,22.09,73.64,48.05,43.56,45.37,9.75,53.88,4.1,23.36,88.32,65.79,40.1,8.47,39.66,89.67,74.42,35.26,4.06,10.65,23.84,94.25,53.07,69.24,71.5,71.46,2.06,1.82,73.06,38.19,10.65,87.28,17.21,37.6,32.98,73.95,5.89,65.58,43.38,6.92,79.56,49.62,46.41,73.55,39.51,47.48
87.12,96.39,10.55,60.7,93.97,61.25,56.78,97.17,51.65,18.76,6.46,43.83,32.71,9.67,12.9,16.59,71.53,31.42,60.9,29.45,74.53,29.07,95.14,43.16,16.54,85.39,-1,72.31,50.75,30.75,42.37,6.07,72.48,1.52,67.26,66.9,57.92,65.09,8.73,85.99,48.54,42.17,9.82,58.86,49.02,26.47,67.62,16.1,79.93,17.57,26.39,35.86,11.05,54.01,86.92,89.43,5.11,19.36,4.49,11.27,97.47,78.44,50.81,60.01,98.12,68.9,39.23,30.57,8,7.29,50.93,14.48,13.09,83.61,48.42,93.04,70.96,86.3,82.19,38.57,73.01,11.9,18.15,2.81,56.38,92.81,38.03,60.65,43.57,27.75,51.5,48.79,25.09,67.69,63.65,47.57,51.87,15.79,33.41,49.21
97.54,56.35,13.1,71.44,87.93,1.56,5.37,70.32,46.24,15.32,79.64,48.69,61.43,72.48,48.18,8.43,46.04,35.53,28.11,40.31,90.44,30.01,71.32,2.98,29.18,4.12,11.86,-1,31.31,14.75,22.63,4.15,20.39,27.69,2.68,16.8,85.02,45.38,66.77,83.03,40.42,17.76,31.19,92.91,27.87,8.56,46.68,50.65,30.04,83.9,76.84,76.2,72.43,22.58,34.45,38.06,99.08,48.67,62.2,43.95,35.71,23.64,75.41,11.41,22.85,75.93,87.45,5.95,13.29,3.28,22.48,11.3,51.03,9.34,42.66,42.38,17.08,76.94,9.11,43.61,54.92,29.32,70.04,13.03,17.36,81,5.52,90.02,46.69,1.24,97.62,71.56,37.25,6.59,54.51,30.92,11.74,47.95,81.98,90.66
4.3,81.86,61.69,58.34,54.1,82.19,85.01,43.14,33.54,28.84,72.64,83.4,26.92,0.27,80.01,19.98,28.23,10.28,83.2,30.15,15.89,1.58,58.76,88.22,33.01,38.22,71.25,70.87,-1,21.51,32.21,93.61,73.55,53.88,23.34,40.27,58.77,61.03,95.59,5.59,51.62,98.99,83.87,16.7,60.89,80.23,18.24,58.43,29.03,40.34,2.58,45.92,22.72,98.08,94.3,36.06,83.43,74.63,80.91,73.14,99.88,93.33,47.11,98.29,64.27,68.39,77.96,51.75,87.27,7.17,80.55,95.51,51.05,21.6,33.29,37.59,14.73,82.94,27.69,50.99,83.72,64.96,4.15,87.52,76.68,65.93,91.33,99.85,29.63,34.55,78.31,97.28,48.31,78.5,49.66,89.59,30.2,49.44,99.06,29.87
12.54,27.64,70.67,19.73,32.9,70.51,6.65,46.59,46.25,23.87,66.92,22.66,92.52,7.69,19.22,3.79,90.84,71.71,73.29,61.69,34.98,34.99,95.5,91.84,75.49,86.66,51.43,0,8.85,-1,50,80.37,12.5,74.03,72.11,17.03,14.65,62.53,67.31,75.59,97.14,55.83,82.1,25.66,51.99,22.85,30.44,5.59,2.65,56.85,14.45,27.7,4.53,43.46,3.51,40.04,28.55,55.7,36.43,97.78,21.57,84.84,95.01,1.05,4.05,12.6,43.74,2.67,51.94,95.32,35.46,5.96,26.19,78.24,51.3,24.4,93.35,52.13,96.87,3.2,55,30.25,93.13,11.69,92.91,76.78,30.38,55.24,34.08,66.87,51.38,9.19,88.66,48.33,16.29,69.56,84.25,67.64,85.91,91
78.25,46.62,38.57,43.81,40.57,7.19,41.04,26.03,50.77,75.66,3.89,53.98,56.19,67.17,98.6,70.43,95.93,69,44.88,84.7,28.28,54.04,7.66,4.84,93.92,91.18,93.24,57.3,41.56,68.42,-1,55.92,18.79,67.18,39.65,43.55,82.95,38.02,40.36,16.01,15.73,78.72,8.85,60.12,15.76,15.9,86.18,33.52,17.36,6.72,10,75.42,31.26,31.57,11.04,74.53,79.48,80.58,7.57,44.77,70.24,79.44,1.26,81.52,50.94,85.64,56.21,9.14,82.44,80,17.83,75.18,30.78,93.48,50.45,53.92,46.85,15.42,93.15,24.45,52.51,14.39,85.51,60.66,34.92,19.34,15.49,2.86,62.03,64.09,17.34,92.01,31.08,72.29,87.71,28.3,79.68,98.08,83.2,90.43
26.81,10.18,79.24,64.78,87.31,97.3,12.18,15.29,49.09,43.23,49.18,82.99,95.53,99.36,18.65,88.32,27.72,79.38,82.65,63.07,21.23,65.03,86.47,89.61,37.3,80.76,84.79,92.58,29.26,50.99,75.24,-1,28.82,21.93,60.84,46.81,30.69,36.8,13.82,40.54,2.55,70.12,28.9,88.94,82.25,35.23,3.01,37.44,29.75,22.86,99.42,22.49,76.84,54.54,15.01,38.44,35.09,76.27,83.27,75.69,19.29,65.04,15.24,98.7,0.87,19.08,0.14,1.78,60.81,91.04,96.54,16.34,47.61,55.73,93.17,5.69,28.54,28.25,42.26,27.37,6.43,78.88,30.72,38.8,21.18,56.39,19.37,8.71,27.74,23.25,43.88,99.5,91.62,99,83.87,47.1,7.78,93.08,41.28,76.71
53.92,5.93,76.14,12.15,6.18,14.92,44.06,58.64,13.94,52.23,0.88,2.8,27.44,78.48,58.23,87.87,87.33,75.96,62.49,38.18,89.8,24.76,42.55,71.27,36.98,60.02,51.02,81.28,43.88,43.64,57.25,2.17,-1,47.84,70.4,45.53,15.89,23.43,48.7,50.34,32.85,84.94,71.01,93.86,44.47,37.78,22.6,59.75,63.6,10.13,61.82,20.38,39.13,42.84,74.06,67.57,60.37,75.98,65.44,10.01,17.11,66.86,43.54,85.82,5.04,8.1,67.57,35.82,63.32,35.25,28.99,50.35,11.31,82.88,58.93,83.92,59.16,7.25,51.46,91.87,2.14,44.09,1.61,40.88,77.7,49.66,14.89,6.72,28.18,44.7,2.78,46.57,79.42,8.39,82.82,7.76,18.34,18.63,7.97,76.73
23.67,50.76,98.91,15.92,48.18,81.68,36.8,99.76,77.79,49.41,79.44,97.07,19.35,1.97,58.77,67.45,4.73,21.97,89.42,98.78,94.75,80.11,1.43,65.19,16.25,64.48,17.64,94.07,12.42,7.69,56.61,82.87,64.26,-1,36.18,41.59,65.15,15.59,66.19,16.71,71.99,81.43,24.47,61.71,12.5,42.32,9.94,82.83,65.7,44.06,70.83,44.81,24.25,89.28,41.32,9.08,72.34,59.1,23.47,86.57,97.3,90.39,22.45,39.88,6.94,59.8,30.61,57.5,46.61,37.1,36.24,52.51,67.34,95.75,72.43,73.4,4.49,12.13,6.19,52.37,94.74,67.65,79.43,54.34,81.65,29.72,80.61,60.73,2.14,55.36,6.96,54.23,51.08,19.98,64.32,64,69.39,47.58,83.11,95.55
12.56,6.87,30.98,15.77,56.98,27.05,62.9,69.02,57.54,98.17,6.8,78.19,79.98,55.13,21.5,60.74,2.57,91.13,50.67,83.32,7.98,95.13,98.99,34.17,47.69,40.35,39.67,15.06,77.61,46.92,45.58,86.17,39.06,35.25,-1,54.03,88.85,57.32,58.83,62.4,89.08,37.04,13.1,58.95,91.07,91.61,82.09,86.75,8.18,1.03,15.97,26.89,78.24,28.69,77.21,85.03,63.34,88.99,28.68,97.47,72.98,65.65,84.57,79.45,89.34,49.5,41,25.65,51.33,13.37,74.15,13.33,4.42,24.04,94.68,70.91,80.84,33.6,52.41,45.47,77.33,27.49,59.31,14.56,21.93,22.15,0.26,19.6,96.2,95.22,77.66,52.97,13.86,81.37,61.99,81.55,80.11,8.1,45.25,15.87
60.35,89.34,43.21,26.37,26.39,74.43,68.44,52.8,97.57,55.18,98.14,3.79,99.61,35.47,98.9,2.39,4.56,69.21,15.94,4.48,57.08,87.9,76.94,74.54,89.12,19.15,9.71,4.42,11.38,39.38,40.75,2.9,15.17,20.77,73.11,-1,98.58,71.61,24.17,9.05,87.35,14.25,87.91,75.62,40.53,18.1,70.76,0.9,76.6,30.61,15.34,25.83,92.14,92.71,40.98,38.52,74.46,4.43,65.19,61.16,40.19,5.2,60.45,72.37,56.13,96.04,65.2,89.24,76.25,13.93,47.81,92.27,98.05,53.06,59.96,59.29,69.15,23.81,24.17,46.85,22.44,29.82,94.81,73.07,93.81,88.55,32.31,63.05,48.74,18.09,68.74,4.41,30.29,70.35,96.97,29.8,1.36,40.37,36.07,28.24
30.8,55.1,29.87,80.22,95.67,99.72,15.18,47.68,48.07,40.53,71.9,55.19,56.7,34.76,25.96,24.12,17.79,2.8,69.25,2.35,83.73,82.13,1.96,37.03,94.18,97.41,13.02,69.41,43.44,71.17,44.38,57.38,1.75,34.42,35.59,64.47,-1,84.3,73.79,17.09,62.29,76.96,32.99,22.05,91.41,12.31,37.74,28.32,1.84,51.67,83.53,63.3,11.19,99.91,67.89,52.17,73.97,30.7,35.4,20.99,67.39,72.83,81.67,78.35,1.09,47.83,81.22,65.72,85.64,41.81,24.28,22.4,13.11,29.42,56.89,50.46,58.92,83.53,52.63,31.57,72.02,84.56,5.45,36.43,13.91,5.76,27.69,17.17,68.44,16.9,83.53,35.73,73.37,14.6,1.3,34.56,25.72,56.02,91.16,43.84
55.85,51.49,16.68,1,97.41,26.3,1.67,18.9,52.1,90.38,92.34,66.49,24.43,71.62,8.01,47.51,95.89,7.87,0.63,6.13,77.76,26.09,23.32,69.86,16.81,56.02,95.01,86.56,86.67,86.52,93.47,26.88,65.3,98.37,17.64,57.02,6.32,-1,30.73,85.65,50.21,78.31,62.3,32.19,48.88,11.05,63.19,16.34,29.9,48.22,26.02,42.39,38.62,4.31,62.78,83.91,11.53,38.16,22.32,14.09,0.16,30.56,35.24,68.14,94.55,49.32,40.67,98.56,19.89,71.86,3.64,65.45,62.64,57.52,45.79,76.34,96.7,60.64,84.48,34.62,86.31,29.1,78.34,99.7,61.01,88.56,2.76,78.65,17.91,79.35,4.1,28.8,11.05,86.1,49.12,67.62,81.5,67.89,52.41,91.43
47.36,96.81,32.27,16.4,33.74,30.1,18.28,85.56,65.54,33.25,59.81,31.51,4.51,57.14,89.11,88.47,80.26,94.29,82.17,52.36,57.19,27.8,29.48,63.83,53.45,47.44,40.48,50.55,36.09,86.01,18.78,18.23,44.69,30.45,55.41,53.33,54.31,3.66,-1,59.92,79.19,31.19,39.27,34.93,86.2,50.23,79.65,26.44,7.35,80.19,90.66,54.64,2.29,88.44,6.11,55.6,53.88,11.93,6.7,15.78,11.76,7.68,22.32,73.92,70.69,6.6,64.11,33.02,31.18,25.76,13.17,99.64,16.36,39.09,66.28,84.12,6.38,12.71,93.06,54.78,78.08,17.13,90.1,99.28,96.63,24.75,66.28,75.09,90.17,54.68,11.46,72.27,44.78,51.32,29.33,49.52,82,54.4,72.72,95.16
11.02,6.41,35.07,86.31,62.75,57.71,55.31,61.95,17.36,14.62,8.5,77.08,1.02,33.94,75.11,21.17,23.91,22.58,82.83,31.31,49.75,86.08,12.59,1.08,39.37,20.3,20.43,21.77,78.72,91.04,53.9,14.79,70.69,29.63,4.96,59.43,50.75,97.75,25.91,-1,52.59,19.45,34.99,12.78,17.35,19.14,20.28,41.96,8.08,68.27,5.36,14.2,8.04,9.46,94.57,27.96,49.02,14.51,71.92,79.5,43.02,89.99,1.37,91.93,32.38,79.37,37.88,3.8,54.94,25.52,41.46,82.39,67.78,96.13,43.74,0.94,77.41,29.93,63.98,51.15,96.19,95.04,98.36,14.21,42.61,51.09,58.18,12.89,66.22,80.65,72.18,83.81,69.07,92.85,47.07,27.65,50.43,80.33,21.17,27.87
25.97,47.47,47.74,21.6,28.69,49.24,74.75,19.11,39.31,99.31,77.32,6,43.91,52.95,83.8,6.12,34.52,63.67,33.5,46.7,10.97,71.45,38.99,82.68,58.87,78.17,68.23,79.47,55.75,18.24,94.81,38.48,69.68,63.2,4.15,94.18,9.58,25.1,86.88,7.21,-1,75.95,43.38,6.07,80.89,47.83,27.17,52.07,20.58,32.84,12.93,44.01,37.07,54.1,7.07,5.7,45.33,31.19,31.51,25.75,69.66,45.01,73.65,30.55,85.38,91.92,27.26,12.64,21.16,14.4,6.29,40.51,20.05,88.31,51.35,53.59,42.86,9.87,70.2,17.39,11.34,28.48,85.8,47.41,30.92,79.9,27.09,54.29,56.23,91.46,22.2,18.12,51.27,95.32,44.32,20.15,78.25,9.39,89.75,40.49
76.02,66.14,87.84,24.71,28.56,87.24,81.36,53.8,77.95,24,36.39,62.94,95.65,83.86,74.96,99.89,2.07,8.59,73.75,17.29,94.21,26.69,96.39,18.09,50.63,1.87,28.43,35.6,32.79,73.26,61.03,35.64,99.71,4.6,38.55,30.12,30.07,19.77,16.53,98.32,16.16,-1,42.94,68.62,88.87,87.55,30.17,53.12,85.51,35.94,5.19,10.56,46.26,2.5,39.2,74.45,22.39,84.91,90.42,38.06,60.62,67.83,47.76,36.06,68.92,77.97,28.82,24.55,85.8,68.81,53.64,2.13,30.44,45.04,14.55,91.37,63.04,59.74,61.63,27.2,82.93,34.03,27.52,9.68,10.04,31.33,84.48,55.4,65.49,32.21,30.11,83.32,59.67,33.98,42.3,90.03,82.2,47.62,74.37,84.73
38.07,24.51,46.18,97.04,85.67,26.61,47.71,75.54,33.36,82.79,51.05,84.58,44.45,31.16,81.41,68.78,61.06,69.79,86.84,77.71,1.65,61.74,68.34,81.11,34.05,32.96,31.41,11.6,21.14,97.92,90.2,36.05,96.45,44.62,41.14,8.14,35.77,35.25,82.13,73.29,91.52,87.88,-1,73.99,30.77,52.92,85.36,33.35,85.01,46.59,4.95,37.78,73.79,74.72,45.39,93.96,54.47,96.37,41.63,1.86,61.72,19.12,27.8,23.81,30.63,29.37,88.21,51.77,19.35,26.2,81.48,31.44,94.66,59.01,98.48,7.38,75.09,14.03,57.54,54.15,13.99,14.95,21.87,72.06,76.73,71.82,87.79,42.61,32.67,26.63,26.36,57.1,74.45,33.27,93.83,77.34,86.11,98.93,40.52,57.28
75.41,76.39,18.7,97.01,97.37,54.73,40.01,28.29,60.64,31.09,57.31,80.33,88.07,29.43,76.49,69.5,16.75,96.61,88.16,24.07,58.02,16.37,19.73,6.08,45.17,21.39,85.05,12.82,76.59,80.4,45.05,82.43,95.97,77.34,14.1,3.64,0.68,8.75,56.15,67.04,72.52,93.41,46.54,-1,83.5,60.75,54.8,71.63,18.54,28.64,53.59,17.48,41.85,43.07,4.39,31.89,34.26,69.38,85.81,96.39,4.75,64.26,10.52,25.98,6.61,93.27,63.59,84.72,93.82,90.22,66.54,53.35,23.17,96.45,56.23,13.03,64.1,91.28,2.68,7.41,70.58,72.83,31.64,52.4,78.17,40.39,70.95,40.61,82.25,45.22,25.91,92.6,9.54,50.78,5.82,81.29,6.93,36.89,65.34,76.66
61.07,48.63,65.65,25.86,62.2,21.45,53.13,21.34,44.42,25.04,70.61,15.24,31.76,88.28,27.78,1.37,40.02,87.63,75.37,21.99,36.22,43.98,64.91,45.03,62.16,85.64,33.25,38.96,76.13,37.16,98.71,85.38,9.31,72.65,28.3,74.94,61.06,76.27,5.44,56.5,18.01,60.6,63.02,20.55,-1,85.01,20.64,92.35,40.16,15.21,56.4,22.2,12.35,70.83,26.07,86.62,51.12,32.25,99.76,56.11,13.93,0.94,88.82,53.5,4.3,13.87,37.57,23.29,86.18,11.95,96.61,96.66,30.1,57.55,69.05,85.17,90.92,33.97,79.65,31.64,68.66,83.59,98.64,16.72,45.13,73.46,51.86,31.45,7.99,81.26,7.36,63.75,14.89,86.09,57.89,98.1,20.6,26.48,75.51,80.91
54.63,56.82,47.64,57.21,6.6,64.85,17.15,17.94,64.7,37.1,30.3,49.43,5.13,96.04,38.89,78.81,52.77,12.65,53.42,83.06,46.37,77.73,77.39,60.23,39.39,9.24,58.44,80.55,29.09,43.09,39.94,37.79,20.51,35.74,4.22,32.54,49.08,70.99,79.74,76.51,88.97,56.85,83.66,47.5,7.93,-1,67.37,4.62,35.98,74.1,35.93,4.53,89.79,69.45,20.89,4.34,22.72,48.79,4.5,6.88,75.59,90.2,90.64,41.75,0.52,29.75,70.12,17.71,48.62,33.86,53.17,10.11,30.12,33.57,4.14,52.84,24.09,48.78,95.05,35.36,70.85,0.99,30.3,75.62,42.88,52.97,73.75,91.48,91.41,68.62,66.46,24.05,95.11,70.28,54.83,12.8,37.47,71.92,24.42,43.6
26.83,90.82,45.68,58,24.88,77.5,78.14,41.45,16.21,33.95,57.07,56.42,96.52,7.67,29,39.87,56.78,17,48.49,69.71,49.27,17.15,97.41,85.16,41.23,93.41,45.08,33.7,67.68,98.48,69.71,71.72,22.38,40.32,47.06,94.53,96.71,95.25,95.12,12.54,81.46,85.98,82.53,67.63,76,36.64,-1,25.89,27.59,95.22,40.8,97.55,14.74,73.06,69.91,90.45,39.44,10.29,75.12,40.59,64.94,19.62,1.37,81.93,83.68,10.45,9.31,38.31,94.17,99.18,84.93,27.5,71.87,4.01,6.45,46.84,28.21,50.72,13.24,33.91,44.44,85.63,18.55,94.42,13.35,81.73,53.52,68.18,99.52,22.67,41.73,21.66,45.6,41.95,29.14,90.85,28.08,86.62,4.8,3.82
82.86,26.87,63.34,27.66,23.85,58.36,41.55,65.15,16.37,71.96,92.87,23.55,49.63,53.17,28.6,52.79,7.48,9.71,64.15,97.35,32,46.3,25.44,78.54,84.03,98.11,48.09,89.11,44.26,45.38,96.3,79.88,50.03,6.57,40.69,39.75,62.13,49.38,93.7,47.93,11.07,76.01,29.81,22.1,6.06,37.33,68.69,-1,44.12,0.37,38.07,81.62,99.49,1.5,13.1,12.83,11.75,7.99,13.15,16.34,88.87,76.12,74.4,63.58,57.23,61.92,45.38,83.85,2.97,15.66,79.14,4.85,3.87,15.73,6.72,25.98,16.07,4.86,34.02,38.23,54.35,83.96,35.74,45.64,15.18,57.46,12.35,28.09,39.7,23.85,33.38,20.67,52.41,75.96,81.94,27.6,1.89,23.16,2.3,78.76
95.26,30.92,54.13,68.74,90.5,89.63,92.13,77.59,50.86,45.98,64.7,61.37,83.48,3.24,93.34,5.44,97.02,7.46,37.81,18.34,72.9,71.35,61.4,31.94,22.45,41.92,54.42,61.84,77.91,77.89,67.57,42.23,96.3,10.95,27.9,64.67,74.43,85.79,76.34,23.99,74.71,56.74,94.97,9.36,93.71,14.32,67.2,85.84,-1,77.7,44.13,30.5,9.72,16.66,49.22,66.37,54.09,90.78,94.38,26.73,92.8,6.94,36.74,51.47,10.94,99.07,34.32,17.84,51.12,56.42,73.61,26.68,80.9,29.51,30.99,58.23,4.94,85.46,30.49,25.89,49.35,8.52,60.95,52.84,64.36,8.27,50.92,9.94,3.13,97.85,47.86,45.96,62.63,71.08,86.3,46.28,86.57,41.48,55.9,80.95
9.53,78.77,78.87,90.73,7.39,59.84,33.34,69.32,53.24,42.63,36.35,10.79,37.98,15.37,22.84,24.74,29.36,87.61,72.95,52.05,59.22,69.38,92,26.19,6.56,46.45,65.11,76.14,21.02,82.7,78.61,45.31,98.05,79.23,79.58,70.02,46.86,6.96,83.17,28.73,49.78,82.69,1.77,81.47,27.74,99.9,49.72,43.06,94.55,-1,77.16,79.42,51.1,98.08,75.86,74.17,99.57,25.56,53.72,60.19,93.05,34.99,28.14,17.82,65.6,50.72,52.75,5.25,91.54,45.64,50.72,99.03,40.36,20.91,42.47,50.02,71.31,69.76,68.05,99.81,59.59,24.56,37.65,49.97,23.12,69.44,26.64,57.8,24.96,72.41,33.3,27.72,54.18,40.83,32.52,94.87,42.12,27.01,54.81,80.57
13.46,67.72,42.4,41.36,22.01,53.86,86.92,92.5,67.41,16.18,65.67,75.46,97.17,4.91,12.19,42.11,64.13,31.93,76.26,49.13,59.43,67.52,37.59,50.87,48.19,89.11,5,1.48,32.62,26.19,89.79,73.36,8.16,0.09,63.49,10.93,69.23,52.35,16.32,65.02,78.17,84.96,24.36,30.04,33.94,21.21,61.02,17.49,22.55,15.99,-1,46.94,38.34,94.21,79.16,44.08,64.18,28.59,42.31,6.81,18.25,66.34,4.38,5.74,42.1,77.07,10.64,17.25,66.14,36.7,18.22,2.76,68.5,36.87,22.8,92.81,44.36,62.18,43.78,70.17,27.41,95.03,19.97,4.08,41.59,48.13,58.34,72.9,83.91,70.16,29.04,88.23,68.15,46.15,55.01,0.34,95.7,78.77,3.28,98.89
2.3,95.27,44.07,53.68,88.02,6.37,28.57,62.5,6.84,5.36,55.27,20.48,59.53,92.39,86.68,20.45,32.41,17.37,48.23,8.91,96.61,76.85,1.38,1.88,24.49,87.76,64.97,42.4,35.28,46.91,3.2,42.95,88.47,47.34,73.25,54.22,96.63,19.61,58.61,84.01,64.67,92.36,51.08,36.83,69.05,70.9,62.83,4.3,49.16,9.15,93.2,-1,61.44,27.21,55.4,11.43,46.82,85.81,20.43,29.54,75.48,68.68,12.33,49.4,58.92,61.18,56.47,35.51,21.96,8.39,43.99,12.75,15.84,9.14,43.73,56.44,43.36,11.87,24.81,13.51,27.15,38.39,3.96,48.82,36.67,22.91,9.53,79.83,19.63,76.39,16.14,77.88,93.82,12.77,84.14,57.4,3.17,32.02,52.4,49.81
96.15,62.45,34.44,18.51,96.77,76.47,4.63,97.56,30.66,92.26,95.87,32.17,39.55,85.48,82.31,39.67,7.53,95.41,83.15,53.9,47.57,16.78,29.97,53.94,64.97,47.2,85.08,81.78,5.8,36.59,60.43,0.51,55.78,87.7,51.28,6.79,94.24,18.26,12.88,72.28,88.73,21.62,3.13,72.8,6.67,60.02,36.04,42.26,74.09,78.2,8.49,76.05,-1,97.66,3.3,10.42,83.99,7.71,57.21,87.24,30.64,60.49,64.26,42.45,50.86,77.18,63.25,88.84,75.22,77.13,34.5,56.09,57.68,33.84,78.28,0.26,69.99,11.01,59.37,57.32,6.01,20.12,35.19,27.26,94.01,65.78,89.46,39.61,96.9,9.1,36.41,36.51,33.43,91.41,16.44,59.38,24.44,11.36,72.5,19.56
56.71,18.47,24.44,95.82,66.47,78.17,31.2,59.07,36.32,22.31,37.89,89.07,59.51,84.38,90.96,73.26,97.06,78.86,94.75,68.67,82.68,63.75,21.36,15.97,39,70.41,69.59,60.98,19.45,81.02,1.74,1.84,99.79,20.03,48.95,89.49,19.83,34.69,93.16,68.02,8.64,89.37,62.82,88.5,77.82,58.24,66.54,99.79,36.84,99.5,56.44,90.35,64.97,-1,65.2,70.51,83.44,74.39,12.96,60.13,62.39,0.76,77,92.94,11.9,53.91,94.97,97.53,71.97,89.47,6.71,55.23,43.68,61.43,34.83,52.37,55.4,65.68,13.29,34.48,93.15,25.28,50.84,96.65,54.73,90.28,73.81,52.29,0.11,30.22,2.75,43.62,53.59,9.66,68.29,4.9,9.89,41.74,25.04,68.22
87.81,90.5,58.58,72.21,83.39,99.9,1.15,79.03,26.26,19.65,93.69,5.04,42.52,29.93,90.95,43.83,15.34,6.33,69.1,3.75,40.5,82.12,35.74,18.48,76.48,68.61,36.24,89.26,32.95,92.33,99.16,77.73,9.09,61.28,60.59,63.37,96.56,97.8,73.15,85.37,44.67,81.22,27.11,24.85,67.91,83.7,79.59,70.92,91.07,82.09,38.29,73.15,32.29,78.51,-1,30.27,27.59,39.08,64.49,93.09,57.83,14.56,25.98,69.8,55.13,6.77,48.84,81.18,27.41,85.33,64.56,41.05,32.43,10.49,38.81,5.77,42.8,33.6,57.78,49.77,37.12,28.97,63.61,14.19,13.01,65.61,65.79,41.14,30.75,62.63,93.38,17.31,39.56,86.09,26.72,16.58,25.97,3.72,31.02,25.84
46.48,84.54,81.08,68.52,84.41,4.02,33.14,78.07,35.95,64.56,13.66,83.9,67.77,65.38,90.91,20.89,47.98,10.93,77.91,16.17,15.38,41.87,40,12.85,10.03,94.76,47.13,56.63,63.47,62.19,78.62,59.26,52.17,74.91,23.05,80.99,16.28,98.54,69.36,28.23,76.17,53.9,45.3,81.68,64.9,76.42,10.1,4.48,43.46,95.51,13.29,12.17,97.54,72.93,51.19,-1,78.82,14.12,31.24,59.79,90.28,84.9,22.28,61.67,82.3,22.6,5.62,75.87,49.63,52.48,53.79,81.78,76.15,54.32,61.59,43.18,63.97,0.4,26.07,9,92.65,72.54,61.95,0.09,84.52,51.68,89.24,3.08,70.82,96.68,31.01,0.58,17.32,76.49,30.31,34.05,0.87,72.89,62.45,46.23
40.23,71.21,47.99,46.71,58.17,71.02,28.42,94.36,96.28,60.24,95.26,57.51,56.01,79.75,65.31,24.24,8.22,6.51,49.21,43.64,50,26.35,73.26,8.06,70.76,55.19,31.88,92.26,82.19,27.64,1.87,45.12,28.6,27.35,88.08,68.95,4.52,59.68,55.84,89.28,20.24,71.04,72.14,43.08,27.13,89.61,18.28,48.39,22.95,91.16,23.71,7.08,58.19,23.26,0.9,61.87,-1,61.37,94.8,17.93,49.45,80.52,76.52,82.57,90.81,55.62,38.04,61.12,38.8,21.34,37.52,40.16,49.49,63.59,54.61,2.11,96.73,91.62,68.58,12.47,9.78,51.65,25.33,37.89,11.05,68.07,73.37,52.34,2.85,83.2,11.34,0.24,30.42,78.4,90.28,83.9,51.36,94.24,73.64,55.42
97.4,0.61,41.71,33.69,67.2,33.33,34.19,93.56,3.05,94.78,81.21,35.64,9.74,92.34,57.83,80.76,29.22,3.6,29.22,35.97,43.52,26.75,49.42,41.96,82.76,25.64,18,11.22,99.54,83.63,55.41,39.32,72.44,96.5,72.22,66.81,13.6,46.8,59.95,19.64,20.65,71.22,79.96,47.17,1.67,37.78,26.82,34.49,27.92,99.84,22.72,67.11,59.77,13.64,97.73,67.76,3.45,-1,32.25,55.93,74.05,70.23,99.89,65.87,40.61,84.14,68.68,88.07,55.92,55.51,10.31,3.5,19.23,65.22,48.45,16.11,69.86,74.53,56.94,15.12,40.49,96.43,5.66,98.8,35.62,20.34,23.64,40.33,73.86,56.49,71.19,55.53,52.7,53.15,59.23,38.6,75.39,38.3,78.9,53.13
43.52,96.88,7.27,66.87,4.44,31.94,65.48,74.93,61.86,46.72,44.65,23.17,78.72,53.44,36.69,37.05,38.39,27.87,45.81,66.08,81.65,54.29,39.52,90.05,22.55,96.27,76.83,39.64,59.48,78.76,50.63,45.64,60.68,39.5,39.53,38.18,30.91,46.71,24.05,97.75,5.08,63.67,23.71,0.42,74.26,54.9,69.94,94.26,82.77,81.28,55.87,15.23,13.66,27.16,36.33,36.69,88.03,94.22,-1,31.4,59.03,82.93,26.69,26.5,16,25.26,30.29,69.28,73.13,79.12,84.26,13.35,71.47,85.81,80.09,54.72,47.49,76.82,12.65,76.28,86.96,89.49,39.74,43.5,23.89,62.13,67.53,3.8,58.99,90.83,94.24,28.27,75.84,90.68,35.78,54.18,71.15,16.97,60.94,39.69
95.88,50.24,43.17,73.18,62.58,91.44,41.54,96.83,61.19,47.25,31.31,63.83,34.32,46.02,42.45,47.5,50.33,91.45,1.69,76.52,70.3,77.27,52.74,9.03,0.35,25.99,3.67,4.54,82.04,24.17,70.61,53.72,14.31,68.51,16.53,84.49,0.3,32.54,41.58,25.07,57.32,69.64,89.37,14.37,54.17,87.71,89.53,73.48,3.98,9.76,67.33,10.53,53.11,74.86,21.28,19.78,32.82,27.6,72.18,-1,48.6,44.56,30.67,60.64,12.32,17.74,93.42,87.39,99.93,27.12,10.54,38.77,32.67,61.88,15.76,35.74,12.45,97.14,42.84,86.57,68.79,62.78,62.92,16.21,2.82,34.09,94.81,68.3,87.36,79.61,7.77,93.42,71.68,73.22,31.65,13.36,9.07,2.75,18.27,19.1
95.87,95.6,47.64,57.61,50.91,6.84,61.12,26.22,99.28,13.69,29,77.52,22.04,52.51,85.15,22.78,63.02,0.68,67.58,51.09,94.33,41.56,13.24,44.59,45.3,74.06,7.77,91.96,92.92,55.95,0.15,84.92,5.86,74.13,47.34,39.93,22.25,18.95,56.25,96.96,54.77,58.69,86.23,59.45,57.88,3.17,18.09,29.19,73.63,46.05,97.52,22.39,25.72,57.25,88.61,28.61,87.8,37.47,33.1,4.1,-1,69.94,94.28,62.06,79.14,46.7,48.55,51.68,14.8,47.44,78.8,32.89,28,59.31,76.57,2.75,95.74,58.7,0.28,22.64,62.93,94.24,14.1,8.41,39.38,54.82,79.83,6.54,22.74,29.42,59.7,54.15,73.27,84.32,76.39,65.11,60.7,75.23,96.87,30.98
97.96,40.13,53.9,30.8,30.13,92,92.12,16.79,61.19,25.61,59.72,62.95,93.06,27.67,75.19,38.52,36.01,83.96,15.97,54.76,29.77,37.18,21.69,93.06,99.13,79.81,73.17,66.95,36.38,78.35,23.83,97.83,13.44,15.14,33.71,62.82,94.47,84.31,12.64,77.15,3.45,78.29,1.12,28.52,24.65,28.21,41.26,99.81,51.33,11.81,63.04,71.28,37.23,82.58,27.43,70.91,92.83,93.4,39.57,31.24,46.77,-1,9.99,45.76,4.01,63.4,84.68,67.17,95.89,91.63,67.05,26.33,72.92,85.13,54.63,82.91,58.14,8.53,2.4,48.98,90.18,10.77,64.34,58.65,67.42,0.27,48.14,54.9,76.91,34.61,40.52,16.45,45.65,1.64,30.18,35.27,80.31,13.52,65.57,32.37
42.02,88.61,98.48,44.55,38.99,72.91,92.74,56.62,36.61,35.1,28.12,78.81,88.51,21.56,73.08,37.55,51.72,54.28,73.1,48.61,78.95,4.64,5.64,54.65,89.79,41.25,71.34,33.32,31.29,67.29,0.73,10.12,47.59,75.15,0.86,36.69,46.11,58.35,93.54,88.31,77.74,17.01,21.4,6.47,57.3,19.93,22.49,53.16,66.24,61.85,88.62,61.98,50.09,22.11,96.21,98.67,97.77,1.35,69.76,70.77,35.2,63.78,-1,66.64,18.4,94.23,94.98,84.39,8.57,25.88,56.9,89.94,39.23,85.29,49.52,65.44,26.83,17.13,58.85,68.66,76.32,43.7,59.41,48.96,25.96,49.02,77.86,11.15,10.2,39.86,33.43,98.15,32.75,64.53,96.62,74.46,28.76,18.02,26.63,26.69
44.07,99.21,82.05,95.34,24.37,82.19,34.23,7.34,82.16,81.06,72.71,96.95,97.48,97.23,45.16,67.24,76,49.3,61.83,87.29,65.56,57.11,33.04,89.62,18.44,52.59,93.58,70.17,63.92,64.97,36.49,13.13,67.05,43.83,38.81,3.42,19.83,22.29,81.66,43.61,89.21,54.69,37.02,60.71,86.52,32.57,93.15,7.78,25.75,72.43,98.62,33.41,33.91,96.68,84.3,69.3,13.71,1.66,39.81,55.6,50.48,87.98,81.24,-1,97.31,80.01,68.16,92.22,8.5,39.31,93.33,14.19,27.56,15.19,14.1,84.99,41.42,52.46,74.77,16.13,65.83,59.8,33.16,9.86,60.31,8.21,37.88,18.62,27.66,30.18,65.99,54.21,45.32,54.35,99.01,76.63,57.76,83.54,9.69,8.25
18.53,97.37,58.98,57.95,45.96,64.15,33.99,23.94,86.47,59.87,23.78,44.05,43.99,20.28,55.76,37.76,38.03,30.93,98.61,32.24,25.54,80.98,79.82,67.37,61.52,97.75,16.21,38.2,47.24,53.04,63.85,25.24,71.07,60.31,77.95,69.96,0.49,3.52,3,12.44,64.68,10.54,94.07,22.78,53.44,32.36,70.27,32.24,49.22,19.8,39.76,98.16,3.03,7.14,68.43,84.9,81.34,46.92,10.41,55.53,98.85,4.21,23.91,29.02,-1,16.32,54.33,49.49,65.82,6.84,39.06,74.93,42.65,52.78,99.38,68.76,14.36,32.06,92.13,90.33,75.89,68.61,8.26,20.03,43.45,49.16,69.13,24.72,24.33,78.39,70.28,82.57,14.12,69.14,98.59,67.96,57.09,20.32,70.66,10.42
46.43,81.27,89.88,14.91,36.18,89.55,7.3,3.79,38.12,75.38,96.47,13.75,59.37,41.59,7.47,0.48,33.29,11.51,86.92,83.83,44.17,74.68,84.99,25.7,65.96,31.39,62.91,8.19,24.02,8.11,70.88,95.24,53.02,7.08,35.84,39.01,6.14,81.03,94.5,84.68,26.95,44.83,88.55,81.01,63.79,7.89,13.79,78.3,76.45,68.13,27.73,99.42,94.37,61.08,88.79,79.94,92.95,27.22,17.98,52.77,39.7,49.65,41.38,31.43,26.89,-1,63.6,44.08,38,26.39,3.75,45.32,51.01,92.71,22.48,57.81,26.02,98.52,52.61,66.59,16.93,98.79,39.91,3.23,83.13,4.21,18.79,6.8,24.71,99.75,76.94,45.52,45.19,25.61,55.2,28.9,10.1,89.44,47.47,49.23
21.12,66.89,95.37,57.58,9.75,74.36,36.26,57.97,65.03,46.55,32.63,3.72,22.14,27.8,87.44,84.21,12.88,65.2,75.01,3.51,77.48,37.4,65.25,69.76,76.54,67.83,72.54,64.28,68.99,97.64,63,49.71,24.66,83.22,10.01,87.74,54.29,72.97,1.74,42.12,67.7,47.59,12.55,21.22,28.42,94.57,30.92,50.36,81.6,36.15,44.56,47.82,19.83,16.39,16.71,51.41,61.3,45.94,6.11,74.32,11.72,17.81,69.34,90.98,29.46,31.29,-1,11.25,23.64,41.42,93.37,21.62,93.87,57.7,89.19,73.08,74.27,14.39,60.83,27.47,59.45,29.39,45.37,18.75,69.34,77.07,58.63,28.97,49.39,65.82,47.91,33.5,70.78,4.62,67.88,88.02,94.51,45.67,52.77,39.45
10.64,86.76,25.91,85.49,50.24,45.82,8.83,13.56,37.9,42.7,18.94,62.55,29.97,3.05,64.06,18.83,71.46,44.11,2.23,58.74,42.98,66.39,98.94,74.94,62.53,29.61,64.19,24.3,82.67,28.54,1.36,38.82,27.68,30.32,22.81,91.87,10.35,60.05,45.09,76.33,87.04,5.6,85.11,55.56,83.52,69.54,95.96,61.28,9.62,79.69,20.8,12.4,47.94,62.82,59.04,35.6,22.11,9.81,59.48,17.31,11.84,7.96,44.48,49.1,15.65,66.95,58.39,-1,0.32,79.83,14.97,9.11,49.31,4.67,60.32,98.86,3.82,44.73,44.59,1.18,51.15,37.72,18.17,4.9,72.9,21.47,73.17,63.6,78.4,27.37,70.01,87.15,54.16,6.03,23.73,19.88,37.17,79.03,30.89,93.07
45.4,2.85,38.05,63.84,57.85,70.97,38.53,27.89,47.28,14.27,20.6,53.89,78.9,86.77,9.44,83.34,29.93,49.44,41.95,12.9,89.67,42.26,21.36,44.65,18.15,2.07,43.34,79.13,51.98,56.3,21.65,20.47,55.6,65.1,76.33,47.16,75.58,36.62,85.21,68.62,64.66,30.41,10.31,56.23,45.5,60.54,75.23,56,15.81,96.62,38.36,67.2,88.91,24.86,46.74,9.18,77.77,95.87,33.15,14.57,86.98,72.04,53.74,60.64,48.4,66.31,88.58,90.79,-1,73.09,84.2,29.23,36.36,99.53,29.05,81.14,28.35,4.18,74.42,31.57,91.43,14.14,38.08,30.43,80.12,75.51,26.88,43.39,66.35,55.15,42.93,7.8,36.72,28.79,37.73,24.2,0.1,95.28,98.32,63.54
27.54,38.04,24.28,86.14,50.2,81.98,26.14,74.56,31.42,34.65,15.84,66.4,64.01,83.23,54.48,21.42,96.03,32.23,9.91,58.93,61.48,96.99,0.28,44.57,22.17,97.84,32.28,25.58,0.07,90.55,24.09,64.71,13.96,23.18,14.99,3.11,69.52,3.89,80.77,95.12,54.54,1.91,3.65,87.28,72.51,40.88,13.79,50.81,84.16,87.27,19.08,4.59,67.83,82.05,18.85,0.42,24.59,50.68,40.76,58.42,57.72,62.77,38.28,98.2,92.77,9.94,16.35,45.03,99.89,-1,88.73,79.63,54.18,50.77,0.09,25.9,0.72,55.98,41.96,72.99,96.75,36.99,76.33,46.39,51.49,37.2,58.85,7.43,80.49,55.74,73.96,57.09,62.84,81.04,49.97,4.3,0.34,11.55,17.8,64.13
77.46,83,60.4,27.35,98.15,45.85,86.93,58.57,80.29,94.03,99.84,67.41,24.31,83.35,90.91,25.52,97.35,55.81,44.82,8.38,38.72,36.84,59.84,7.04,50.05,75.31,50.65,76.41,27.68,85.77,14.81,82.83,45.79,27.61,19.16,18.59,35.28,19.67,66.82,57.02,11.34,66.11,15.78,21.15,29.08,94,77.93,5.25,68.26,75.3,34.75,48.85,54.44,38.42,80.78,22.13,37.79,41.93,10.95,72.55,76,36.13,99.29,11.28,63.22,10.77,36.04,37.83,99.33,87.36,-1,95.42,61.9,16.42,47.74,67.57,68.5,81.02,46.58,33.95,47.87,27.16,70.09,61.99,20.82,12.05,89.42,65.61,51.39,52.21,42.53,31.4,21.85,86.5,51.68,28.68,7.76,72.66,86.45,86.98
73.58,60.66,43.63,47.93,89.97,81.02,52.17,71.92,84.81,73.9,0.18,48,8.04,13.91,27.6,69.93,80.01,83.72,73.73,1.43,19.03,69.07,9.98,63.61,52.95,93.2,76.57,47.29,5.08,72.86,1.14,63.5,84.13,6.66,42.54,54.7,14.72,84.21,89.17,50.89,43.27,93.53,86.15,92.69,90.58,80.38,59.07,70.17,33.89,14.52,86.47,95.8,48.06,80.28,19.59,18.95,98.59,71.58,48.72,98.61,94.12,99.91,79.47,80.47,9.57,9.32,24.97,44.22,78.32,52.93,9.49,-1,64.25,74.26,16.24,19.35,37.71,51.7,83.91,4.51,10.91,44.68,65.24,95.43,83.33,72.73,46.75,87.86,31.13,11.67,41.72,83.4,30.85,47.5,12.81,34.31,94.53,93.35,92.23,98.9
91.7,23.56,67.48,51.25,85.61,13.84,55.3,47.69,6.25,14.89,41.65,97.43,53.97,12.97,69.88,98.59,71.82,36.32,43.48,60.91,27.33,47.97,6.24,32.99,39.25,37.83,26.57,63.51,42.02,54.33,62.85,59.3,30.76,44.7,15.91,30,64.34,74.22,7.34,69.95,40.48,97.04,27.64,59.21,95.27,78.68,98.59,26.81,36.15,33.61,80.12,30.03,31.33,53.76,93.85,54.37,73.16,3.82,9.87,33.33,28.54,21.87,36.15,38.61,73.96,85.15,38.68,62.39,57.56,31.51,54.21,66.14,-1,27.85,3.48,42.8,77.55,49.95,22.11,20.83,18.74,76.51,74.24,41.98,74.58,25.79,53,37.62,89.29,38.87,96.23,94.71,62.84,86.03,63.95,8.16,83.18,47.14,65.74,1.39
75.17,82.1,12.89,97.2,62.87,76.92,45.67,46.66,93.38,71.46,38.2,75.87,88.02,48.89,64,7.91,42.91,12.56,27.45,3.9,80.8,17.9,46.39,92.64,42.67,23.97,44.68,51.52,91.63,30.74,33.78,39.44,66.29,90.76,46.53,23.5,98.61,54.01,63.39,20.15,32.23,1.34,3.35,89.81,73.13,53.79,66.75,91.39,3.81,58.5,59.35,87.18,86.93,5,70.5,89.63,86.36,68.89,25.24,74.06,46.11,75.17,27.72,43.02,38.86,61.79,98.82,48.57,28.57,2.21,53.18,77.21,12.14,-1,61.31,41.58,26.08,32.14,62.97,37.02,21.62,11.75,30.29,27.93,55.14,53.4,83.76,72.33,41.96,52.1,0.95,53.14,54.77,81.03,86.68,87.7,13.52,25.92,60.2,55.5
76.87,26.51,48.18,92.04,97.27,25.19,80.9,26.95,22.54,30.63,88.25,44.06,46.31,88.79,62.97,96.95,34.69,59.95,81.55,68.48,9.34,32.12,26.44,10.6,65.62,41.72,90.12,24.34,70.3,15.25,51.16,18.44,70.63,28.87,12.25,81.56,62,97.98,52.94,76.46,99.17,9.32,50.97,97.48,74.12,70.91,21.27,23.43,37.34,8.07,4.11,71.27,68.73,22.93,44.47,35.46,28.17,12.74,49.99,37.27,26.3,31.77,99.16,72.06,6.38,50.87,14.12,58.13,17.37,71.82,61.45,85.43,89.57,51.88,-1,69.85,54.07,2.51,72.91,52.23,41.33,11.82,4.27,17.01,82.29,23.05,47.27,90.43,80.69,21.36,98.91,50.62,66.31,77.74,47.59,47.93,85.14,73.61,90.98,95.39
67.72,43.33,20.13,10.61,4.34,16.73,54.1,34.05,59.09,92.69,60.04,29.51,49.41,14.57,14.97,59.93,36.04,54.08,77.44,77.38,11.74,42.94,58.1,23.53,44,67.11,40.79,50.2,95.98,69.12,28.53,78.41,25.62,53.81,37.12,79.88,62.36,38.64,42.79,33.88,31.66,69.11,66.32,9.18,75.79,17.59,85.08,50.78,32.29,34.09,6.54,51.92,86.15,94.37,0.11,47.37,66.78,99.14,58.16,39.82,40.29,24.58,71.09,32.5,62.62,98.57,47.28,71.1,72.2,93.37,68.49,92.75,35.26,25.87,73.75,-1,54.71,49.84,44.24,52.19,33.04,93.83,68.14,44.39,99.28,27.19,64.71,86.27,58.64,80.96,74.92,43.86,28.08,52.15,14.21,83.24,85.4,19.25,95.59,12.57
78.87,14.89,25.61,30.82,29.32,19.92,66.95,98.08,90.18,87.51,42.25,50.96,7.48,79.95,12.76,95.75,29.07,4.48,71.76,26.03,75.31,58.03,18.06,83.48,33.48,18.75,49.57,84.31,32.78,27.04,79.68,96.61,92.71,93.59,93.61,85.59,89.47,35.72,22.42,66.8,92.84,42.79,67.63,1.87,98.43,97.11,93.68,17.2,72.15,57.34,98.8,71.84,98.01,58.89,37.96,5.18,69.86,54.54,34.08,77.76,76.13,45.36,72.62,87.1,45.91,69.71,80.57,67.97,94.66,19.56,36.51,11.3,13.77,48.03,42.99,60.6,-1,70.93,21.75,39.7,87.48,22.45,6.93,12.77,1.49,95.52,96.34,82.1,13.21,44.23,9.23,49.49,68.19,10.69,13.12,62.58,68.52,0.64,66.56,70.73
71.33,87.94,20.57,17.02,18.08,71.8,84.67,17.31,40.64,39.94,18.43,63.59,34.37,28.25,30.96,7.53,80.51,46.25,23.33,15.52,3.54,33.1,44.24,41.65,63.06,21.58,79.8,69.76,28.58,13.38,67.85,26.84,78.3,6.32,64.4,97.67,77.92,53.35,41.27,45.84,43.48,43.18,81.49,19.83,49.97,75.82,31.97,62.43,76.99,35.44,80.36,15.29,73.33,98.73,60.17,20.73,1.97,83.71,99.21,40.59,21.21,72.46,21.17,9.17,42.78,86.42,64.78,92.28,85.77,77.1,85.05,80.16,5.59,69.89,65.85,34,23.13,-1,55.76,67.29,25.27,1.62,40.24,92.89,96.43,76.63,66.62,41.22,11.84,52.75,99.65,56.64,44.94,37.01,81.06,59.22,77.79,23.2,60.23,44.68
62.33,53.79,67.64,20.52,45.06,11.17,84.69,26.67,96.72,14.12,9.68,8.67,76.23,16.13,21.26,51.56,83.66,84.2,21.43,7.2,94.26,82.27,91.39,3.03,44.76,70.61,66.84,47.71,99.96,83.82,43.98,69.8,15.07,10.96,50.95,70.65,90.69,86.3,84.17,53.96,0.37,69.54,6.64,78.45,37.59,68.84,23.76,86.01,3.32,60.64,65.16,11.15,80.88,29.27,59.35,79.39,96.5,41.04,24.23,46.05,26.8,1.02,74.99,27.31,68.93,77.86,61.22,73.22,63.7,16.81,50.05,27.31,18.12,92.66,65.84,65.83,34.41,95.36,-1,98.2,73.3,54.26,33.28,85.03,53.91,5.69,26.74,59.99,74.9,3.07,5.22,27.39,59.92,3.83,97.64,68.65,49.32,17.51,97.96,0.37
15.49,60.13,84.35,78.97,25.64,53.5,18.95,60.79,40.47,89.83,34.11,46.61,81.59,72.33,94.42,74.74,46.01,34.98,65.16,74.99,4.01,20.96,53.25,24.31,37.98,91.9,81.76,93.36,71.25,86.35,66.07,89.44,89.54,77.76,33.08,81.14,38.95,25.47,65.01,98.06,41.48,65.87,81.36,69.56,66.31,29.56,70.53,25.79,66.8,85.76,94.15,23.02,93.32,21.84,32.87,27.93,98.9,27.56,70.77,63.32,91.54,21.52,69.74,98.69,13.18,9.81,42.69,77.81,77.11,5.61,88.41,3.47,16.66,9.34,14.6,35.23,27.82,99.38,2.75,-1,41.21,64.03,28.9,58.84,74.2,96.84,23.14,17.51,42.39,25.32,0.61,31.58,36.8,74.29,77.31,8.06,79.72,65.64,8.5,49.63
29.67,54.23,75.23,96.14,33.63,24.08,55.06,88.83,53.21,11.12,65.3,20.48,4.23,81.92,75.91,87.46,13.39,76.86,95.37,38.35,67.62,10.82,36.01,7.05,34.7,23.31,80.95,23.82,8.12,15.31,85.59,85.1,68.09,36.81,23.9,62.99,41.69,15.05,8.38,1.95,6.86,24.91,40.09,56.63,56.46,79.01,75.26,58.61,42.39,85.49,89.8,86.44,22.73,98.19,19.87,49.52,10.45,20.1,92.84,9.77,13.24,25.32,94.64,89.28,9.58,79.44,25.39,89.1,49.16,13.94,48.91,60.95,74.95,94.54,12.82,13.3,11.47,46.13,39.39,33.66,-1,14.42,71.47,18.31,14.13,57.14,30.72,47.92,55.67,64.64,4.15,47.5,34.96,28.35,49.35,87.23,51.57,21.83,50.42,26.46
99.11,45.82,51.99,5.61,81.63,38.12,87.9,7.78,9.24,38.41,25.24,76.36,69.71,76.75,79.33,55.09,34.13,37.74,86.8,27.53,61.07,55.09,20.61,92.6,99.4,80.94,97.39,27.38,92.74,7.4,97.84,63.17,12.72,34.96,26.07,67.68,61.44,31.72,86.3,97.95,68.6,59.96,75.45,21.26,37.65,3.97,2.33,66.88,35.36,58.09,89.65,27.58,90.51,99.05,72.84,11.29,95.33,22.36,83.28,70.84,28.92,45.93,57.99,4.86,58,34.03,37.12,55.75,94.6,67.01,70.95,38.52,29.7,19.94,57.54,53.12,37.68,50.04,84.12,75.3,45.18,-1,19.89,54.07,74.7,44.36,99.41,14.67,58.43,43.6,53.47,95.36,61.73,62.01,54.21,6.7,41,27.63,94.27,33.14
38.84,41.92,76.83,82.11,87.46,39.87,33.35,48.08,58.2,40.81,80.02,14.65,53.41,16.19,57.06,50.72,68.57,10.03,89.76,93.25,0.56,55.74,27.1,39.89,19.66,20.6,12.95,37.7,22.49,88.63,5.74,76.18,68.92,97.27,70.39,48.69,62.62,45.52,81.95,57.17,11.97,26.39,78.59,85.51,26.86,32.68,80.72,3.08,9.79,54.13,92.88,26.6,74.55,0.31,70.82,5.73,25.65,70.57,14.67,43.96,10.59,20.3,49.27,29.96,23.15,99.23,6.91,99.35,95.05,66.51,70.9,83.73,31.37,19.47,70,36.88,89.27,71.4,49.87,98,6.4,31.48,-1,63.35,76.58,71.48,45.91,78.56,22.12,47.16,4.83,66.13,41.65,15.21,36.09,70.72,69.29,67.53,35.85,73.62
39.41,99.72,52.5,17.96,54.51,81.63,32.84,45.03,34.5,45.61,82.33,52.09,51.86,86.08,45.14,78.6,48.49,73.69,23.32,56,18.88,7.36,60.53,47.1,45.79,92.69,58.53,76.12,49.47,41.48,25.76,41.74,52.64,74.5,25.26,22.97,49.26,64.02,75.79,55.55,12.45,92.32,83.75,29.14,87.55,31.15,38.54,58.22,27.4,69.39,40.21,85.76,49.9,20.19,80.21,66.32,7.69,26.38,98.5,0.58,10.58,81.29,90.95,92.19,86.55,35.79,26.39,7.62,7.02,63.9,70.29,2.17,15.38,30.15,2.67,84,41.77,78.06,14.6,78.79,76.52,75.02,96.55,-1,18.05,59.7,1.72,37.47,47.62,49.09,76.88,95.09,41.34,69.89,62.24,83.54,10.92,53.11,27.08,76.91
73.16,43.23,30.39,63.85,22.52,73.02,8.6,86.2,38.17,15.53,23.43,77.15,80.25,7.75,56.22,7.21,83.96,51.69,20.85,29.62,27.08,26.61,50.34,39.62,64.33,50.23,44.4,57.74,43.38,91.92,43.78,35.66,10.78,99.54,29.31,22.62,79.53,81.6,5.6,89.69,85.9,44.68,6.72,52.25,89.04,73.31,39.3,7.47,56.54,43.85,26.06,30.25,10.09,52.39,87.33,15.73,51.34,65.6,16.26,46.69,12.35,57.01,6.89,9.26,63.66,26.43,56.69,61.01,57.48,78.73,50.94,87.05,68.22,91.74,19.3,30.51,71.63,9.01,13.64,78.54,74.6,64.36,68.63,70.47,-1,49.31,92.47,15.7,33.86,76.08,58.61,28.15,97.05,49.36,91.97,34.16,3.09,88.73,11.29,31.79
7.7,17.75,39.93,34.25,95.96,80.34,43.17,14.96,57.9,53.96,80.3,42.5,88.12,8.56,72.46,13.8,45.43,59.81,36.17,35.41,6.58,35.33,86.28,20,49.38,2.87,41.67,5.36,9.7,66,6.05,1.06,68.79,76.21,94.06,45.34,10.4,68.88,62.8,50.06,84.63,10.32,69.65,14.26,89.2,93.96,15.31,25.72,48.52,56.36,11.69,57.59,92.89,3.89,10.58,62.35,89.11,69.03,7.45,14.09,81.99,53.68,30.22,43.92,34.52,32.55,10.41,14.98,78.65,27.76,48.85,53.59,88.79,87.61,64.33,35.19,67.1,65.93,20.93,53.58,10.79,4.26,28.06,38.6,39.78,-1,5.7,98.7,7.9,29.37,7.04,55.02,82.33,79.14,39.19,69.94,42.37,52.57,10.95,32.49
59.37,55.82,97.75,38.75,31.13,62.51,87.77,51.56,75.04,60.64,29.29,61.61,68.39,53.89,46.17,47.36,60.75,28.54,76.45,12.4,29.26,7.05,91.35,0.96,78.54,63.3,25.16,70.03,50.48,40.99,10.52,81.98,11.18,59.4,65.39,60.3,6.62,55.66,22.5,82.17,95.33,18.31,12.73,46.97,38.46,33.37,79.06,36.29,97.11,1.5,25.38,98.01,89.98,56.14,33.95,65.46,13.97,68.18,61.63,44.81,22.23,4.41,73.34,3.72,54.94,92.4,3.44,31.16,94.76,80.24,33.31,49.3,46.53,64.76,50.97,7.14,3.14,45.06,5.67,45.61,66.38,56.87,78.62,48.65,96.06,81.85,-1,35,32.99,80.5,66.18,71.34,8.75,19.32,39.91,1.28,94.85,40.06,40.35,26.89
57.95,13.78,54.73,66.6,95.9,34.45,33.2,62.83,99.44,78.64,6.11,63.94,82.04,80.8,2.35,95.34,55.85,92.76,77.55,70.27,51.4,87.14,12.35,99.29,3.78,92.77,40.51,68.88,17.96,91.62,16.75,14.82,99.61,25.86,87.2,16.02,73.81,93.77,2.27,98.73,88.85,15.2,5.26,4.59,30.47,12.29,45.4,49.16,16.33,51.52,61.46,97.57,74.03,66.71,11.39,75.36,78.45,97.65,1.83,36.01,91.81,13.03,87.44,78.19,38.18,27.56,89.39,97.49,9.15,63.12,48.7,27.69,5.86,24.95,16.61,47.78,94.28,65.03,9.19,6.61,8.82,13.76,9.57,6.75,35.55,7.36,97.53,-1,11.57,20.09,15.47,33.74,66.71,90.93,93.85,17.17,35.57,40.11,83.72,27.41
53.3,15.06,61.41,56.5,69.73,89.56,32.6,46.64,53,16.7,46.93,77.36,16.8,15.5,10.07,43.74,15.6,69.47,93.46,8.58,25.48,96.12,44.79,38.22,67.34,89.52,85.46,90.72,45.42,96.8,72.29,52.21,88.12,41.43,95.67,20.59,5.73,47.23,18.77,9.83,64.15,1.63,90.18,83.08,95.84,2.05,45.44,41.63,87.12,48.34,60.91,50.33,76.22,83.39,73.58,14.14,58.1,54.46,93.92,85.44,62.29,23.8,58.68,82.08,35.43,14.42,3.14,7.34,37.77,76.73,34.04,73.87,24.89,13.75,87.06,40.66,76.61,67.39,91.11,34.89,74.11,69.69,35.47,11.2,16.75,52.76,6.31,99.04,-1,48.93,13.41,14.42,41.27,54.26,75.59,14.37,79,10.94,49.81,30.01
25.78,40.89,82.36,14.61,71.97,58.76,35,41.34,44.97,22.72,56.27,16.98,6.02,93.08,13.62,5.88,86.63,72.13,5.19,48.37,14.12,42.9,85.6,10.54,44.94,18.48,18.49,87.48,36.39,5.61,34.57,3.15,88.71,37.13,63.03,1.9,12.51,29.85,58.79,44.3,72.64,0.06,34.12,53.8,79.22,24,21.07,93.53,40.56,40.31,31.73,1.89,84.25,0.9,25.9,67.7,44.8,75.69,47.84,97.65,57.77,62.77,79.33,32.64,50.38,32.08,43.16,59.65,74.92,11.28,76.56,79.87,48.32,16.03,0.34,16.94,53.36,30.67,5.92,56.15,48.71,15.34,57.93,24.24,78.71,47.24,61.04,28.45,25.16,-1,35.48,47.62,92.32,22.91,91.69,21.85,0.26,59,4.77,60.73
1.81,66.33,30.86,38.79,38.43,72.86,78.9,37.01,64.07,27.23,32.41,62.8,3.59,97.18,37.96,13.71,66.66,80.53,43.41,20.22,63.18,44.23,38.05,36.96,63.88,37.53,16.24,63.8,2.73,37.8,29.74,43.88,10.08,22.71,20.58,5.62,14.23,25.29,39.35,20.46,95.87,61.49,80.14,18.92,11.49,22.87,3.24,46.31,32.61,69.08,75.94,79.89,25.17,13.34,44.9,83.73,30.87,66.09,89.67,31.4,92.59,39.47,42.96,13.15,36.27,32.9,35.71,95.4,64.31,18.27,4.78,56.2,61.06,63.02,44.52,53.54,76.46,80.04,10.6,0.75,83.1,33.58,95.62,30.87,52.66,69.43,28.43,60.52,95.31,58.97,-1,73.44,4.29,81.53,84.62,17.27,88.72,58.9,63.54,61.54
17.23,48.86,24.75,1.1,2.5,55.48,41.06,76.3,1.17,95.72,34.07,16.99,91.08,53.46,36.23,97.3,25.82,54.73,76,50.13,99.49,83.05,74.24,77.37,1,66.24,17.4,79.69,75.53,68.46,10.59,92.1,88.9,89.26,94.3,33.54,62.48,22.18,15.98,81.53,78.07,3.2,37.42,8.3,32.82,10.75,39.38,44.53,44.47,88.14,16.25,28.29,7.31,54.6,84,23.55,75.98,85.73,5.46,37.73,87.5,92.4,81,69.24,82.88,6.76,10.92,21.36,23.79,97.7,61.12,55.64,11.5,2.6,0.76,2.33,54.53,23.78,54.63,91.53,86.16,54.77,89.18,60.21,58.96,32.93,69.21,7.3,69.42,88.06,37.44,-1,68.58,10.37,70.85,19.25,74.95,71.74,20.55,6.26
52.67,21,8.86,35.4,12.14,5.2,15.35,8.43,38.97,94.29,65.48,7.61,70.36,44.99,11.23,2.26,40.56,86.1,44.59,86.84,45.79,9.51,78.96,22.71,87.63,35.13,20.93,20,31.1,38.32,84.39,12.55,43.8,23.49,14.06,27.66,69.48,54.89,55.82,74.78,69.58,42.17,27.22,95.09,90.77,89.01,55.59,67.55,38.04,48.12,48.15,47.46,92.03,51.38,21.2,16.15,34.88,34.82,62.99,50.51,99.22,93.5,9.42,54.32,88.16,52.05,10.13,58.92,26.28,58.59,30.64,12,8.37,10.49,13.47,8.07,10.35,75.9,8.77,74.02,19.79,21.26,98.85,98.68,81.57,59.28,84.44,91.94,7.15,66.03,9.65,0.76,-1,5.82,88.32,39.08,46.24,25.39,13.68,43.01
30.22,33.91,84.71,31.1,8.5,63.88,74.23,84.1,94.4,17.52,62.22,93.09,29.92,30.45,84.09,62.5,74.28,78.72,60.26,74.37,64.68,24.25,62.74,44.43,38.67,70.26,41.8,63.06,22.94,71.61,42.64,2.75,12.87,94.21,41.38,26.41,76.7,2.98,16.38,11.31,5.29,60.54,33.67,81.64,71.38,86.98,17.99,38.69,91.31,36.12,74.53,7.71,59.91,20.9,35.12,41.24,73.06,35.89,29.27,3.19,92.78,77.15,22.59,69,47.07,25.23,29.89,37.74,42.34,60.05,38.68,74.06,99.71,12.8,58.51,8.2,12.39,25.55,13.41,67.28,23.28,55.95,0.03,51.93,96.05,67.53,71.12,6.92,47.31,48.6,13.99,99.77,19.58,-1,23.05,79.18,35.04,52.36,88.05,16.35
6.64,55.44,92.01,63.36,32.72,76.43,52.98,34.11,32.21,72.84,96.44,70.31,54.21,67.61,74.07,89.03,81.51,46.08,17.38,75.29,94.18,22.64,11.14,86.5,4.78,16.06,63.04,17.26,58.1,10.11,53.16,30.37,87.75,53.78,55.34,88.69,66.72,69.47,31.05,20.16,36.67,77.03,38.59,12.06,92.08,52.72,83.02,28.01,60.8,71.73,63.15,29.22,56.12,54.98,75.83,23.45,13.9,37.26,10.8,92.62,19.88,82.21,37.04,8.6,77.7,63.21,90.3,52.73,56.47,59.6,18.76,70.63,55.76,12.73,17.14,61.05,97.2,8.61,86.81,92.6,61.24,55.87,42.2,3.39,94.42,18.16,34.54,84.5,5.3,7.76,48.01,72.97,37.83,6.66,-1,88.06,59.74,48.43,80.9,36.93
45.95,58.12,28.68,64.76,12.66,21.61,35.79,52.72,96.66,12.7,51.18,31.73,15.61,95.15,39.61,88.84,64.32,20.67,55.97,18.22,49.22,83.77,69.87,80.5,17.01,86.06,39.23,99.8,79.7,96.33,77.16,4.64,0.39,93.11,74.6,93.99,99.95,64.75,68.14,43.28,2.87,88.65,68.84,22.56,81.45,12.16,3.53,19.89,81.91,9.08,83.15,89.81,39.89,39.72,96.86,64.78,56.6,84.5,75.32,72.3,44.71,23.81,23.68,71.74,24.64,56.98,62.74,68.93,76.78,81.46,62.75,50.56,70.03,17.03,50.6,15.72,51.59,61.73,29.57,37.02,56.69,35.24,62.49,78.33,49.52,45.89,86.3,0.31,99.46,95.56,87.94,57.8,55.99,42.68,16.65,-1,2.55,57.35,70.84,11.95
93.95,25.34,5.36,48.08,23.55,48.78,37.91,6.66,70.14,53.61,13.67,60.32,40.81,90.37,35.01,53.07,94.07,30.95,86.48,51.55,98.58,50.17,94.26,52.17,79.9,20.12,89.5,17.63,98.33,65.96,59.53,72.98,68.14,40.93,39.43,87.2,96.54,5.37,83.86,38.65,50.39,32.74,9.56,85.18,86.44,75.4,5.13,6.2,73.06,55.73,42.24,94.7,26.79,96.31,91.91,84.05,65.82,90.23,1.97,72.31,94.27,27.38,44.61,77.62,30.87,43.79,67.11,60.88,66.97,32.75,60.4,36.79,85.22,15.27,85.06,35.13,13.82,53.32,59.83,6.4,12.3,19.77,87.03,4.4,4.66,43.26,31.29,71.05,52.78,5.48,1.47,98.54,24.08,86.22,26.09,38.1,-1,66.04,4.06,49.53
69.41,23.49,8.66,25.23,58.41,50.53,23.12,38.35,46.54,1,88.6,52.24,67.73,18.37,91.19,17.64,38.86,61.64,80.78,3.83,10.61,6.59,56.76,96.16,48.86,28.12,60.05,82.74,52.8,47.25,79.15,81.43,14.05,12.73,2.7,42.36,45.78,99.58,5.65,47.01,88.17,17.74,15,20.64,16.55,93.92,97.45,65.99,61.18,27.34,4.77,94.64,3.55,51.78,71.97,76.5,57.02,73.57,8.89,42.83,59.12,63.96,11.73,43.53,35.61,90.68,78.14,80.25,23.64,13.95,98.21,28.09,84.87,20.01,17.69,30.92,80.68,64.42,11.64,83.53,7.43,51.63,74.29,42.5,8.03,42.86,87.01,97.51,84.41,47.15,65.06,60.78,98.27,52.78,67.84,79.07,4.18,-1,57.81,83.73
42.06,73.8,77.15,43.73,21.93,68.24,90.92,93.85,84.76,28.06,98.91,80.85,17.79,88.39,66.95,59.49,37.56,7.54,29.4,27.71,86.86,54.02,21.29,49.46,36.79,36.08,42.21,70.73,52.87,82.91,8.12,70.56,71.07,23.28,34.44,26.48,31.17,39.42,8.62,60.01,12.2,0.59,6.03,9.84,63.93,35.24,46.78,99.64,37.84,81.33,67.28,73.1,89.3,0.69,56.74,21.28,30.4,62.78,43.25,34.12,8.85,48.54,14.31,77.24,97.08,35.33,18.47,77.67,15.88,5.23,5.75,29.62,4.49,9.34,81.06,83.58,15.66,24.08,8.5,6.74,63.67,10.09,19.09,43.49,56.96,6.79,77.79,73.32,83.2,14.22,36.96,60.29,23.31,13.3,71.01,57.05,70.27,29.16,-1,74.9
23.37,6.86,67.58,98.69,4.68,21.92,67.95,89.88,66.89,59.53,3.36,5.11,28.46,10.54,70.44,15.17,1.7,0.34,88.87,4.13,92.86,42.22,79.75,2.22,32.95,48.75,20.63,69.17,91.68,90.28,30.43,35.51,48.85,1.56,55.85,16.41,68.68,44.12,32.63,37.58,45.53,23.38,49.18,41.97,85.23,39.98,94.34,13.54,97.92,36.35,60,98.22,56.75,78.87,39.75,99.4,6.55,81.85,57.99,26.66,78.13,69.89,37.45,29.65,48.05,75.56,65.06,75.79,24.85,71.9,54.52,81.78,13.52,89.5,88.17,58.27,39.8,27.08,97.19,20.99,88.93,33.96,81.35,51.37,22.9,35.69,52.66,7.41,81.78,33.78,90.07,19.33,64.43,26.34,61.74,91.65,55.15,80.82,44.45,-1
