-1,685.07,895.8,555.37,955.24,294.36,331.36,899.4,896.35,436.47,312.45,381.01,496.85,893.09,221.41,19.4,384.12,713.4,931.95,605.25,283.48,884.62,135.67,968.23,892.05,583.03,378.59,375.86,142.57,743.39,899.47,394.15,76.02,4.41,734.69,385.62,251.56,663.88,12.53,866.84,990.3,695.38,199.57,163.25,479.5,533.27,343.95,295.66,101.82,857.89,169.13,319.02,355.71,578.39,791.76,378.45,757.97,635.94,224.72,830.38,359.85,876.12,609.81,800.47,779.55,118.24,365.67,773.41,5.34,237.51,500.29,783.98,947.49,190.38,839.44,210.64,164.29,44.35,146.48,572.5,507.34,956.61,566.38,855.87,76.45,510.43,372.75,911.94,273.38,172.36,275.74,106.9,705.47,681.26,834.75,109.01,785.8,394.31,544.43,568.54
377.12,-1,961.01,104.21,754.21,101.38,148.7,106.79,467,273.68,673.32,238.41,639.83,834.19,714.91,137.87,15.99,186.74,22.88,599.87,191.08,132.41,863.12,653.63,209.41,211.73,822.37,823.32,654.46,383.07,44.13,879.16,592.32,471.65,294.34,978.12,951.4,35.86,665.32,306.79,560.99,937.73,838.94,904.46,295.51,563.5,173.34,304.53,980.3,550.57,615.22,528.85,587.4,653.98,545.76,799.19,298.96,194.49,309.09,297.24,32.57,232.16,938.71,235.1,102.41,325.56,719.15,561.61,561.78,548.48,992.04,453.44,870.42,408.96,646.49,205.56,813.2,479.22,671.67,370.86,290.88,210.48,494.98,895.32,65.47,878.24,805.78,474.11,914.18,598.62,988.19,115.46,49.08,891.27,204.19,926.72,547.95,950.55,859.65,673.52
104.16,470.65,-1,62.91,914.88,435.53,434.86,281.97,790.06,438.34,898.49,541.37,821.4,112.56,73.37,762.67,245.92,401.36,361.83,437.9,543.77,605.1,610.09,674.19,846.5,181.8,47.8,207.71,536.52,657.73,758.04,510.97,184.22,84.91,603,653.37,671.56,255.95,15.56,576.92,868.93,299.53,900.65,493.69,191.22,230.12,373.08,193.04,927.86,102.89,319.54,121.6,114.17,70.86,665.87,582.17,492.12,280.02,317.09,303.37,896.6,181.86,506.59,382.07,729.67,479.45,957.73,326.64,515.09,865.69,118.88,980.06,912.3,979.77,839.69,519.75,577.12,221.36,809.03,104.49,537.65,264.55,406.79,78.55,677.72,706.67,747.55,619.54,275.62,359.91,12.27,292.82,383.43,954.21,387.23,902.73,489.59,759.62,712.43,190.15
894.96,109.25,813.09,-1,82.3,733.15,932.35,199.67,275.73,381.91,327.23,543.22,240.51,174.2,260.53,232.13,276.16,589.86,920.78,724.95,605.02,920.9,684.87,353.27,146.02,344.36,335.54,22.29,221.23,364.95,656.44,122.35,821.14,862.08,221.76,146.02,204.49,493.03,374.85,962.15,963.88,543.76,572.05,125.74,706.07,573.57,796.85,142.64,200.79,892.1,268.56,935.18,812.87,913.54,426.96,826.17,292.03,323.6,106.69,699.01,792.55,207.28,902.02,188.48,765.22,17.52,91.42,354.91,137.52,141.14,327.91,825.24,176.89,118.45,939.17,508.65,400.46,411.47,847.82,73.84,145.15,330.31,564.5,824.11,22.69,587.19,507.31,75.08,941.16,48.71,423.79,22.47,888.52,87.48,971.34,141.8,943.44,140.62,578.83,232.07
405,752.57,772.98,970.17,-1,626.1,516.42,640.35,234.83,711.33,81.2,581.79,194.75,250.39,640.26,861.42,100.1,106.99,225.9,695.42,456.71,722.01,751.59,731.43,550.07,622.03,755.12,418.19,391.16,141.69,412.15,107.56,123.49,885.47,657.06,244.89,438.6,918.12,160.29,726.98,166.02,885.63,467.62,270.26,543.95,92.46,777.22,698.33,126.3,287.04,875.97,676.83,411.65,668.5,505.84,310.24,30.77,259.02,740.22,702.02,613.15,885.76,627.41,961.59,100.82,538.63,683.44,973.85,491.5,396.68,416.37,43.64,0.6,81.92,394.33,808.84,581.41,489.28,394.28,422.73,861.67,750.59,766.33,647.57,62.83,681.46,650.19,490.35,297.44,975.2,225.67,989.03,987.53,12.1,187.87,615.64,834.06,526.55,830.5,237.39
143.92,293.49,566.23,453.3,546.07,-1,729.43,812.22,375.86,73.14,298.35,637.74,789.48,667.67,202.16,40.54,409.14,152.96,922.17,370.66,795.85,9.44,564.14,448.97,814.98,674.29,378.27,869.62,818.88,916.11,155.35,773.98,915.92,38.19,707.02,539.22,244.4,551.99,274.22,950.46,653.85,846.27,165.46,564.42,710.82,970.35,220.02,32.5,560.75,726.94,228.78,698.6,145.85,625.22,422.16,351.67,251.54,500.06,966.85,470.79,91.52,147.9,250.39,314.93,706.74,132.84,132.47,113.54,791.57,440.78,848.11,830.93,399.05,881.44,842.53,156.66,794.19,811.62,568.48,462,219.14,395.71,526.8,921.78,205.87,128.27,40.66,194.58,90.1,694.06,640.79,21.81,312.05,598.39,359.28,464.98,211.85,405.33,649.52,735.98
105.49,606.17,232.47,710.48,594.6,381.44,-1,900.63,273.39,311.36,583,877.37,86.57,769.82,617.44,551.22,777.03,586.65,347.8,764.5,417.41,673.56,500.77,920.87,245.89,401.28,582.78,582.43,448.55,913.52,463.34,161.03,785.04,268.6,844.17,385.76,651.49,22.82,400.36,384.56,959.74,199.45,981.08,227.68,36.1,23.79,69.01,785.28,86.29,483.37,413.97,786.08,109.74,212.75,16,765.37,189.18,870.23,390.93,363.37,701.05,194.37,4.34,916.02,361.53,185.03,99.32,592.39,177.6,91.81,883.1,674.73,829.68,329.02,400.45,80.05,555.15,731.23,884.14,936.65,372.14,931.62,401.18,890.55,776.01,73.56,548.57,717.26,449.87,137.33,143.01,167.97,733.61,680.76,416,137.35,193.36,519.82,36.18,920.03
263.19,112.28,142.05,345.68,215.73,152.65,563.52,-1,676.47,549.75,231.04,493.46,872.68,463.84,668.13,376.1,527.27,195.2,91.99,98.42,827.89,254.2,847.42,448.48,281.54,863.84,774.92,152.12,515.84,58.88,471.48,346.65,438.12,694.67,421.87,801.87,377.46,464.81,463.91,51.25,103.61,852.03,789.98,953.66,806.9,181.37,453.17,313.08,119.83,965.41,438.82,40.89,516.4,385.73,424.4,77.47,45.27,429.75,219.51,93.93,111.87,71.87,484.1,623.15,347.23,241.73,108.51,488.57,846.72,483.34,776.74,830.51,823.74,382.89,952.18,175,559.75,396.1,324.15,463.75,616.78,549.1,138.1,227.21,38.65,323.86,996.81,429.79,216.09,248.17,947,424.47,79.48,69.09,507.03,249.96,193.69,283.23,170.66,702.7
689.75,745.01,189.57,520.13,446.63,84.76,446.02,253.67,-1,230.85,701.73,966.52,132.58,421.96,463.32,156.84,195.25,411.84,294,107.99,233.42,81.99,437.18,50.5,1.43,686.11,284.52,373.66,310.76,379.03,585.63,123.81,519.8,845.67,127.46,48.83,219.93,889.04,338.67,149.53,388.94,922.17,42.77,392.76,48.19,145.34,168.1,148.19,824.5,654.55,582.81,6.22,333.83,839.29,900.15,517.84,378.48,766.59,382.86,538.07,447.72,24.48,392.17,234.11,232.45,678.17,620.1,441.69,195.51,220.22,665.37,83.41,396.51,974.49,46.59,824.53,617.16,592.6,899.02,687.98,450.49,769.38,977.9,409.88,904.62,689.31,281.78,897.01,465.11,368.93,473.6,899.78,162.53,490.5,281.33,603.94,300.04,989.73,278.23,361.04
621.91,726.21,920.87,438.88,745.31,559.7,870.1,620.73,77.13,-1,465.38,473.46,388.33,306.43,205.64,495.86,81.71,143.06,634.66,944.07,209.38,126.55,5.66,237.07,656.26,80.78,791.96,557.26,513.22,813.08,62.11,621.36,439.78,80.05,626.56,681.73,990.85,113.64,247.23,848.83,159.11,970.48,429.36,578.18,396.31,416.45,970.94,468.54,888.78,193.38,162.88,6.66,14.8,356.48,105.25,80.89,527.7,401.16,258.54,449.53,114.25,314.83,836.14,954.44,913.31,502.83,404.73,609.87,558.92,499.11,279.29,385.59,624.99,590.36,23.4,156.92,897.92,890.31,93.19,395.34,990.15,204.02,880.08,360.19,837.31,743.74,160.36,778.41,999.05,244.34,127.33,762.28,954.57,213.3,656.45,524.36,483.39,611.23,171.84,397.1
113.15,762.82,731.69,808.27,255.89,588.51,636.01,623.35,604.36,672.23,-1,222.31,735.3,251.72,651.64,458.78,510.45,713.92,393.07,162.8,185.67,706.04,14.76,710.59,911.62,994.68,616.21,300.57,21.72,63.85,925.85,841.29,413.89,406.47,877.76,308.99,283.11,552.14,752.1,506.34,746.28,980.62,595.19,325.31,586.2,29.52,114.03,677.24,269.55,611.08,701.1,888.81,43.77,344.28,173.88,934.76,458.08,523.57,595.32,531.55,723.14,932.42,0.69,832.4,670.49,556.24,962.18,7.88,572.54,244.72,694.3,667.56,308.63,49.19,541.59,208.51,243,759.09,434.03,864.4,334.26,871.73,365.64,859.75,861.86,545.86,846.51,385.4,849.62,834.51,871.6,11.09,21.87,68.16,145.88,762,963.32,384.99,688.97,957.24
925.09,123.29,382.94,176.17,388.67,889.05,885.84,949.08,674.35,822.71,95.05,-1,152.67,30.82,95.15,205.41,386.97,22.19,121.1,69.09,879.31,386.27,461.57,116.31,535.88,951.95,510.4,809.72,140.27,887.05,902.54,144,700.04,857.46,162.74,792.04,134.03,404.82,326.72,175.86,626.59,501.62,59.52,289.44,549.24,934.09,649.38,245.62,581.48,941.58,395.01,148.12,587.18,173.77,24.19,837.86,893.75,375.24,582.61,492.62,319.35,801.83,411.1,520.17,313.54,953.95,69.92,959.01,189.55,88.26,831.01,207.91,884.09,919.07,438.78,483.02,822.36,269.71,70.68,970.29,73.64,612.23,61.21,171.3,789.23,429.74,603.67,368.28,98.82,704.94,515.75,177.64,328.91,544.19,343.65,204.37,80.29,41.34,210.05,775.97
827.36,358.77,741.61,859.99,796.49,989.9,250.28,236.49,218.22,593.21,168.23,343.97,-1,569.13,68.45,13.23,519.75,690.71,456.82,22.84,651.11,210.1,379.07,172.16,245.3,306.22,535.04,463.17,170.91,863.12,913.36,97.6,570.26,690.09,525.76,773.74,394.03,540.05,625.62,50.73,870.1,3.98,620.61,63.95,66.65,697.17,132.26,728.16,666.13,75.97,307.56,12.02,562.96,502.98,4.24,475.56,223.17,945.63,106.1,875.51,280.5,234.42,998.4,142.7,357.41,495.35,166.72,765.57,158.98,809.05,930.05,392.07,362.62,298.79,428.05,980.57,490.02,88.65,831.66,385.2,825.23,459.32,463.01,562.78,425.13,890.78,925.85,426.49,665.35,912.07,878.64,172.6,864.85,280.83,399.72,905.98,131.43,569.84,986.78,868.27
696.32,891.55,682.51,431.81,928.8,438.02,103.56,415.44,462.31,239.36,295.3,291.84,15.35,-1,928.84,758.6,93.28,823.67,875.62,2.66,706.63,63.11,277.8,359.78,173.91,491.57,548.98,415.64,222.97,704.33,846.51,517.78,905.01,572.73,366.97,883.05,213.3,632.22,406.91,116.32,59.25,802.1,313.13,374.74,838.78,961.11,500.35,713.29,423.61,997.49,110.57,632.98,791.37,863.54,372.8,493.05,879.39,80.8,3.49,706.91,895.38,742.47,602.44,707.33,466.37,246.53,257.89,713.75,82.83,935.54,715.26,481.22,199.06,18.37,477.43,415.02,119.28,763.54,388.11,416.62,10.07,115.51,692.98,370.32,174.6,805.66,593.03,416.1,846.23,396.37,263.97,180.91,53.18,483.22,178.37,768.51,500.19,958.32,693.15,951.03
667.49,721.33,757.28,974.4,554.6,811.78,324.48,375.52,891.94,98.35,738.41,985.7,792.22,177.99,-1,349.81,809.32,198.66,437.9,943.14,560.61,850.21,239.43,909.19,76.18,223.64,529.94,600.06,424.77,635.34,251.97,389.21,714.55,949.33,14.35,47.52,439.94,166.89,716.39,627.48,792.09,472.11,405.95,906.34,601.98,997.91,607.46,76.42,930.49,607.58,887.31,657.32,440.8,804.22,820.29,565.2,262.58,605.91,195.24,618.86,512.12,290.51,343.23,548.36,855.23,605.24,518.87,363.1,468.35,387.48,75.03,323.08,603.75,650.03,368.26,360.42,624.44,94.8,684.42,650.82,438.07,260.52,448.45,933.24,519.1,26.33,183.65,90.12,515.18,654.07,452.68,259.63,528.95,440.34,869.2,507.26,286.79,563.15,26.48,145.14
306.61,585.92,633.19,725.13,2.33,669.53,250.68,533.73,449.97,10.86,867.22,620.64,531.64,48.67,432.02,-1,364.31,544.82,647.76,436.23,752.44,86.94,55.95,919.09,205.31,682,54.84,994.61,951.62,325.5,469.78,366.07,321,247.53,615.34,476.59,670.11,192.47,294.35,673,941.91,948.42,886.79,377.66,116.19,987.54,914.28,933.7,754.12,350.36,158.65,94.94,82.66,341.28,953.41,287.88,863.19,61.21,549.52,443.26,394.99,710.95,84.27,835.95,213.53,159.38,313.62,346.36,450.09,246.19,407.67,876.44,927.98,122.03,326.82,495.02,777.7,89.14,526.56,844.09,719.12,146.8,385.57,681.63,212.72,259.31,109.27,789.31,524.17,699.85,86.64,916.03,898.96,610.27,558.87,121.82,622.02,700.12,375.45,425.14
931.86,630.32,560.48,323.29,367.82,20.88,777.5,578.9,677.76,600.63,355.12,660.37,826.68,239.64,744.4,390.15,-1,763.26,645.94,318.08,303.85,466.62,729.52,335.61,183.85,48.04,323.53,459.19,77.03,877.17,398.59,229.95,303.1,411.88,116.79,741.11,979.7,853.45,303.38,908.38,673.27,35.14,676.17,93.21,276.45,792.59,386.03,446.91,65.55,724.36,904.95,74.69,700.22,674.56,333.34,187.44,121.39,785.76,476.23,596.87,861.32,831.71,901.51,210.29,333.46,551.33,441.49,147.16,12.37,849.92,58.77,148.67,318.27,407.28,345.39,572.56,208.44,475.54,984.28,963.75,974.77,85.83,535.13,859.37,60.17,634.37,605.91,96.16,381.46,447.48,381.65,45.3,270.13,957.67,645.23,666.29,735.68,131.39,327.61,173.19
845.11,238.61,665.88,772.25,637.95,98.93,564.25,569.38,262.82,955.91,775.9,534.06,806.78,965.66,33.6,234.29,202.1,-1,542.95,516.52,504.28,280.74,64.05,63.03,711.32,966.61,474.12,227.18,961.49,808.42,422.64,977.33,317.6,172.63,881.26,706.3,122.18,554.88,405.12,569.32,146.8,420.49,166.31,81.84,973.86,808.03,781.47,128.47,887.62,928.9,605.33,584.71,474.81,12.66,588.33,749.61,790.17,20.59,831.59,184.66,51.73,855.46,573.16,522.45,39.48,169.04,617.42,670.34,46.2,986.59,60.84,906.31,452.93,194.07,211.56,479.27,805.23,297.97,758.91,402.71,158.29,630.97,405.46,120.11,951.09,650.25,640.18,201.59,355.09,768.75,117.79,290.43,305.64,900.11,596.29,760.72,398.9,291.79,600.29,880.04
444.67,355.02,680.92,875.31,295.77,317.38,419.42,734.16,396.05,491.04,421.85,346.76,223.78,967.83,353.08,330.64,387.23,490.07,-1,840.77,957.93,937.35,569.78,636.22,278.79,724.63,733.56,902.78,958.23,28.2,40.01,710.19,646.93,532.31,883.72,903.51,50.98,479.99,937.01,992.67,370.08,396.76,821.6,991.36,129.83,531.87,550.57,353.05,817.1,105.75,223.3,454.72,737.35,477.46,801.83,989.26,927.9,351.3,325.76,973.05,484.87,901.25,95.88,715.71,456.57,202.17,183.07,286.73,320.2,56.95,816.71,969.56,748.75,302.91,459.9,513.07,157.8,781.14,63.19,821.05,160.46,468.26,362.69,417.57,437.4,224.03,766.71,320.38,909.31,186.3,960.88,44.97,503.33,431.85,709.76,630.12,722.14,168.88,93.56,979.9
884.85,952.18,987.92,67.86,331.41,565.5,283.2,969.36,241.6,326.64,372.56,376.31,969.67,678.86,757.93,971.31,216.01,422.24,237.44,-1,243.88,954.91,331.4,418.34,46.08,319.45,438.76,707.1,173.65,7.29,465.1,363.46,77.78,233.21,308.23,370.69,588.5,17.7,777.99,2.25,932.09,57.66,424.48,735.91,125.14,271.04,931.53,404.97,743.85,533.93,176.19,587.46,376.73,548.38,11.29,484.52,778.08,330.72,686.02,181.16,150.47,59.04,433.85,352.7,212.31,484.43,539.77,130.33,600.87,565.86,354.6,899.17,420.75,180.32,404.34,890.92,401.66,868.09,695.18,790.3,14.42,380.22,802.2,330.04,2.7,504.42,646.77,207.83,681.84,591.3,444.43,228.16,492.11,343.08,297.29,567.06,636.82,209.86,416.52,21.18
589.72,803.78,235.48,796.14,339.04,595.56,456.62,487.4,392.47,357.57,845.96,199.1,960.75,769.57,446.18,666.24,97.68,714.31,723.97,972.02,-1,213.27,892.17,236.87,66.52,560.69,16.67,1.53,315.6,5.24,650.49,272.52,461.07,183.44,675.1,732.19,20.8,972.97,372.35,542.82,203.9,549.64,589.51,686.14,636.76,537.98,836,197.04,718.8,442.62,92.48,803.92,790.21,943.53,827.79,509.5,712.89,291.11,572.73,873.36,198.23,524.89,125.85,462.19,207.91,711.07,30.9,24.7,828.94,979.51,19.22,479.02,745.03,897.32,622.03,719.44,564.01,482.31,344.34,359.46,806.77,942.27,569.88,479.82,942.65,786.18,683.42,347.27,232.36,74.96,584.89,450.96,871.02,134.43,866.9,439.87,400.89,107.89,585.59,662.92
482.91,901.27,560.54,369.26,224.75,76.09,642.72,488.64,96.18,973.2,479.17,584.37,231.09,825.69,175.03,58.25,425.04,958.82,170.39,455.63,725.98,-1,893.38,408.78,143.22,231.11,866.41,488.99,336.22,679.52,431.51,91.59,469.73,140.15,153.95,716.88,217.21,894.56,391.64,360.62,897.68,812.52,747.81,614.98,318.08,173.37,28.83,433.29,484.73,632.55,883.62,20.62,769.52,187.24,682.55,562.19,57.29,361.29,963.19,35.69,585.36,880.19,338.8,430.94,460.26,580.73,672.75,953.54,481.17,974.32,466.58,346.19,98.63,798.76,61.55,368.62,729.82,337.49,788.46,403.93,143.5,563.75,12.35,258.82,490.4,553.16,845.78,589.06,307.81,128.75,924.05,606.12,891.62,446.4,864.92,280.4,437.11,7.79,273.02,386.94
814.43,695.04,701.99,933.93,353.14,21.16,470.15,593.45,892.06,990.94,784.56,89.4,959.76,80.96,365.9,977.96,960.85,833.31,347.93,976.04,9.92,46.57,-1,182.69,146.36,874.56,905.15,518.55,642.43,957.53,63.92,348.54,625.84,754.36,599.63,259.1,922.39,774.19,448.16,537.77,935.07,794.52,900.7,506.51,408.21,177.3,852.66,575.77,634.51,698.68,116.21,353.72,94.07,710.89,386.87,431.88,720.5,321.39,753.11,494.57,993.86,987.86,988.63,622.02,642.39,976.42,883.2,121.62,792.91,508.74,806.9,949.48,567.5,725.18,256.06,568.37,675.88,758.3,227.88,46.17,748.33,614.09,160.7,318.71,962.54,315.53,300.13,473.32,483.53,756.83,278.35,41.95,871.97,920.56,973.28,508.99,994.67,986.5,769.61,463.95
578.28,246.52,91.13,843.13,554.74,482.03,356.88,691.65,571.69,224.88,697.38,64.56,777.01,322.46,19.63,831.06,72.28,370.46,362.44,204.71,144.66,460.64,194.6,-1,218.51,452.93,34.67,472.72,925.26,215.29,439.44,61.68,823.81,972.34,761.94,199.26,675.53,163.33,19.54,772.31,483.88,52.09,501.37,59.8,340.87,994.08,39.06,470.39,360.35,79.4,317.02,277.92,106.76,754.74,252.94,819.87,235.51,207.48,699.08,472.04,905.17,601.45,622.55,955.8,573.56,401.28,801.75,614.02,837.9,819.97,332.55,859.52,452.96,941.3,57.3,632.4,660.67,181.19,664.35,797.55,496.66,405.76,475.73,140.38,154.44,97.91,790.66,468.2,338.02,426.23,41.35,415.61,150.44,195.45,342.91,493.42,48.27,809.21,717.29,610.41
308.56,471.32,631.17,731.65,387.01,145.12,474.86,200.42,503.01,46.97,956.89,729.45,770.4,719,552.11,587.69,250.71,4.78,645.15,346.32,861.56,68.7,710.4,773.58,-1,617.21,747.72,658.54,724.97,429.2,979.06,984.98,592,434.95,308.53,944.39,893.06,463.18,966.09,929.25,528.64,138.27,715.02,988.36,55.71,472.57,791.03,762.32,800.67,910.85,738.01,464.96,443.82,743.28,910.24,45.32,765.74,819.21,27.81,280.02,841.52,181.95,959.24,92.43,689.44,385.84,126.01,803.01,716.51,323.16,225.16,278.21,457.06,803.76,143.17,694.51,93.87,132.3,572.11,541.01,949.86,536.67,93.45,900.49,864.6,59.54,367.13,43.65,744.81,661.94,238.57,316.23,240.39,970.29,598.36,977.58,657.29,763.52,99.27,708.1
913.17,939.64,392.78,566.11,590.45,445.45,989.13,151.85,556.47,448.06,531.15,755.62,821.65,822.69,659.24,359.42,982.76,896.41,307.53,124.46,845.62,873.1,850.17,690.18,853.98,-1,612.89,271.54,323.7,696.41,652.46,736.43,188.53,948.41,572.36,626.5,864.8,896.24,546.43,130.73,532.65,873.22,10.63,536.98,437.44,534.71,651.54,310.89,495.51,101.81,600.85,280.61,986.7,919.26,764.95,377.47,774.31,404.85,31.19,650.01,121.23,260.84,805.27,106.59,949.67,70.41,258.81,52.65,838.73,999.96,667.07,699.76,807.72,165.12,308.94,676.63,129.93,156.87,395.38,177.45,931.93,96.17,277.8,300.02,409.12,370.06,396.79,263.62,865.96,744.44,39.64,545.75,14.16,86.63,33.27,803.75,632.01,776.86,454.48,503.59
87.69,873.85,888.87,613.44,703.23,140.16,91.42,359.89,265.96,368.54,845.08,791.02,466.07,984.5,973.37,5.33,286.92,214.92,379.99,648.1,763.69,766.41,529.04,902.22,136.11,591.02,-1,907.17,880.11,613.74,562.54,230.11,867.65,349.03,726.64,613.92,41.15,984.96,863.83,874.11,445.3,109.46,711.67,42.96,569.39,602.5,952.16,950.73,721.61,806.77,422.68,380.97,608.84,709.2,374.59,507.25,570.33,991.33,677.43,835.77,243.63,300.03,398.6,570.52,1.29,744.61,414.4,215.33,132.37,192.86,434.44,138.89,742.73,121.14,153.56,572.91,145.21,822.62,719.39,884.18,960.23,697.28,312.78,742.6,532.44,383.92,804.3,200.39,54.1,715.8,348.32,195.29,556.75,994.81,916.49,650.11,940.29,201.43,812.4,69.07
0.8,369.05,149.21,411.05,275.7,896.73,174.09,89.49,629.06,512.2,786.61,576.04,577.79,268.14,226.19,311.42,907.74,655.93,83.44,407.87,18,752.71,643.78,574.99,214.12,804.7,160.36,-1,221.39,516.26,693.86,313.82,213.42,761.72,271.44,317.17,174.59,903.97,679.39,590.34,592.93,35.84,196.23,486.63,811.87,440.09,761.02,249.58,650.01,781.75,891.76,387.93,288.25,836,511.44,889.56,511.52,854.98,407.34,389.99,155.67,888.82,576.21,758.31,33.32,999.72,974.69,296.34,868.64,534.5,47.79,674.39,940.72,879.47,304.33,863.63,161,120.98,156.66,591.03,532.86,873.93,2.17,369.34,647.92,676.4,17.3,672.69,334.03,408.67,450.12,777.56,279.83,533.12,295.76,764.57,102.81,958.13,790.4,631.77
343.8,647.24,543.51,973.35,816.22,539.97,844.73,382.05,109.39,183.43,685.74,822.16,957.18,765.93,944.79,141.69,33.02,636.1,950.64,147.17,961.4,516.41,80.33,769.46,953.41,254.98,602.26,771.04,-1,210,382.5,247.37,984.88,569.31,380.67,719.33,238.01,476.67,607.08,11.3,962.24,479.81,576.8,75.36,932.69,241.76,783.85,27.68,6.28,192.23,863.21,329.93,553.78,51.18,902.46,204.12,746.05,110.27,735.52,719.89,109.86,614.96,155.54,207.02,11.69,440.78,213.61,568.21,981.23,223.29,469.21,681.24,339.18,183.37,125.64,425.73,325.4,608.51,466.26,904.92,280.24,455.45,87.5,730.19,271.16,776.41,777.08,855.72,449.62,130.8,619.15,351.57,943.03,385.54,213.17,274.09,336.13,776.42,999.65,314.1
943.05,192.21,69.86,915.17,748.01,184.56,323.53,980.87,438.06,324.88,873.29,36.49,760.5,132.82,883.64,447.65,601.25,448.57,845.33,241.15,766.85,368.61,398.01,798.08,281.4,897.62,84.35,341.26,444.76,-1,558.03,158.69,26.27,680.04,26.32,307.34,107.59,775.14,633.54,990.68,957.6,349.72,876.83,738.93,860.05,373.01,324.99,327.14,980.73,897.83,923.79,463.27,446.64,406.04,739.48,245.03,531.13,495.41,385.74,543.38,576.61,370.5,756.7,252.05,373.06,309.58,368.95,658.77,281.22,706.32,251.8,711.73,762.88,118.56,517.7,983.87,890.08,724.85,978.84,469.26,420.99,757.81,779.47,259.67,604.44,553.26,514.69,183.38,54.75,841.57,87.24,204.85,891.95,741.71,496.76,203.1,333.85,421.47,124.74,561.36
928.23,986.57,938.69,547.45,931.43,608.31,725.5,173.07,675.88,376.29,743.58,362.24,153.62,733.66,525.55,297.26,438.53,464.06,720.74,426.86,423.98,962.87,248.38,172.47,803.89,475.88,555.07,538.82,12.12,936.2,-1,199.46,730.13,351.27,492.12,700.14,906.76,47.33,520.32,989.36,803.28,501.9,992.32,800.3,915.95,563.49,941.42,837.58,526.98,473.68,725.47,545.68,521.81,780.26,405.89,734.7,570.57,389.4,909.78,834.04,337.83,357.35,255.6,762.7,393.44,803.47,529.41,805.05,677.73,667.77,928.06,98.36,171.12,811.62,310.74,584.42,32.63,923.85,259.17,402.06,989.72,74.67,875.55,241.2,115.42,577.06,687.86,18.4,121.59,907.23,372.86,183.37,205.54,185.53,559.01,46.46,451.36,303.11,570.28,94.13
705.95,170.29,912.54,103.82,555.77,906.15,739.4,88.14,39.74,16.9,258.16,80.27,557.92,403.14,347.68,179.94,804.02,907.79,673.16,221.73,460.73,90.06,293.1,275.39,385.97,183.87,42.59,577.01,763.2,662.01,204.04,-1,258.78,996.52,493.31,689.46,467.78,734.42,392.31,529.59,513.03,523.07,654.35,314.17,60.47,459.91,696.64,277.66,6.99,628.9,980.07,445.75,650.19,519.94,838.65,554.69,381.06,338.12,795.5,330.23,541.98,419.8,167.75,208.12,537.43,649,722.85,736.19,914.01,321.58,815.54,72.44,288.32,608.08,182.38,71.69,62.97,689.34,719.03,831.98,820.63,992.09,628.6,707.38,584.87,263.23,460.67,721.78,548.2,735.42,613.69,52.01,306.68,872.49,794.03,445.22,965.62,914.57,191.78,874.77
285.13,401.92,461.12,751.03,879.75,29.64,435.93,325.11,386.53,175.69,851.62,71.43,154.27,728.72,502.18,223.04,991,266.74,262.6,36.23,813.61,44.91,782.15,822.56,711.61,570.35,844.02,661.75,101.64,518.99,952.09,522.55,-1,122.85,887.08,893.31,21.29,137.15,3.85,783,351.69,558.56,255.23,3.71,631.21,29.99,192.79,852.09,325.93,44.57,943.58,549.74,513.16,42.27,755.7,803.06,895.95,768.25,263.98,371.93,30.22,921.36,160.96,271.57,376.04,524.99,775.24,148.09,780.69,676.89,946.75,941.94,57.52,875.75,236.82,771.96,1.71,791.83,157.93,753,458.08,380.27,232.85,528.97,474.43,824.93,547.06,700.29,889.34,868.75,683.42,527.09,484.63,717,332.26,869.97,855.12,899.43,478.03,208.09
930.03,754.11,622.28,919.1,193.28,8.68,973.75,417.24,967.45,945.84,432.45,721.84,521.32,900.23,551.06,784.71,589.64,676.43,418.34,31.75,385.4,326.25,217.87,871.92,841.89,623.56,86.92,87.08,850.52,691.75,145.92,143.04,273.72,-1,650.78,866.3,604.1,709.36,482.87,178.35,763.25,673.97,15.92,1.5,152.04,367.76,363.26,923.23,964.37,999.58,610.73,829.57,532.06,553.91,603.53,552.86,407.29,626.88,625.59,490.49,235.62,552.75,914.82,464.89,313.16,600.96,867.57,207.64,330.54,882.66,42.37,572.91,148.26,274.9,627.31,684.55,650.88,216.6,141.41,553.22,288.07,447.27,533.33,405.37,780.82,99.68,241.87,778.19,172.01,212.44,553.49,430.78,560.59,21.26,441.21,970.07,372.33,842.6,588.52,940.63
945.11,807.86,101.79,975.15,702.85,75.72,941.83,788.56,996.01,32.65,961.14,723.62,603.86,135.18,50,292.66,635.8,975.38,599.03,169.31,735.14,340.58,89.37,32.67,355.25,334.82,104.95,37.99,303.56,326.68,884.44,576.05,882.33,232.11,-1,437.02,690.47,741.14,857.91,829.33,814.94,847.39,887.83,150.44,748.52,307.81,714.79,425.64,76.17,805.27,375.51,792.66,118.92,531.35,446.37,60.16,727.98,784.65,662.16,398.51,460.78,175.65,427.57,119.62,970.63,212.71,609.93,689.23,355.29,793.06,831.86,286.63,331.82,691.73,843.85,536.7,78.11,19.34,113.08,599.02,118.91,375.31,997.36,267.51,717.1,119.56,535.03,527.99,373.63,570.61,680.96,328.99,853.86,519.64,936.5,748.04,494.01,620.83,981.25,257.61
79.44,442.12,795.82,472.34,163.43,39.96,802.17,201.13,746.73,388.53,889.08,530.81,525.52,197.6,651.06,766.51,990.55,531.19,406.96,664.47,201.37,698.63,648.75,905.6,988.82,161.95,9.51,189.03,484.88,714.78,463.38,973.65,687.71,401.38,914.05,-1,389.14,30.14,475.7,90.48,784.73,946.97,466.3,37.05,348.26,434.02,272.42,629.97,497.24,732.44,579.03,865,955.25,548.4,620.24,76.38,69.16,760.52,487.01,274.16,933.87,180.94,642.26,455.01,143.38,435.81,409.85,454.66,436.84,322.67,875.59,43.85,101.47,514.74,320.73,31.22,243.75,230.74,622.17,405.83,987.13,272.14,125.88,340.06,626.62,769.31,8.04,575.49,395.7,792.16,202.56,560.77,374.77,286.82,915.45,404.05,351.94,332.5,636.87,28.93
831.37,919.77,501.51,678.06,127.68,334.64,493.67,685.01,302.92,133.1,581.38,798.4,219.83,971.55,557.14,439.71,715.61,392.87,210.5,727.73,573.2,949.48,744.37,169.14,1.17,828.88,219.83,525.96,243.3,845.2,851.14,92.51,489.06,705.84,420.89,761.91,-1,227.06,473.52,186.3,668.34,216.25,247.89,725.19,704.46,484.28,621.8,393.21,841.17,522.07,646.4,941.91,308.84,533.15,522.74,446.74,469.86,420.98,519.92,292.65,982.47,434.59,990.71,416.3,527.47,30.05,508.46,724.61,905.57,15.42,240.45,249.02,420.88,167.46,213.95,591.85,621.92,89.48,387.75,684.93,503.11,652.2,74.12,241.23,686.7,769.73,427.64,966.77,135.14,452.67,48.49,395.64,601.66,820.8,796.4,728.89,811.84,717.23,169.68,238.27
938.44,674.15,694.42,583.67,672.87,339.5,848.37,311.98,492.76,941.98,671.63,184.8,297.23,83.02,946.94,575.69,738.99,28.02,736.59,836.33,106.94,433.41,374.9,533.06,55.75,739.37,149.3,260.89,954.91,564.56,164.58,20.47,806.36,216.69,998.65,152.14,689.62,-1,950.04,918.32,414.28,52.85,996.22,102.17,994.95,921.12,664.1,963.1,884.16,291.77,86.06,266.88,104.68,869.37,262.89,654.77,427.82,157.89,157.8,688.45,868.26,261.81,33.67,694.87,724.75,667.03,520.36,600.41,760.32,950.13,251.69,79.27,649.24,121.36,597.78,564.03,614.19,575.89,575.74,661.44,961.23,724.7,218.73,875.04,399.5,218.5,150.35,786.39,121,639.01,192.41,649.45,271.94,584.12,953.82,432.83,688.18,403.76,179.97,104.19
963.03,171.7,809.47,689.11,931.97,135.84,191.79,550.51,787.87,806.67,104.83,807.09,801.67,470.83,526.09,693.99,29.52,10.06,422.02,549.92,869.24,899.45,126.46,985.75,61.44,634.4,300.97,585.83,56.26,55.74,852,244.55,895.66,451.27,764.03,929.41,83.27,580.91,-1,972.84,210.47,100.46,747.64,286.15,354.14,749.49,998.28,794.52,494.77,945.56,895.97,732.4,651.12,551.6,396.77,335.91,593.98,805.39,598.15,231.06,87.41,222.95,653.2,622.73,27.18,317.84,258.74,106.32,616.83,698.2,323.29,539.05,609.45,445.66,333.83,628.12,78,8.81,51.55,864.51,393.26,697.28,672.51,806.54,978.01,420.18,468.96,208.88,118.31,122.44,452.33,195.39,65.13,551.24,276.44,431.44,334.08,406.63,591.89,833.73
830.36,905.06,923.94,169.39,741.17,646.06,839.22,398.67,496.73,348.48,654.91,972.81,326.5,224.97,474.76,380.93,36.61,401.34,356.95,348.8,499.33,260.89,992.38,758.94,111.81,490.95,491.32,447,928.16,526.68,566.86,552.02,714.26,141.05,1.78,37.62,58.15,66.12,296.67,-1,737.09,408.83,130.32,201.42,785.1,269.87,457.53,565.49,793.89,707.58,499.99,846.97,247.85,127.04,640.44,383.47,794.98,365.92,587.61,907.06,415.94,477.41,985.38,328.35,384.09,457.19,712.95,352.52,270.52,23.65,745.04,335.32,39.8,315.85,364.88,808.48,243.56,291.19,353.33,550.91,428,811.63,385.26,560.25,790.7,717.05,722.78,766.38,377.31,306.7,298.09,257.98,500.27,173.85,443.57,20.55,361.99,344.36,156.67,560
414.48,628.68,537.91,345.51,530.85,622.32,264.88,29.15,206.3,313.2,900.75,560.48,104.02,243.68,376.19,455.78,526.53,311.24,576.28,862.49,476.57,880.15,331.2,493.51,377.43,590.03,315.4,915.51,898.26,420.32,205.22,667.43,599.17,374.82,503.42,679.34,524.9,304.98,212.26,616.56,-1,831.08,593.05,953.51,852.97,535.1,539.63,485.86,736.79,930.72,643.91,575.35,365.12,893.37,654.83,143.01,735.34,185.38,645,193.24,728.36,834.22,716.02,204.73,63.04,502.24,189.27,803.48,196.81,347.19,793.94,153.62,257.32,861.6,919.99,448.98,983.66,227.2,501.94,871.7,267.22,495.92,133.15,544.04,785.48,675.83,358.09,731.14,816.84,587.22,235.52,326.6,21.7,36.86,740.33,358.67,230.6,708.92,924.14,746.05
848.87,26.55,432.71,324.68,727.58,724.93,602.18,343,501.63,580.02,613.39,868.96,169.69,321.7,32.54,87.71,326.56,943.65,833.66,140.47,287.77,511.09,464.07,4.89,170.43,28.05,936.43,289.69,633.24,381.78,954.32,526.77,962.16,856.73,698.67,379.1,622.95,868.87,950.42,205.73,541.85,-1,735.7,656.24,473.18,671.72,284.42,398.99,505.51,547.64,359.03,407.21,816.41,424.78,532.85,309.05,87.33,895.73,997.72,683.01,584.83,84.97,464.79,251.08,569.51,113.29,908.15,496.7,338.37,465.56,992.21,287.57,729.97,382.15,900.36,757.77,789.63,607.4,610.09,303.2,397.89,89.69,276.35,610.78,844.8,347.73,592.16,501.9,463.23,310.36,889.82,622.92,921.67,250.86,25.1,977.42,221.1,827.83,294.29,285.91
268.25,233.53,796.35,686.7,286.73,823.84,892.28,445.2,253.53,90.87,260.42,160.09,43.07,349.25,852.93,398.91,334.93,416.66,309.54,476.78,228.76,782.32,760.4,248.17,332.99,367,327.62,435.96,683.36,527.64,418.23,296.36,722.58,656.78,622.14,68.92,147.99,588.13,998.06,794.83,232.83,572.49,-1,137.41,970.67,585.04,996.99,441.9,745.26,996.71,996.33,57.4,408.68,996,743.3,898.74,795.32,800.04,567.58,206.84,891.76,149.96,399.69,100.83,975.95,845.37,167.71,175.41,343.51,96.61,596.31,800.96,106.92,86.67,204.66,431.57,515.96,291.3,690.05,130.44,99.73,267.22,17.35,595.29,160.56,619.98,708.77,549.29,941.59,453.24,454.61,0.98,78.79,578.31,436.83,957.36,821.75,688.28,568.83,806.93
826.22,59.5,307.73,841.36,583.54,229.48,47.25,716.33,528.03,335.91,270.43,758.34,739.84,722.83,139.09,312.7,863.66,664.25,263.77,603.81,301.13,137.38,950.02,981.36,136.76,526.01,433.52,844.55,447.4,810.89,741.95,557.37,153.13,836.95,613.73,230.53,916.82,883.39,10.09,661.43,663.89,960.85,801.22,-1,761.32,563.98,838.85,735.11,116.43,810.58,244.84,859.5,282.74,651.94,917.11,386.66,870.31,57.61,709.1,832.87,712.8,323.29,569.82,9.76,959.77,93.28,351.07,963.66,11.4,541.2,563.17,738.73,58.81,320.75,325.77,998.7,67.04,369.65,641.64,999.45,580.69,303.16,516.94,341.24,591.52,511.94,325.64,66.44,628.45,211.32,484.41,324.04,217.02,896.69,536.33,95.73,668.16,768.21,359.55,617.1
245.57,481.11,552.99,356.52,375.97,773.59,875.12,747.61,924.22,883.09,950.71,707.76,457.41,880.12,317.13,359.96,847.61,942.18,37.17,597.51,161.55,886.66,260.41,663.34,992.13,946.64,622.6,15.21,729.16,287.54,797.99,342.58,402.42,857.53,900.93,72.11,308.19,647.8,675.05,477.67,265.8,990.15,358.48,991.72,-1,97.03,664.5,217.61,767.5,92.83,557.82,923.49,187.87,401.16,987.28,609.57,260.17,885.72,599.37,925.77,921.14,36.52,69.92,527.44,647.98,452.6,5.74,379.53,45.68,651.98,873.5,351.41,515.05,354.55,64.89,128.33,478.4,779.58,413.02,309.74,726.1,56.39,387.62,71.2,671.79,176.69,522.5,642.36,749.03,441.88,973.72,102.18,27.3,146.05,985.86,194.73,552.3,900.78,783.24,408.88
429.67,719.13,792.18,327.39,842.85,239.91,810.44,196.36,177.24,329.64,963.3,967.84,236.13,482.84,615.64,469.85,385.68,722.11,448.54,150.48,433.33,597.85,419.2,415.23,404.95,28.32,153.02,658.39,445.23,296.77,948.93,667.88,663.29,563.84,860.43,395.91,737.25,531.36,138.12,898.31,305.08,321.74,916.13,487.92,683.45,-1,118.38,426.06,992.19,702.38,5.19,51.08,600.44,87.59,258.77,365.7,140.37,447.58,767.39,921.72,519.31,693.41,556.49,103.45,670.56,985.18,71.25,324.69,482.75,240.31,735.49,866.61,429.31,581.8,403.74,710.09,20.78,454.2,599.93,613.68,197.84,357.59,307.54,975.17,284.55,657.97,461.15,834.45,552.5,219.17,83.23,500.47,491.33,612.32,966.88,389.1,700.64,299.79,511.24,817.74
623.12,499.35,476.58,311.14,257.81,210.87,716.91,796.7,231.49,457.69,579.56,304.36,316.74,87.74,592.55,952.18,151.66,325.1,633.98,467.28,371.23,102.01,487.13,17.94,306.74,483.95,102.17,698.54,736.35,53.9,468.91,441,633.03,685.1,908.37,397.11,689.25,338.18,304.11,145.57,993.23,917.19,894.79,733.33,520.54,685.47,-1,670.85,301.31,65.47,760.83,854.67,718.23,617.04,201.74,163.25,298.86,765.48,155.86,841.48,885.75,342.57,680.84,668.62,938.92,340.38,781.37,658.99,662.51,457.15,347.01,641.19,169.4,175.87,555.41,368.37,808.27,214.66,767.82,259.62,755.54,179.93,223.93,932.83,923.67,561.7,173.71,895.02,818.17,99.02,415.52,980.48,136.47,400.8,96.19,834.51,283.19,60.08,151.21,55.59
557.39,167.16,526.07,640.02,175.43,360.67,54.69,738.71,954.43,469.68,871.12,914.3,779.14,689.58,905.49,350.55,749.98,277.49,155.15,37.6,187.4,183.58,6.63,956.54,434.11,535.54,258.86,887.25,480.79,354.23,399.62,501.41,990.28,392.29,183.96,867.74,967.84,375.43,992.73,937.7,680.02,254.35,738.49,911.6,299.72,135.4,932.71,-1,441.64,103.19,909.01,223.73,234.75,289.18,230.13,504.69,219.94,238.46,819.12,12.69,463.47,362.19,435.5,348.34,90.99,55.74,590.08,725.27,429.16,240.69,316.11,429.61,588.25,46.38,706.02,642.28,991.37,215.73,411.61,20.63,309.52,187.29,368.22,923.55,305.98,745.65,910.77,21.27,315.62,776.46,252.97,535.66,659.68,551.09,721.75,935.61,902.5,721.93,609.75,995.12
118.72,133.15,958.58,19.76,526.58,348.58,291.57,346.92,730.35,180.53,391.04,998.45,26.53,170.54,190.51,555.94,848.98,307.42,952.55,99.97,526.16,974.65,654.07,551.13,216.94,536.77,446.24,847.84,790.55,884.12,287.2,118.51,674.71,914.39,20.83,520.61,89.35,855.12,491.86,566.42,422.85,615.7,143.42,32.55,617.15,924.2,836.69,40.08,-1,332.35,502.54,650.62,629.8,414.72,495.95,588.13,71.73,483.52,269.75,441.78,953.67,853.07,590.7,448.6,101.48,463.72,883.19,880.51,545.03,731.87,423.46,859.17,788.91,991.88,448,680.38,142.65,759.01,529.67,494.71,150.01,998.1,853.14,508.45,215.22,796.46,676.76,254.91,850.9,61.53,328.58,769.24,236.58,648.34,453.14,752.44,9.98,272.46,583.92,325.87
393.72,374.43,963.67,277.39,143.94,338.38,541.09,894.73,485.34,515.57,807.17,510.15,459.1,834.19,980.37,276.37,518.65,547.51,944.88,398.16,295.9,803.18,852.74,681.18,100.35,726.91,476.84,360.1,812.69,745.55,157.53,769.39,955.55,679.7,382.75,372.15,986.3,93.33,587.97,119.09,202.25,808.16,283.45,577.78,34.79,125.4,962.46,64.64,306.47,-1,469.33,441.94,193.15,689.68,784.26,321.59,402.03,588.97,686.29,890.58,341.56,784.79,377.8,380.55,421.55,507.55,21.29,334.93,598.29,231.76,496.26,1.44,949.57,312.32,209.63,546.32,357.19,767.64,67.16,483.93,160.89,894.42,962.94,886.64,28.17,662.35,783.72,121.37,264.27,225.76,732.89,290.74,174.67,435.44,780.65,468.32,169.54,905.58,11.39,248.77
685.96,309.79,958.18,744.22,307.27,529.92,122.02,604.27,744.33,609.35,10.3,944.56,470.07,549.76,397.32,877.4,815.88,996.48,867.62,693.56,700.08,783.57,234.79,228.41,363.4,583.92,358.3,183.12,800.44,548.7,513.15,706.78,275.88,505.67,140.38,487.27,76.28,192.95,605.06,893.44,667.42,427.88,955.86,721.43,764.91,320.1,100.89,250.19,764.5,511.44,-1,348.08,974.52,501.36,836.36,371.45,633.56,43.09,448.89,707.04,781.52,221.02,702.21,768.37,22.41,970.01,588.03,854.3,681.6,426.38,857.24,704.1,124.93,220.59,273.98,6.54,346.69,451.03,747.49,486.25,595.35,259.19,316.4,578,545.33,381.81,295.36,919.55,624.51,695.61,3.41,492.96,385.28,709.61,70.82,818.34,922.2,970.41,980.81,798.52
686.39,665.2,275.53,132.86,130.76,33.77,848.43,921.44,867.34,760.68,924.18,280.24,924.53,500.49,422.61,399.74,977.21,613.9,229.36,611.62,292.77,439.75,545.51,995.35,662.39,617.45,842.41,259.45,839,725.39,717.14,827.69,395.19,185.75,168.7,638.33,791.93,477.95,944.85,896.47,584.05,604.72,402.24,228.19,256.02,71.87,238.99,571.09,9.11,945.94,829.67,-1,280.13,737.07,745.99,302.26,231.77,479.03,722.93,386.43,472.07,705.24,803.09,593.3,471.07,112.71,523.4,504.99,12.93,525.18,150.11,111.24,665.57,581.34,424.33,586.24,323.1,706.78,139.79,193.24,39.75,461.74,452.42,455.43,371.36,109.74,645.77,865.32,920.38,697.4,746.34,702.78,271.98,420.55,578.26,379.7,264.63,429.41,33.1,761.6
303.61,136.3,207.37,345.93,133.31,157.36,4.33,487.88,987.74,970.75,630.15,169.21,49.67,723.96,647.51,682.23,774.36,733.18,424.02,767.26,623.84,576.56,655.26,968.4,263.57,955.51,423.93,260.49,894.62,359.4,416.45,369.37,517.98,69.67,370.35,553.35,776.02,206.22,331.83,140.59,930.29,4.04,21.61,705.63,943.6,710.05,523.71,485.98,330.03,479.88,29.85,440.24,-1,614.67,44.88,26.32,822.55,225.58,822.86,201.91,93.85,21.59,238.06,276.16,980.91,421.98,969.73,177.5,984.83,597.95,185.17,214.11,451.54,228.55,566.75,8.24,823.68,886.63,557.29,648.68,327.31,400.1,733.39,257.98,425.03,442.93,501.54,423.4,597.62,847.06,373.63,761.75,705.97,607.86,907.12,748.18,389.51,127.87,813.72,85.99
215.58,551.18,306.91,261.35,643.06,182.3,723.8,418.28,315.89,810.4,714.01,517.55,457.6,594.61,23.03,167.89,635.66,91.38,958.47,998.05,220.72,836.58,934.43,220.24,465.39,577.02,630.34,851.34,694.94,974.86,777.09,317.21,473.45,225.67,325.8,580.42,844.78,169.72,137.05,899.14,593.42,770.38,274.62,400.22,905.31,649.4,127.43,975.05,447.17,338.74,974.85,412.71,815.94,-1,955.44,542.01,877.54,702.55,810.92,217.5,617.24,985,424.93,417.75,109.87,217.54,903.03,910.28,84.08,921.19,395.15,568.61,362.03,545.81,394.56,472.03,683.53,514.96,584.29,866.59,972.53,240.87,809.97,256.07,558.63,673.09,304.98,331.85,619.77,143.18,956.06,2.69,104.56,13.63,147.65,616.51,637.73,277.88,447.23,229.87
874.03,611.35,173.96,87.4,61.02,489.36,171.51,627.47,699.24,971.13,636.75,341.61,653.62,219.22,458,928.6,304.11,53.02,343.68,959.38,43.31,878.56,467.84,752.19,235.79,902.78,369.67,601.23,711.83,312.22,795.78,36.55,645.88,797.74,579.53,215.79,32.37,691.33,656.62,791.02,392.68,934.85,759.14,846.21,88.24,433.8,811.48,361.89,465.08,464.74,156.73,747.89,280.3,385.33,-1,651.64,478.54,932.34,382.71,594.39,279.23,912.97,291.38,614.53,364.8,666.96,937.03,227.28,60.65,128.47,87.35,728.33,771.12,987.06,298.81,552.6,836.66,911.83,589.61,231.87,467.23,923.93,922.24,883.01,577.11,226.34,645.86,314.23,327.3,231.3,620.64,774.54,96.53,387.44,752.36,556.09,629.11,744.93,294.36,828.6
149.1,670.24,120.35,434.08,925.53,729.98,563.57,262.94,903.46,238.26,335.68,826.49,798.13,172.85,833.66,684.72,952.37,445.98,643.32,35.19,16.43,880.64,729.39,822.74,384.61,657.94,871.77,982.26,570.82,95.34,547.94,914.2,27.88,172.86,783.21,948,233.68,530.86,938.98,688.53,854.25,98.88,85.37,611.87,14.73,127.63,635.29,653.6,628.55,366.97,231.1,73.85,939.39,720.63,76.78,-1,719.5,470.25,873.76,239.33,137.78,827.99,694.37,978.17,707.27,218.06,457.27,536.42,525.67,119.41,420.13,279.88,389.41,174.62,720.9,803.64,437.56,913.83,704.22,625.86,470.81,769.56,753.22,659.16,590.3,103.74,603.3,808.49,189.56,783.78,830.48,630.98,13.25,835.2,911.46,949.32,657.4,165.94,338.39,700.44
535.02,98.73,998.5,460.22,985.55,458.93,520.46,98.28,779.18,594.43,6.36,812.82,783.39,834.8,462.7,420.91,976.69,896.86,989.93,445.44,210.71,279.73,283.48,398.75,297.2,217.35,272.04,955.16,432.64,533.44,630.96,587.27,501.1,370.94,820.53,162.48,528.66,766.59,811.03,768.21,69.03,883.37,187.59,765.06,614.12,197.45,99.5,133.42,359.61,931.52,131.06,496,306.05,8.23,1.29,582.42,-1,459.55,577.68,219.01,652.66,739.11,109.33,350.58,127.5,647.49,894.62,194.89,913.43,143.89,533.78,341.87,310.15,812.56,709.64,257.02,905.3,15.45,850.5,380.35,128.14,25.38,366.66,647.98,11.87,630.1,503.94,379.35,879.4,418.26,541.97,739.69,241.09,991.98,669.99,402.61,0.86,195.84,509.49,528.2
886.43,790.91,74.09,719.08,865.48,222.93,48.45,410.86,325.62,643.22,907.55,83.23,359.15,429.01,777.28,742.87,628.84,429.7,688.31,120.57,471.78,120.38,133.12,424.05,475.72,631.07,783.27,769.67,113.15,159.69,601,487.05,608.74,203.69,990.98,836.11,125.52,907.67,593.42,508.4,622.87,680.87,92.66,53.87,320.57,670.03,172.17,128.79,460.16,854.59,432.66,829.66,165.98,411.22,480.01,684.53,655.87,-1,504.33,999.59,254.8,429.66,452.21,645.98,619.71,67.65,653.75,541.15,182.41,994.65,61.85,892.42,945.7,229.62,836.82,821.19,503.3,553.17,470.01,382.63,914.7,920.82,997.17,136.93,506.08,515.84,973.27,562.9,940.6,774.22,226.87,553.36,346.86,59.6,337.56,963.98,170.02,609.45,986.92,321.34
97.92,215,892.03,74.72,319.73,300.36,1.34,89.47,954.42,556.75,115.57,872.63,421.71,87.01,168.98,173.71,780.56,799.29,119.83,355.76,771.86,431.49,51.52,978.82,436.51,598.65,592.72,915.8,13.82,873.69,143.81,758.58,96.52,376.7,510.32,980.63,251.52,324.32,124.99,98.51,474.59,695.84,634.91,713.49,345.65,700.36,951.34,42.67,773.65,427.63,360.38,343.75,136.29,789.5,445.74,541.51,675.46,603.85,-1,242.47,605.14,729.09,758.12,450.82,230.75,474.63,692.77,865.81,735.83,300.11,847.16,639.01,150.25,240.24,380.38,774.72,605.39,572.75,955.18,631.84,539.89,434.02,347.57,951.32,545.1,754.88,353.44,882.3,343.96,178.75,792.66,954.36,392.93,866.49,825.87,828.86,186.57,755.29,400.83,22.54
84.05,432.52,870.48,548.18,32.91,705.04,339.31,541.11,46.72,974.83,793.78,206.97,811.95,792.77,591.31,425.64,214.16,637.34,577.5,378.6,382.92,383.11,497.07,954.19,948.02,304.43,15.81,268.72,145.51,883.49,668.73,912.31,719.73,961.47,676.28,733.54,1.82,820.43,730.5,105.77,757.57,479.68,642.58,58.22,846.42,434.97,413.04,994.78,981.06,276.42,932.44,822.58,329.97,951.68,641.89,675.68,30.44,49.02,327.19,-1,683.41,328.23,930.38,565.68,953.88,56.45,876.71,984.68,545.7,380.21,218.7,493.99,636.61,453.29,423.09,767.74,660.72,209.96,155.54,492.24,364.64,885.65,314.74,638.02,858.42,418.19,795.7,830.16,715.52,500.82,513.25,599.73,88.51,909.97,793.3,855.92,990.76,401.58,73.05,550.89
215.31,448.52,744.51,66.95,869.12,737.63,276.72,637.66,866.9,283.5,379.72,847.23,571.68,867.82,700.71,928.76,970.18,784.19,200.95,99.51,144.2,521.25,320.94,304.75,873.21,492.58,182.32,933.18,473.78,877.19,694.29,140.39,664.02,173.21,734.91,381.76,14.92,747.58,544.44,108.89,887.95,261.34,239.81,231.53,431.35,376.48,159.19,749.67,932.11,71,265.83,660.82,104.26,917.08,404.03,601.85,839.6,463.12,569.11,631.36,-1,854.09,931.59,331.31,553.74,262.66,192.98,562.96,878.06,558.84,640.29,67.79,56.33,30.79,230.97,51.92,925.01,63.18,116.2,343.16,166.75,494.45,755.6,611.04,328.55,988.72,995.59,951.01,21.64,670.59,466.98,42.17,413.77,513.37,835.81,98.35,400.12,261.15,80.88,64.41
770.59,3.23,830.11,634.61,447.52,663.33,333.96,547.95,368.48,75.27,11.49,507.4,220.99,71.37,506.07,17.16,593.36,230.26,205.91,378.44,745.48,610.48,15.61,538.17,18.57,965.59,131.65,589.83,764.81,900.99,226.29,511.32,759.31,963.88,432.6,103.56,149.53,395.02,388,660.47,287.71,444.72,802.43,745.35,181.33,779.96,721.92,437.05,646.17,228.15,52.01,863.21,272.25,458.25,959.39,957.76,582.48,965.2,532.22,375.41,395.76,-1,983.07,812.2,805.98,928.28,775.23,450.39,430.34,946.58,877.68,720.58,90.05,430.79,708.77,832.84,984.35,106.76,922.01,194.17,405.91,112.41,365.68,192.47,865.01,841.57,245.04,33.2,788.53,803.27,609.65,583.07,446.35,346.07,930.92,333.92,156.31,663.88,979.98,698.49
929.5,550.69,446.18,869.52,251.52,300.95,14.16,539.04,655.3,775.51,766.82,525.68,1,885.49,371.62,651.46,566.56,361.98,234.44,136,869.92,209.39,737.47,227.55,862.19,735.83,345.9,12.23,71.67,831.24,989.43,475.74,4.39,185.07,887.31,362.63,239.03,367.15,613.07,632.09,363.25,573.36,788.11,172.02,610.58,802.45,235.58,803.57,704.89,337.49,0.91,565.06,402.85,88.24,12.3,200.75,225.89,760.66,817.31,631.02,869.52,849.28,-1,882.54,464.23,452.4,897.86,490.3,141.71,546.29,644.14,903.85,15.71,389.55,813.48,623.05,428.84,33.29,999.04,966.14,130.04,664.72,734.6,68.26,232.09,314.32,654.3,125.74,608.61,536.53,53.86,791.62,782.84,713.29,629.03,994.29,588.52,473.1,974.82,235.38
291.65,624.24,300.53,336.23,284.41,122.07,308.76,273.3,212.52,961.94,978.27,228.02,375.93,156.58,965.29,34.15,677.47,876.59,430.22,437.53,271.52,313.11,190.4,13.26,494.98,101.08,152.89,402.46,159.36,398.43,845.6,301.96,882.32,723.69,162.29,646.05,460.58,751.1,117.97,446.67,26.19,834.79,936.98,199.25,287.62,821.48,344.4,24.43,738.15,752.27,994.88,573.98,129.74,852.54,919.18,988.15,160.54,752.76,330.8,890.5,157.33,813.37,324.11,-1,735.38,770.89,592.91,11.03,322.31,441.36,486.17,230.45,373.35,913.18,950.44,684.38,566.15,580.74,909.04,739,135.81,524.7,391.11,145.5,81.14,377.61,117.61,125.77,726.15,835.04,110.27,278.84,661.6,235.45,488.01,154.67,169.84,126.43,362.53,873.39
100.39,20.26,699.94,512.77,535.47,882,236.75,492.9,67.67,33.63,129.78,655.44,135.31,287.55,930.62,472.71,618.46,158.46,545.52,505.8,710.81,597.87,282.3,589.24,754.12,428.49,767,103.03,399.48,345.92,652.24,582.34,320.01,565.19,830.65,815.4,237.91,498.45,253.45,407.06,319.96,958.4,141.34,4.11,997.77,216.47,132.92,365.58,399.97,945.12,179.79,305.36,756.18,141.58,887.3,74.49,295.16,152.81,241.01,632.22,835.87,504.2,546.6,446.6,-1,605.86,345.6,154.18,760.07,498.2,785.56,29.2,39.64,448.25,723.41,542.19,556.44,655.59,299.6,690.54,391.89,348.77,68.03,855.02,465.92,369.37,289.13,463.23,186.82,776.23,636.01,71.32,245.09,825.03,357.75,453.37,717.75,496.49,270.81,637.26
257.56,753.76,482.1,482.21,202.36,529.48,169.29,678.22,711.88,896.91,596.81,530.51,46.79,377.19,540.25,1.91,131.52,381.75,215.83,820.57,299.25,124.36,694.26,254.05,628.76,503.17,3.61,174.88,349.95,126.66,142.27,654.36,743.72,728.93,582.78,180.58,705.9,0.99,234.63,791.68,59.6,308.17,394.94,366.71,764.19,291.14,949.49,34.27,927.24,171.27,423.41,309.95,791.73,890.05,531.94,836.7,980.48,130.4,624.87,977.36,478.05,105.69,841.69,266.25,435.33,-1,768.21,608.97,990.57,750.46,450.33,718.34,941.12,99.8,916.38,921.08,551.05,588.01,654.39,275.04,213.66,805.06,799.67,180.42,229.58,510.18,881.2,15.81,58.03,301.76,208.37,245.76,564.96,598.69,352.17,764.61,598.38,621.7,443.54,381.51
186.08,307.57,954.9,742.13,259.64,96.77,665.15,352.32,746.29,828.49,873.97,96.39,464.33,940.99,706.78,991.29,304.7,528.22,4.7,628.65,865.36,923.19,211.43,458.56,263.27,977.73,366.55,355.15,565.25,440.38,362.06,679.89,701.44,708.66,443.68,166.15,972.83,19.43,167.72,654.55,308.4,839.74,672,433.04,900.32,271.18,209.88,21.12,560.17,668.2,973.88,506.09,188.01,558.11,74.96,1.83,316.44,548.86,217.78,888.43,164.73,408.72,463.83,867.97,820.37,601.19,-1,376.59,446.44,666.64,368.45,206.42,815.98,709.85,50.59,944.2,781.56,506.82,656.89,416.43,18.57,622.06,37.28,933.84,499.74,456.62,206.48,587.64,243.58,886.67,571.19,512.6,39.15,559.58,701.22,495.58,599.49,104.72,60.82,241.27
312.72,643.61,603.9,173.08,897.49,154.76,52.63,209.13,458.12,456.51,784.24,459.88,269.03,412.48,824.07,3.55,734.58,60.11,894.84,482.35,872.82,473.94,125.33,702.64,928.97,669.05,254.96,449.7,521.52,531.24,47.19,218.55,179.51,370.45,964.44,186.01,26.42,701.8,584.82,970.07,477.58,891.6,672.01,414.88,532.69,176.56,186.51,624.18,549.67,857.83,194.53,432.59,373,141.09,603.03,687.78,391.44,641.93,215.99,635.14,594.14,140.19,491.84,155.65,175.02,841.43,340.91,-1,536.34,456.58,849.97,523.05,116.93,686.73,904.48,348.57,388.18,526.91,951.27,285.45,242.64,517.14,467,688.35,554.18,696.15,553.77,141.86,688.34,998.66,288.81,357.45,635.2,262.27,894.01,849.59,467.56,589.35,555.87,66.99
742.8,433.29,661.49,707.87,422.67,710.37,246.59,255.99,592.51,370.95,713.24,352.59,315.58,559.76,609.98,183.92,141.27,35.78,9.33,240.8,565.35,435.29,371.61,9.5,611.23,70.82,564.9,561.04,485.06,219.89,832.52,65.74,516.38,845.92,925.75,15.03,151.17,580.77,396.29,680.8,478.22,665.31,921.71,235.95,658.36,798.92,5.07,418.09,73.76,981.41,708.89,821.54,918.18,206.9,24.24,817.91,822.27,602.21,882.29,147.59,945.03,107.13,699.65,565.99,552.09,583.69,675.83,306.72,-1,893.62,996.34,459.19,760.41,728.83,449.68,995.39,187.84,316.51,222.96,325.27,24.26,301.34,28.92,28.54,545.42,786.46,775.9,331.66,439.52,865.21,164,646.98,586.24,761.86,200.53,468.26,444.16,384.9,456.85,803.23
481.18,650.56,934.09,255.69,671.25,303.41,474.61,372.68,477.67,849.02,139.03,535.5,339.77,744.29,777.59,312.15,970.91,693.3,810.97,90.48,70.02,240.61,249.25,845.7,628.29,288.12,966.41,434.36,76.88,350.82,59.42,683.85,201.73,220.11,485.23,668.36,909.39,173.49,669.83,39.59,131.81,85.51,599.72,14.21,73.28,718.04,424.17,162.57,790.08,117.65,235.78,541.53,111.98,359.92,131.05,217.17,906.4,165.16,754.85,425.32,690.9,611.03,196.59,485.8,862.29,974.81,491.74,485.98,131.03,-1,260.24,240.24,39.33,906.54,441.58,822.19,121.65,385.06,873.05,911.73,454.7,619.6,805.75,554.68,305.4,254.33,696.04,11.21,942.73,146.32,49.81,242.02,577.39,666.95,707.28,347.7,777.55,808.12,258.19,613.74
842.28,367.57,593.38,395.51,7.56,871.09,971.83,594.94,125.48,600.04,930.34,734.6,959.48,247.2,479.48,125.26,111.82,462.24,187.74,394.57,229.04,904.5,499.44,81.82,991.55,99.43,916.68,220.87,983.63,790.2,90.8,54.77,886.15,505.36,307.93,301.4,683.92,263.8,963.01,907.04,859.45,914.1,805.59,820.45,42.36,277.83,815.66,440.61,105.5,161.59,839.93,860.13,963.16,811.98,488.42,984.03,725.27,301.79,97.98,424.51,908.06,966.47,491,531.32,756.3,637.41,149,465.56,523.85,613.92,-1,479.29,979.41,191.9,758.83,827.71,277.36,712.67,785.78,100.81,926.8,588.86,926.93,964.65,501.66,677,815.56,64.89,150.27,537.01,486.6,423.55,419.45,440.77,978.52,891.05,771.15,419.75,149.37,589.09
262.76,784.3,960.04,442.35,750.17,642.33,946.55,103.71,826.49,64.18,754.08,150.03,840.91,590.11,689.34,640.25,119.84,270.72,994.26,767.78,964.76,562.36,820.63,322.53,672.36,12.16,396.5,269.49,541.44,198.2,992.38,186.74,892.62,906.54,834.37,589.8,978.68,947.58,763.72,417.11,971.94,345.81,852.26,332.22,375.79,999.35,516.12,372.98,677.14,749.89,195.51,142.26,316.04,537.48,129.1,599.74,452.13,919.25,270.58,374.6,593.04,754.76,210.01,178.45,403.11,554.84,550.47,368.69,120.6,406.4,970.24,-1,620.56,30.19,887.89,689.4,810.5,577.59,343.27,480.54,830.04,978.16,283.93,53.12,765.31,957.98,760.22,935.3,98.87,843.15,929.28,731.85,843.92,20.25,634.36,864.71,277.93,592.39,358.56,108.64
963.23,655.78,993.01,595.48,656.91,65.18,509.71,964.5,843.64,817.43,366.41,157.12,494.75,826.75,42.74,398.58,688.73,673.42,614.99,612.3,508.52,396.45,7.93,513.94,771.21,414.09,634.33,546.36,69.6,399.09,807,256.56,567.08,731.56,672.54,883.41,756.38,964.7,309.34,633.94,246.5,186.39,101.29,322.43,840.09,697,618.78,967.14,742.53,559.94,195.21,993.33,350.75,438.94,935.35,447.67,553.52,723.71,831.64,110.43,959.18,511.92,698.19,575.63,875.79,271.23,808.88,408.63,35.2,997.91,257.76,734.21,-1,104.22,469.07,151.21,827.21,521.1,851.67,786.06,393.84,234.95,668.13,523.19,314.39,644.21,611.5,663.95,355.08,572.13,473.77,843.41,130.79,684.3,365.67,914.05,205.22,0.99,946.72,614.55
366.74,37.67,48.63,460.87,51.58,780.39,635,606.13,214.88,312.93,13.38,873.58,964.97,282.72,350.03,317.77,320.71,643.32,276.58,739.11,603.04,342.13,126.85,760.95,255.76,813.45,511.59,555.39,945.86,793.24,712.07,905.59,902.01,586.46,419.8,780.66,449.43,224.64,712.42,291.16,437.33,327.83,999.75,254.54,701.98,855.61,196.73,719.01,556.34,985.3,908.53,929.06,389.03,415.29,95.84,522.92,673.51,386.23,216.48,273.64,350.96,160.51,771.4,249.17,180.27,820.98,442.53,330.83,874.05,621.08,190.13,18.53,434.12,-1,763.69,98.25,466.84,725.05,69.63,546.62,548.85,388.66,138.11,726.26,542.13,1.02,362.29,148.88,34.28,731.78,457.84,649.64,658.14,643.86,541.71,764.4,492.18,546.05,532.06,944.57
657.62,292.29,202.24,242.48,10.66,433.98,774.22,661.74,821.59,323.41,40.86,359.26,994.32,920.63,355.02,676.1,884.88,670.7,345.96,781.42,35.91,567.27,188.67,558.24,483.38,505.79,880.43,772.46,54.96,423.52,659.19,746.63,141.65,882.99,376.64,633.26,250.36,2.16,713.91,207.21,132.51,367.16,433.94,490.68,458.02,690.98,192.71,521.05,837.25,323.75,89.03,5.47,803.87,672.9,170.8,944.48,499.73,880.49,859.24,654.44,526.11,460.46,204.14,898.79,754.44,984.22,384.91,370.4,779.32,325.58,706.96,892.45,412.74,701.76,-1,740.75,660.7,479.63,390.26,77.15,214.03,451.71,552.16,11.43,306.33,436.82,737.21,988.47,853.85,704.4,908.81,612.08,176.8,390.48,130.21,948.86,273.85,579.95,925.04,170.08
767.35,205.95,519.9,601.64,700.39,844.96,776.1,154.52,623.36,736.42,734.35,667.68,315.16,65.42,256.95,359.59,810.16,509.4,282.26,309.62,295.89,149.88,647.21,128.19,819.78,342.76,318.95,512.76,340.62,891.09,334.25,437.45,733.69,742.86,903.08,241.8,603.97,765.7,881.51,738.28,72.44,781.86,534.23,644.7,342.22,47.26,119.41,532.35,795.5,681.66,336.95,220.76,646.51,97.89,866.6,935.95,485.18,323.82,637.58,257.65,75.12,260.74,742.51,927.08,884.36,680.95,395.13,794.39,807.95,317.32,60.79,110.79,576.24,991.37,164.39,-1,437.52,858.03,708.85,522.32,93.96,105.42,220.69,824.07,398.54,369.03,438.63,33.85,476.34,253.46,166.29,472.5,410.72,405.21,34.97,390.6,683.51,431.12,28.58,433.8
454.74,408.71,193,408.95,632.81,19.47,733.32,375.4,803.76,54.27,649.27,519.2,96.51,765.42,186.48,85.27,667.3,534.74,884.94,30.74,552.64,616.92,532.58,37.36,700.01,228.46,503.88,882.73,286.7,580.85,362.52,249.95,324.83,270.72,496.56,635.16,33.04,260,854.95,621.67,777.94,973.04,726.17,297.36,615.55,867.22,301.16,584.67,416.02,843.67,734.85,969.23,163.74,14.48,558.81,660.28,547.34,887.39,563.17,24.9,853.42,574.79,438.95,934.26,494.96,454.09,610.33,487.3,17.94,384.26,534.97,920.96,5.83,188.72,94.03,337.3,-1,785.75,67.59,767.49,465,840.26,955.18,778.97,638.91,385.94,905.93,532.12,302.4,940.65,337.08,516.6,169.11,196.44,37.54,790.19,949.35,969.11,623.33,399.3
314.97,81.64,70.77,530.36,302.71,576.56,609.46,902.22,77.08,528.67,24.5,29.55,547.62,697.41,257.88,195,58.22,426.44,158.82,721.28,54.47,658.99,51.46,564.5,558.08,233.26,380.25,275.43,724.4,841.05,697.64,936.18,638.31,38.34,666.61,825.85,256.14,730.46,151.03,758.45,81.4,471.41,958.04,925.39,397.92,797.03,317.72,181.73,815.5,377.85,80.62,487.72,585.19,424.48,733.61,743.63,14.84,927.49,593.49,227.8,507.95,295.1,525.43,0.78,595.96,304.63,789.12,469.11,911.53,594.46,112.83,875.09,352.65,503.54,416.68,489.99,11.08,-1,970.62,877.39,383.37,193.47,388.3,292.07,980.53,714.64,555.05,245.41,637.03,820.93,717.64,227.94,350.33,52.88,24.54,102.58,373.52,978.46,870.05,353.88
832.04,898.99,667.56,176.38,941.6,466.78,168.58,700.53,73.71,422.25,623.54,388.01,745.59,411.64,678.21,525.85,832.7,480.87,388.73,520.34,860.15,962.3,545.27,632.37,439.98,156.18,720.03,832.09,634.34,669.79,782.88,805.65,637.09,108.29,395.62,767.73,691.4,662.25,217.31,757.31,541,682.47,569.73,784.87,230.07,256.52,717.11,444.53,919.67,858.3,780.75,710.7,610.45,352.31,241.62,45.4,919.84,748.48,526.95,53.11,833.24,813.73,127.29,411.01,773.18,936.46,505.06,660.94,902.84,611.58,380.96,79.02,388.23,205.36,151.77,621.05,869.73,614.91,-1,464.65,338.62,422.17,332.53,943.91,30.28,107.49,417.15,168.19,116.93,502.41,851.6,381.12,924.21,294.62,783.15,127.86,101.93,641.84,416.16,249.36
880.76,248.98,571.46,90.74,358.57,580.31,907.75,288.97,266.66,946.3,629.02,816.95,932.28,307.54,50.15,353.92,326.34,711.6,514.37,15.1,879.72,959.84,800.1,324.7,991.8,584.53,394.29,686.52,939.54,733.04,479.9,224.39,215.49,188.19,396.75,199.73,340.97,891.74,141.01,355.44,808.39,965.34,806.78,264.99,811.03,331.53,507.45,828.65,843.21,229.02,164.7,529.98,284.69,228.95,14.49,633.11,832.88,171.59,499.3,428.5,19.28,751.54,849.67,692.68,141.74,920.62,229.07,571.56,839.85,338.45,259.3,901.35,229.93,215.36,959.11,762.78,794.37,561.35,382.93,-1,611.77,130.96,941.7,737.49,803.01,367.23,771.66,322.39,342.86,841.13,316.52,361.03,157.48,620.91,437.49,626.93,330.97,470.25,600.86,294.38
554.18,555.18,720.22,277.69,293.99,148.02,962.41,499.94,718.51,179.46,429.26,79.68,425.19,407.51,927.65,625.09,194.12,242.87,420.78,907.19,706.75,299.51,882.98,105.2,423.57,439.09,615.17,609.84,893.33,393.56,241.39,154.52,851.66,216.54,199.83,422.55,32.73,319.82,783.78,143.1,904.3,333.12,672.76,675.46,421.68,166.13,697.41,209.64,109.22,816.93,239.95,412.08,305.79,131.12,156.78,969.86,845.94,563.71,896.53,901.26,971.45,512.03,514,156.06,818.28,536.96,898.17,934.65,129.74,430.74,817.24,357.05,383.31,732.3,243,173.58,853.68,307.75,745.45,275.99,-1,43.34,123.94,93.39,257.47,74.36,700.82,270.25,465.07,12.52,972.64,83.19,806.17,490.1,812.5,92.97,149.77,356.36,937.94,829.17
323.31,851.12,229.82,307.04,302.57,112.24,979.04,240.09,749.05,977.21,833.54,594.02,302,408.46,6.8,518.01,16.45,366.47,165.35,714.66,26.92,565.32,86.03,722.24,291.11,441.61,430.23,406.76,54.58,311.65,7.12,791.36,351.97,82.28,452.87,766.31,134.84,701.03,868.48,222.73,68.03,74.41,999.41,308.54,410.27,474.92,20.52,227.03,297.4,724.04,58.08,653.48,912.06,83.35,53.13,112.51,703.09,255.11,338.85,8.89,903.93,704.05,527.66,890.24,874.08,95.57,321.04,12.36,870.56,927.65,406.36,374.71,70.65,820.63,769.66,655.05,951.74,843.75,721.65,46.35,378.37,-1,266.36,36.76,92.19,188.97,870.78,86.63,703.11,975.35,405.7,3.07,671.39,441.76,5.35,88.88,893.48,351.2,110.12,19.08
439.21,134.63,675.24,599.26,977.35,793.66,654.33,541.45,79.73,439.96,507.31,491.65,771.36,612.79,379.76,0.94,828.82,61.23,784.79,702.62,117.11,270.44,329.22,128.35,109.59,278.3,50.4,319.38,436.43,511.69,891.28,850.89,852.2,406.92,277.83,605.81,348.04,158.84,906.71,344.34,75.23,933.72,84.43,625.76,6.98,771.39,919.92,281.4,244.1,429.29,703.11,346.19,628.97,880.68,229.67,112.56,807.67,528.92,595.69,607.94,404.39,549.3,547.64,924.57,250.53,803.36,352.38,82.13,314.95,284.61,8.4,725.07,368.35,349.71,294.9,210.91,32.65,843.56,761.52,357.67,897.78,575.52,-1,410.04,357.35,134.63,135.05,798.23,768.32,737.77,302.26,560.31,589.26,265.46,136.55,127.12,487.69,512.18,225.95,711.11
773.19,369.76,836.25,734.22,595.54,933.45,206.37,625.2,386.11,169.15,62.88,424.96,153.17,986.56,335.17,883.38,765.84,954.07,573.35,228.48,820.76,815.97,610.9,958.33,287.24,734.19,426.29,14.75,848.25,316.24,456.89,716.35,791.42,681.87,958.4,380.08,43.87,156.16,505.65,641.99,570.81,682.03,564.13,206.77,760.02,722.59,977.85,618.68,272.12,838.56,709.99,707.19,646.13,301.24,630.84,249.23,727.08,817.71,699.4,893.36,206.39,931.88,949.69,214.77,572.51,817.81,657.77,136.28,573.02,800.67,297.72,634.98,821.53,257.97,478.13,242.02,272.23,710.14,337.95,427.79,818.21,382.73,828.54,-1,128.83,421.3,663.85,942.19,310.44,749.83,796.24,506.55,87.16,633.46,95.14,850.5,472.05,777.6,588.45,877.35
544.38,553.72,39.58,963.98,148.46,850.99,876.74,304.21,569.16,708.76,733.94,399.53,360.21,325.75,124.71,885.9,30.64,549.82,385.64,848.53,851.86,28.35,211.6,325.24,166.25,993.31,493.39,302.07,360.47,420.57,196.2,558.78,898.51,582.01,736.79,184.26,102.47,368.16,285.55,587.31,818.69,204.19,816.31,342.3,271.42,728.4,435.61,750.74,387.13,566.91,302.13,444.66,186.36,738.85,754.39,399.25,830.26,540.8,996.46,557.73,972.21,272.59,181.17,760,427.56,247.68,241.12,837.38,241.11,64.9,732.54,389.76,240.75,101.84,478.83,479.64,323.23,954.64,778.69,19.01,569.54,568.9,788.79,579.09,-1,842.18,168.93,285.64,859.04,756.97,975.91,910.05,858.66,94.31,961.71,220.86,299.31,771.79,879.42,296.06
426.34,498.68,245.62,56.92,663.89,841.34,68.1,314.38,576.36,135.72,771.17,665.22,550.95,833.72,465.86,353.49,175.28,263.68,740.82,792.78,340.04,31.49,267.73,743.9,717.85,987.76,101.53,358.48,530.4,823.74,371.04,925.69,659.33,981.09,274.93,41.24,121.35,910.41,559.28,807.84,791.81,445.89,271.78,147.47,906.69,851.77,663.24,516.39,674.9,206.64,904.38,108.17,176.54,213.7,127.07,798.03,214.34,804.56,763.67,785.59,21.09,841.22,335.19,835.3,976.72,707.33,231.91,835.31,591.48,732.64,393.69,529.95,423.8,510.54,101.18,102.39,529.48,209.2,657.95,714.15,747.97,663.79,896.81,460.05,567.22,-1,672.43,410.2,158.38,721.54,863.35,696.45,78.41,177.48,328.86,531.37,761.74,563.78,659.96,722.08
668.65,68.8,643.26,921.98,492.28,701.18,649.87,767.78,747.91,472.42,253.34,477.79,220.77,146.09,314.06,184.75,161.86,244.87,516.93,626.98,806.01,407.93,129.2,48.22,342.47,831.38,46.32,749.04,503.31,296.15,13.16,159.46,130.89,734.24,727.97,931.39,882.17,557.22,560.82,804.39,923.88,172.63,191.96,202.64,677.8,931.51,148.51,490.68,529.93,783.18,877.42,782.18,68.93,866.85,387.7,137.46,947.52,864.2,963.59,585.48,189.55,952.47,197.22,54.71,422.69,192.65,295.99,778.4,360.61,276.42,820.76,590.49,921.75,6.51,47.41,885.79,453.14,734.47,547.5,422.16,305.15,73.89,347.05,520.59,297.85,393.57,-1,781.69,736.77,286.53,67.54,155.83,577.43,448.34,129.3,838.54,998.75,966.11,36.6,315.68
163.95,857.83,218.1,998.75,121.55,429.47,460.5,773.39,984.79,829.19,17.61,135.74,325.2,823.42,304.49,125.47,747.73,728.37,849.08,10.14,825.13,34.55,121.27,826.24,597.82,728.82,894.27,419.96,944.97,996.46,726.59,626.35,390.06,235.81,325.88,618.3,33.1,703.76,567.17,771.66,146.42,36.11,576.46,929.16,244.67,663.97,639.57,755.67,904.18,770.66,855.8,657.69,374.41,290.75,396.46,289.38,861.83,8.1,148.14,553.97,222.05,878.99,314.65,919.09,928.13,831.17,246.5,207.23,580.64,933.9,38.69,204.94,632.28,897.18,765.28,808.28,690.17,50.52,808.51,31.86,654.75,532.97,160.7,239.39,59.8,18.39,404.54,-1,243.61,380.17,125.88,198.24,982.82,195.09,313.22,419.83,279.52,214.04,142.83,600.18
330.23,266.9,775.92,898.7,431.05,433.67,508.33,953.87,460.47,915.12,453.38,270.63,185.15,729.91,229.12,922.18,32.41,741.74,291.18,251.38,675.48,16.4,635.91,353.3,690.72,961.39,585.14,841.5,108.02,691.06,190.8,937.47,525.03,729.38,612.76,442.68,979.87,896.18,981.97,861.22,612.57,525.89,362.37,143.65,926.67,940.55,943.96,296.35,739.46,727.99,676.85,97.99,334.87,859.88,189.83,178.98,788.72,604.2,630.43,975.43,493.79,539.83,887.49,388.86,609.79,653.6,635.95,27.26,723.72,543.78,675.7,895.57,565.78,212.21,305.55,772.48,553.55,592.73,349.88,400.96,801,63.33,612.99,621.32,275.26,764.63,268.42,738.87,-1,616.67,695.77,951.59,41.46,668.73,557.36,423.27,876.23,406.34,140.11,777.75
370.02,460.71,725.52,223.53,520.54,828.74,780.74,821.98,669.54,243.18,565.75,365.25,442.7,861.42,234.4,510.02,636.48,868.99,148.91,705.69,828.96,705.05,122.04,284.9,25.9,738.87,10.6,717.34,265.42,121.99,64.81,627.42,270.54,719.68,361.9,44.78,433.54,472.46,983.51,799.75,327.89,970.16,418.84,116.65,924.99,78.28,413.58,567.36,408.63,249.81,796.6,41.48,853.04,353.3,154.22,118.18,311.08,416.49,315.27,436.36,901.75,103.31,668.45,867.71,420.78,853.08,536.42,577.31,611.73,950.23,392.56,103.11,542.58,966.31,490.95,368.52,513.8,503.89,233.18,110.32,548.62,344.7,867.07,968.77,166.64,614.89,758.74,745.76,992.44,-1,141.08,464.52,864.53,444.4,199.64,670.91,606.04,858.11,963.54,499.64
405.18,466.87,240.79,830.06,940.78,375.75,789.43,713.87,499.35,976.81,379.43,981.05,330.3,935.39,826.91,810.13,378.71,147.56,875.41,471.55,91.94,714.14,966.19,549.11,397.86,385.04,345.08,47.54,350.53,381.11,475.4,365.62,518.64,175.26,492.57,247.85,980.37,479.55,786.3,72.95,806.86,40.43,245.27,588.17,168.04,138.82,147.14,571.7,723.58,641.72,797.67,446.88,139.97,170.19,759.6,796.63,339.28,59.69,5.39,853.96,822.99,551.42,404.86,901.96,217.98,9.01,522.92,740.06,467.04,490.15,718.82,450.48,398.52,971.72,921.79,416.77,595.47,932.09,671.27,863.65,150.95,330.84,13.72,503.09,969.13,171.44,70.18,4.63,34.48,492.16,-1,231.63,75.89,576.35,137.87,989.46,185.58,735.23,161.35,694.55
474.83,482.91,274.09,298.86,282.77,197.55,964.99,328.91,721.26,74.13,385.84,520.03,627.67,203.12,260.11,465.24,787.64,398.77,532.32,192.93,578.6,181.51,396.8,136.84,305.03,875.72,165.42,359.7,30.28,665.55,796.54,225.12,270.7,370.88,824.52,77.92,328.63,705.15,536.41,543.67,964.59,348.52,379.02,683.76,629.4,476.03,852.43,546.23,119.72,268.75,349.77,941.37,388.6,924.72,13.63,960.36,804.16,710.44,202.42,310.39,699.9,494.52,592.34,591.1,698.16,738.04,952.2,505.73,267.32,936.9,894.63,268.61,570.88,507.51,598.74,473.97,936.28,674.57,562.11,555.12,85.86,667.62,241.79,196.95,784.88,855.69,696.79,948.81,322.19,346.41,4.81,-1,324.33,963.02,676.74,729.54,310.14,993.08,730.54,191.79
971.19,842.13,699.23,974.62,402.72,491.03,838.3,82.02,994.96,742.25,558.95,163.72,805.92,480.23,264.92,683.97,522.28,799.06,47.58,543.69,446.07,264.64,167.73,479.69,327.05,550.07,878.3,785.4,100.93,718.96,831.27,572.59,621.53,4.35,695.68,98.24,703.06,511.96,606.96,310.08,200.03,835.78,544.57,295.83,569.81,794.95,655.21,999.93,464.65,587.52,585.18,394.28,115.92,81.37,933.84,0.37,158.08,285.27,167.36,68.79,708.52,917.84,596.37,38.6,739.45,394.6,102.28,402.03,132.86,901.73,345.76,337.95,877.59,836.31,182.89,814.19,361.64,807.49,151.69,858.88,843.62,527.59,305.05,618.98,387.23,707.16,579.14,324.77,229.33,623.69,740.16,287.28,-1,346.39,513.88,155.38,846.83,309.87,646.78,259.59
444.7,267.35,73.31,200.53,690.12,378.4,611.78,204.44,518.02,850.59,190.3,396.05,638.49,118.17,630.72,631.59,671.54,457.73,896.36,148.67,607.51,60.1,246.6,781.33,847.17,285.03,86.77,426.27,449.88,131.41,730.46,855.25,773.13,884.45,226.22,815.6,867.49,157.17,889.1,744.81,574.89,569.66,452.19,697.47,914.22,406.12,131.81,599.31,593.38,10.4,326.06,820.85,45.43,82.89,878.07,114.64,241.13,507.85,341.07,354.19,678.62,371.86,962.12,713.09,345.7,249.69,240.67,513.16,224.34,590.35,356,932.66,380.56,988.37,780.6,671.47,903.59,772.28,40.39,137.77,565.38,322.26,719.81,803.47,492.61,992.34,417.31,172.17,928.3,26.76,148.8,973.04,871.35,-1,969.36,980.18,413.03,517.61,534.58,140.62
723.6,710.35,620.38,713.4,206.45,251.44,792.48,664.57,607.78,557.91,718.88,64.94,488.5,311.84,418.27,611.28,383.46,54.21,877.32,188.49,79.53,577.21,993.85,466.03,538.04,669.82,678.03,139.23,898.06,489.1,52.99,640.36,798.04,473.46,216.5,397.12,430.3,944.98,769.27,510.93,727.89,466.07,626.89,698.86,157.33,584.1,590.45,559.84,710.02,81.82,863.73,462.33,291.31,671.55,69.1,21.99,527.09,98.91,203.73,739.61,195.64,951.87,485.12,756.97,240.88,480.39,872.63,11.41,678.2,805.79,905.11,31.11,486.33,897.67,291.03,660.22,916.38,486.44,257.28,102.45,940.25,961.44,464.85,68.83,117.88,171.68,925.16,232.47,192.51,9.02,748.65,607.04,536.07,184.38,-1,308.95,150.65,516.93,280.42,616.04
38.47,517.03,120.35,879.54,280.93,549.23,811.95,56.35,35.29,398.73,731,971.02,222.58,610.63,272.99,769.05,53.17,460.56,916.38,816.62,517.31,863.95,95.75,492.72,917.96,719.39,42.44,364.79,39.87,511.62,559.59,222.26,180.18,390.2,58.89,467.19,327.85,452.84,62.02,27.17,910.54,606.66,86.55,899.83,493.61,467.92,428.29,427.9,90.82,333.45,972.41,15.58,999.86,348.06,389.38,368.81,5.76,342.67,907.84,741.16,681.29,124.29,619.46,183.48,533.57,565.12,72.34,546.62,604.32,307.45,519.66,315.03,463.73,215.84,307.67,396.37,276.89,214.01,635.63,796.09,28.86,469.86,134.67,186.69,810.45,885.89,454.8,13.49,577.59,382,167.87,780.01,179.2,311.94,525.23,-1,25.61,705.23,963.48,183.46
296.54,446.65,316.96,386.04,281.12,54.54,341,373.35,755.53,701.55,847.03,151.59,644.09,794.39,64.2,476.7,169.38,864.6,17.18,967.63,130.04,49.93,895.16,609.27,534.98,984.25,645.82,708.82,714.97,954.79,611.73,982.35,513.3,12.09,701.26,188.96,366.21,901.06,166.86,919.15,186.51,652.45,632.09,606,695.6,128.62,381.76,624.41,48.21,670.34,458.44,869.58,117.23,933.01,89.73,612.92,323.31,30.25,606.08,765.78,464.13,476.39,784.91,66.52,169.79,286.54,278.69,675.98,542.98,46.57,105.9,907.47,103.74,653.84,0.26,838.6,624.51,576.24,481.72,389.18,132.47,333.55,25.54,162.13,839.87,148.49,27.94,474.5,681.94,419.88,290.56,921.65,953.04,333.18,128.59,672.59,-1,251.71,144.66,354.46
424.08,400.11,715.49,787.12,372.82,962.93,557.7,322.77,555.62,323.05,106.77,295.98,186.65,275.87,752.7,615.74,868.4,822.69,506.54,394.45,331.9,738.75,232.62,898.68,526.44,939.66,103.41,853.8,442.55,177.83,741.16,229.57,533.74,42.12,32.39,877.37,703.52,905.02,295.19,102.63,977.43,26.35,708.91,884.71,320.19,604.53,516.99,253.03,635.32,170.42,416.29,541.31,447.77,531.8,528.56,455.07,923.94,202.11,143.38,190.31,684.25,529.88,793.25,335.14,34.15,413.23,186.24,220.21,583.7,408.37,123.9,544.2,22.66,104.68,2.01,34.83,480.63,346.98,886.89,899.22,554.39,432.2,237.49,90.99,851.54,211.22,461.59,853.63,262.4,158.33,568.21,339.83,166.58,514.68,46.31,959.16,502.93,-1,190.9,243.3
407.33,418.42,236.93,407.08,278.56,792.54,114.55,606.46,421.86,234.78,95.63,67.16,703.75,764.64,323.81,799.29,42.61,428.52,418.61,30.04,525.21,62.44,536.99,288.69,647.64,292.04,104.68,208.25,105.68,151.38,588.67,824.87,605.44,3.81,590.56,807.79,448.02,789.34,438.19,979.97,485.94,542.3,52.68,211.39,456.05,601.02,445.59,32.38,116.95,790.86,411.21,339.69,802.25,499.4,719.84,438.25,619.62,859.2,38.2,425.83,336.99,523.87,811.34,804.85,508.2,2.52,768.56,744.9,720.89,298.24,456.93,682.89,9,160.88,513.46,849.83,607.48,395.53,409.88,767.49,422.74,623.33,199.5,789.98,57.71,886.04,549.7,995.36,82.22,848.47,719.96,197.2,131.11,5.98,953.72,482.51,758.41,713.48,-1,92.64
780.3,238.23,923.35,518.56,359.9,281.21,123.01,898.63,888.53,815.26,925.2,149.36,74.01,158.95,930.72,852.28,471.88,348.54,358.99,498.6,176.63,241.55,413.34,52.71,290.77,460.56,352.26,611.92,324.99,204.94,507.95,14.32,125.8,929.26,943.26,691.22,454.36,519.2,784.38,138.43,560.13,974.7,858.53,958.59,760.88,359.64,443.63,811.78,812.62,805.14,451.47,91.76,804.03,328.68,718.4,263.98,589.5,47.21,249.05,683.53,719.1,863.73,131.74,812.46,835.14,306.58,81.52,287.28,606.58,823.8,404.41,745.03,147.39,306.5,508.01,349.27,516.97,291.22,810.85,52,656.28,565.74,545.1,561.9,271.88,229.91,863.5,762.15,300.11,562.93,561.16,177.44,275.5,150.61,615.22,831.52,106.09,683.99,688.97,-1
