-1,5.84,6.24,4.79,4.47,1.19,5.76,5.03,3.3,8.23,7.61,1.05,9.04,3.82,7.45,2.04,7.26,3.19,0.82,2.55,4.68,1.87,4.87,0.28,7.41,2.42,2.31,5.13,4.3,9.94,1.56,4.19,0.15,6.25,0.24,7.16,1.71,6.15,2.55,7.72,9.89,6.69,9.15,3.37,3.17,9.51,4.45,8.77,5.66,9.47,2.74,3.69,0.66,5.56,8.68,3.91,4.22,1.93,2.17,9.26,3.69,9.98,2.89,5.53,1.2,3.65,6.54,8.61,6.02,1.32,9.27,9.76,5.97,0.57,0.46,2.32,5.67,1.44,5.46,3.38,1.15,5.05,2.27,3.49,4.26,6.79,4.99,0.12,0.59,8.57,0.37,9.68,6.47,7.17,7.31,8.09,6.69,3.16,6.11,5.09
7.9,-1,4.36,7.2,9.43,8.12,7.23,6.14,3.46,1.21,1.33,7.19,6.99,2.26,2.31,7.12,0.95,7.62,8.6,7.54,5.03,3.15,5.81,2.69,3.77,9.76,4.45,5.94,1.47,0.68,6.74,7.69,5.51,7.53,7.99,9.83,7.67,5.77,6.75,4.65,0.11,5.02,6.58,1.78,9.91,9.77,2,1.08,8.15,1.8,9.59,6.55,2.86,7.31,9.63,3.58,8.94,0.16,6.7,0.03,7.88,6.98,5.02,7.53,9.07,4.11,6.02,2.45,9.19,0.02,6.07,4.5,6.81,0.15,9.25,7.54,4.8,0.07,4.44,6.05,3.75,3.61,2.19,9.39,9.01,1.23,2.6,5.58,3.87,0.64,2.97,8.74,1.97,0.64,9.33,7.11,4.56,4.76,6.63,2.88
0.02,1.16,-1,7.29,5.77,3.25,5.44,6.94,2.55,5.87,7.81,1.46,0.58,2.3,5.3,2.48,9.91,5.28,1.21,0.31,9.41,9.72,0.69,4.57,6.85,8.19,4.39,6.08,1.36,8.49,0.6,7.6,9.52,4,8.9,2.95,6.44,1.3,5.02,3.13,8.54,2.57,3.17,1.48,6.3,6.43,4.37,7.07,2.76,3.23,1.73,4.73,1.95,7.6,6.25,8.28,5.39,8.45,0.6,9.66,7.66,2.24,7.47,6.39,0.06,3.85,4.24,4.15,5.45,9.64,3.38,8.72,1.75,5.65,5.42,0.88,8.47,6.07,0.77,2.36,7.03,0.61,0.78,3.02,1.97,6.86,6.51,2.81,4.2,4.8,4.29,3.84,5.69,0.84,5.68,7.31,2.54,6.17,5.32,2.47
7.28,0.17,6.33,-1,8.08,4.03,0.18,7.4,4.16,0.07,2.36,3.97,4.88,2.74,4.82,7.66,6.74,5.42,3.72,7.97,5.9,5.27,7.41,9.68,0.74,8.46,8.54,8.29,7.3,8.21,9.88,4.77,3.69,6.81,3.98,3.28,2.26,4.63,1.31,2.93,3.1,7.69,7.15,3.41,5.69,5.86,1.57,9.57,2.32,0.02,1.2,4.74,2.94,6.74,2.3,3.89,9.97,2.61,0.09,3.25,3.81,1.65,1.55,0.72,5.96,8.29,7.48,6.35,2.5,7.79,1.64,4.19,6.09,5.05,4.5,6.6,7.77,2.55,7.55,5.08,5.16,6.05,8.95,0.34,0.46,8.11,7.18,4.69,3.24,2.93,4.05,0.41,7.18,2.41,0.32,0.41,0.96,6.5,9.86,7.07
9.44,5.64,6.34,1.16,-1,8.67,3.37,8.9,9.52,1.29,1.78,9.57,9.84,8.64,8.43,3.09,9.55,2.97,0.53,6.93,5.41,2.41,1.98,8.06,7.83,3.7,6,2.17,3.17,9.03,6.09,1.99,9.12,3.68,4.99,1.24,1.11,4.45,7.22,8.92,0.86,1.3,6.84,3.82,4.4,7,8.25,7.68,1.8,7.61,9.09,1.65,4.18,5.7,4.29,1.29,0.41,4.13,5.18,9.69,3.75,6.96,7.79,2.41,4.5,9.05,7.86,1.48,4.93,5.42,5.4,5.73,1.24,5.25,5.11,8.73,6.64,3.57,4.24,0.46,9.84,8.5,4.57,2.24,4.25,4.89,2.49,0.42,3.37,6.52,6.05,2.74,3.55,2.77,9.84,9.27,0.11,3.76,5.21,5.87
1.73,8.19,0.97,4.85,8.6,-1,0.29,9.21,4.96,1.67,3.59,1.17,1.31,2.49,9.3,3.98,7.83,9.25,7.23,5.71,5.11,1.94,8.75,8.82,2.2,1.66,4.07,2.22,6.24,3.39,2.42,9.19,5.44,6.4,6,9.67,8.96,8.25,6.19,8.32,6.3,7.24,5.85,3.42,9.5,6.35,5,3.27,3.94,0.72,2.86,8.97,4.53,8.29,2.58,9.62,1.07,4.51,5.69,7.33,2.82,8.11,8.87,1.09,0.61,4.01,7.42,3.34,0,7.13,3.05,7.57,4.98,4.09,8.88,8.87,0.4,1.99,3.96,6.73,1.01,6.72,2.82,0.89,5.7,3.35,3.48,0.66,2.94,5.99,0.68,6.3,4.49,4.12,3.32,9.18,9.24,4.44,1.64,0.85
9.19,3.25,7.62,0.26,5.8,9.62,-1,7.63,6.7,9.39,6.14,3.69,6.57,5.02,1.86,1.5,6.12,6.12,1.45,9.82,4.17,4.01,0.03,5.57,1.59,2.21,7.8,7.54,0.68,5.17,6.19,8.11,6.59,4.9,7.69,1.7,6.27,1.01,3.55,0.6,8.59,3.65,9.49,9.72,9.37,0.29,7.52,7.18,8.91,7.68,3.31,6.45,1.68,1.98,3.5,0.77,3.06,1.69,4.21,1.29,1.63,1.42,5.82,7.9,9.6,1.57,6.08,9.39,8.99,5.49,5.96,6.03,9.37,1.94,4.03,5.01,8.69,9.09,3.94,2.16,4.95,2.12,7.15,1.72,7.83,2.48,6.46,6.35,0.33,9.64,5.57,9.76,3.63,0.05,6.91,7.35,2.94,3.28,7.76,2.42
9.22,7.64,0.77,7.96,1.17,7.93,6.79,-1,2.91,5.94,6.31,9.7,1.05,9.54,8.78,1.07,7.2,0.2,3.03,9.08,5.16,7.95,3.03,3.67,0,5.59,3.82,5.58,7.33,2.36,4.9,7.95,0.15,3.24,0.95,8.27,6.39,3.23,5.58,9.88,2.07,1.99,9.33,8.67,9.55,7.79,0.96,6.24,0.89,7.94,6.48,8.7,9.05,4.08,4.49,6.78,6.54,4.62,6.62,9.87,3.77,9.71,9.15,5.77,2.81,1.23,6.34,4.53,6.07,3.03,8.8,8.99,5.59,1.44,1.69,2.94,2.98,2.77,2.08,5.31,7.46,1.49,9.61,4.41,2.93,0.21,6.01,3.91,2.04,3.52,5.26,1.04,0.56,6.49,4.61,1.25,7.65,3.66,7.35,4.79
2.53,9.38,7.84,3.52,4.88,6.59,8.63,3.99,-1,5.43,5.05,5.19,3.32,0.93,1.15,8.41,9.14,3.57,4.75,6.59,4.66,5.99,2.34,1.79,1.37,1.1,5.59,9.63,7.33,9.41,3.22,7.08,9.99,1.91,7.15,9.23,0.09,6.31,6.53,8.26,3.41,4.08,5.46,7.34,4.17,7.12,8.1,2.75,1.68,9.65,3.24,4.17,8.42,8.34,2.2,1.93,1.59,0.29,1.19,5.14,4.52,3.1,4.46,2.1,7.93,9.11,1.91,6.42,5.43,2.51,8.88,5,8.46,4.74,4.68,8.95,1.71,4.57,3.82,1.14,6.18,9.23,7.97,7.3,2.61,6.1,9.69,4.97,2.81,7.35,0.78,1.14,8.01,2.9,4.39,0.4,7.1,6.4,4.73,4.55
4.87,4.57,5.69,6.7,5.85,7.83,1.59,5.89,5.3,-1,3.65,9.11,7.88,9.19,4.52,7.66,1.78,2.43,9.86,5.51,9.25,4.89,0.27,6.51,5.16,9.12,2.78,0.07,1.6,0.27,7.85,8.88,5.29,8.13,6.62,4.49,4.07,0.24,1.07,5.98,3.78,8.14,8.16,8.77,5.64,6.81,9.94,3.85,0.99,1.2,7.05,7.79,8.3,8.87,6,8.38,5.13,5.53,6.67,0.17,2.78,5.87,5.37,9.52,3.51,7.48,2.39,9.36,8.63,4.81,0.34,6.06,6.59,7.12,2.9,3.1,4.53,0.64,5.29,9.47,4.94,8.77,8.73,3.14,7.91,5.51,7.84,7.09,5.25,6.05,6.14,8.87,3.06,7.62,9.1,7.5,7.34,7.49,4.35,0.07
9.47,2.89,9.92,3.62,1.67,3.47,5.63,9.72,2.87,0.37,-1,5.2,5.83,1.03,9.53,8.01,4.36,7.63,2.13,8.47,5.44,9.08,2.58,7.77,1.23,4.11,5.51,6.44,4.24,6.41,0.82,1.05,0.11,7.37,9.79,4.51,9.69,2.31,8,0.02,7.71,4.96,6.98,9.6,7.36,3.32,5.49,8.23,6.22,8.07,5.76,8.27,8.18,8.09,5.75,2.41,5.7,1.13,8.66,6.06,3.25,7.55,0.56,8.88,6.92,0.97,6.09,4.93,6.85,9.85,3.95,0.38,4.11,8.59,0.48,0.64,8.89,0.7,1.36,7.09,5.96,0.78,6.29,4.2,6.12,7.8,1.67,0.46,8.27,4.32,8.2,9.64,9.71,2.49,0.38,6.79,9.72,5.26,4.84,2.34
7.62,4.63,0.81,0.25,8.04,5.22,8.9,7.99,0.22,3.44,1.78,-1,4.74,9.56,2.55,4.93,9.32,7.03,6.77,1.97,7.94,2.51,3.9,1.75,9.3,1.99,7.26,1.9,5.62,7.21,5.03,4.38,9.92,9.8,1.32,5.29,2.72,5.86,6.58,3.43,9.59,5.54,3.06,0.42,3.66,2.37,1.49,3.85,0,3.21,2.48,5.75,9.07,9.85,6.89,5.97,9.08,7.02,5.19,2.75,6.89,2.66,1.46,9.71,0.72,5.82,3.82,0.97,9.61,9.83,8.58,8.98,6.57,7.92,6.99,3.92,1.09,0.54,2.6,0.81,8.36,1.27,1.76,9.46,0.71,2.4,1.05,5.19,2.4,1.39,1.4,9.32,8.37,2.98,3.41,6.86,2.68,1.73,1.47,5.02
2.21,5.16,9.32,4.78,3,0.96,2.59,6.02,8.27,5.46,5.45,3.08,-1,3.14,7.39,8.82,4.61,7.74,2.2,6.72,4.24,9.13,9.83,2.15,7.97,0.29,6.02,5.56,1.59,9.37,0.36,3.1,3.34,9.18,0.52,1.57,5.89,4.45,9.84,8.07,4.45,0.94,6.5,7.74,7.8,7.61,8.93,6.95,9.41,1.46,3.92,0.46,0.78,4.71,4.41,7.85,8.84,9.89,0.07,7.47,2.02,7.03,6.17,9.26,9,5.92,8.63,3.01,0.01,6.51,4.09,3.69,6.25,8.83,5.65,1.55,0.63,8.86,3.2,6.57,0.44,2.25,2.46,8.89,2.73,5.45,4.89,6.94,7.97,8.05,1.71,7.43,9.3,3.47,9.22,2.02,8.36,6.87,7.04,2.42
6.54,9.99,3.48,9.76,1.16,6.87,1.95,3.52,3.96,6.48,1.17,8.46,4.12,-1,4.14,7.41,3.13,7.33,7.84,8.66,1.26,3.71,7.72,4.23,6.08,6.73,8.92,4.68,5.89,2.93,9.33,1.03,8.09,4.03,8.81,5.71,2.94,0.32,0.36,3.07,2.41,8.39,2.17,5.73,6.73,2.82,1.41,9.17,9.89,8.47,3.57,9.96,1.37,5.52,0.15,7.84,2.34,9.07,2.71,9.71,5.96,4.31,5.79,5.54,7.58,0.74,4.25,1.05,8.5,9.93,5.44,3.94,7.34,4.28,7.54,3.85,3.07,6.61,0.13,4.08,6.94,8.75,6.52,5.14,6.62,1.67,4.61,4.83,4.35,2.94,3.83,2.43,7.12,6.67,7.18,2.7,1.03,2.9,6.41,0.05
3.77,6.52,2.25,1.82,5.99,9.34,5.72,1.72,7.47,9.6,9.22,9.75,6.99,3.94,-1,2.77,0.12,1.18,0.57,6.63,3.72,1.82,4.78,5.01,9.65,2.41,6.95,9.5,7.56,1.09,6.5,3.83,6.87,5.64,5.93,6.02,8.96,0.55,3.57,9.72,6.49,3.48,3.42,2.55,1.38,7.38,9.8,9.33,0.1,9.74,4.86,2.72,5.13,6.87,6.49,3.63,4.23,1.72,9.13,4.02,8.05,0.67,6.28,4.71,8.64,4.01,6.84,9.61,2.88,7.25,8.93,7.93,1.26,2.34,7.23,3.8,6.47,1.54,8.88,5.09,6.95,5.79,1.39,5.34,8.05,6.01,6.36,9.81,5.14,1.47,9.31,3.75,1.94,3.68,7.2,1.14,9.53,6.24,7.37,6.36
9.9,7.48,7.03,3.35,8.76,0.51,9.42,8.46,2.69,4.5,5.48,3.14,6.22,3.17,9.32,-1,9.77,3.49,3.88,0.75,2.77,4.93,3.01,7.8,7.73,3.52,8.84,1.88,5.13,5.39,6.51,8.37,0.87,5.01,1.34,3.22,9.41,0.42,2.72,4.76,2.77,7.72,8.62,2.13,0.95,5.3,4.5,8.31,3.74,8.2,5.96,9.8,8.16,7.57,5.85,0.72,9.22,3.72,2.58,1.48,8.77,8.01,4.05,1.27,8.2,2.68,1.44,3.9,7.52,1.51,7.67,8.77,2.53,1.09,3.06,9.96,0.04,1.34,5.67,3.27,5.86,2.93,7.79,5.08,2.95,0.19,4.58,5.33,6.17,6.72,4.94,6.64,2.81,4.52,3.06,6.62,7.88,5.33,9.35,4.49
5.24,2.79,2.96,1.23,5.75,9.58,2.68,8.62,2.25,9.25,2.89,2.57,8.24,0.67,5.49,2.13,-1,4.32,0.14,1.42,7.83,9.63,5.26,4.9,4.32,5.07,0.23,6.4,5,1.36,1.87,7.51,7.03,3.24,2.62,9.91,0.88,5.11,5.29,0.59,9.74,5.52,0.82,8.77,0.58,3.95,0.85,0.47,7.11,4.45,0.39,6.27,8.78,3.17,4.35,0.16,5.67,1.68,7.55,5.33,9.89,9.6,5.49,8.1,7.17,2.36,3.57,8.74,5.94,1.02,1.05,5.78,4.24,7.27,0.68,8.01,0.25,1.78,6.02,0.65,0.12,1.31,7.53,4.04,1.05,5.87,5.7,2.7,5.58,8.39,3.5,7.27,2.84,5.7,7.46,5.31,1.61,3.44,3.08,6.47
8.16,9.19,5.36,4.42,7.17,7.81,0.85,3.57,7.75,2.94,3.31,8.97,4.77,1.76,7.51,9.54,0.78,-1,6.93,0.69,1.17,0.27,1.51,8.63,1.52,5.88,9.17,0.24,0.68,7.47,0.17,2.3,2.01,2.02,4.17,9.92,3.48,9.14,7.76,6.43,9.37,6.58,7.85,2.14,1.28,7.03,0.42,1,3.06,3.55,0.2,4.18,9.29,7.03,6.03,8.38,2.92,2.33,0.39,4.25,1.95,6.62,1.13,3.97,4.19,5.96,9.21,0.94,3.8,2.05,9.16,4.49,4.64,0.98,5.64,9.92,7.89,9.98,3.66,5.52,2.63,5.21,0.95,6.18,0.9,8.18,2.89,4.98,9.75,1.11,0.35,2.38,0.86,6.94,8.09,2.04,1.22,1.89,1.47,7.28
4.91,3.5,4.04,1.73,4.03,6.59,9.32,0.69,7.16,5.9,2.43,2.92,2.56,5.84,5.41,9.22,1.93,9.96,-1,8.29,0.18,6.74,1.85,1.41,9.79,3.95,9.01,3.49,5.66,3.89,6.68,1.32,9.76,8.46,8.52,5.18,2.48,0.53,8.65,7.55,7.89,9.11,0.11,0.85,3.91,5.11,9.88,4.46,7.28,1.82,6.37,1.11,9.83,7.33,5.6,7.38,3.66,9.94,6.75,9.76,9.33,9.18,0.64,6.99,3.16,1.21,3.34,8.53,4.33,5.89,7.8,0.9,4.88,6.31,3.1,2.68,0.15,8.93,3.47,4.58,4.08,4.84,5,4.39,0.36,2.01,3.22,4.68,6.34,4.95,3.8,5.74,6.42,3.54,0.57,7.7,2.64,8.72,5.03,2.4
3.75,3.36,5.67,9.06,9.86,1.17,6.23,1.68,6.44,1.02,2.97,6.93,4.22,3.36,5.79,8.34,6.55,3.64,4.29,-1,8.36,0.8,5.43,1.49,8.94,7.8,5.68,0.29,4.26,6.31,2.05,6.82,1.43,5.71,2.37,0.49,9.92,8.88,0.08,8.73,1.27,5.75,1.64,9.39,3.23,0.03,9.12,5.3,5.14,5.78,5.05,1.29,5.32,6.09,8.6,5.33,0.56,7.02,4.99,5.21,4.57,8.06,9.56,0.5,6.58,7.22,2.91,7.09,5.12,0.6,5.8,8.45,7.84,9.13,1.72,8.83,1.06,0.49,9.46,9.6,3.73,0.42,0.97,4.21,9.77,9.76,9.52,6.65,1.14,8.54,0.53,1.7,7.14,2.9,3,7.54,7.26,5.07,1.58,8.39
3.14,8.12,8.82,3.09,0.05,1.44,3.11,9.66,4.52,7.73,5.37,4.7,6.13,0.65,2.46,4.85,0.55,9.64,5.24,8.51,-1,8.55,8.84,8.14,7.09,5.09,2.16,5.86,0.47,7.56,5.73,9.87,3.11,0.62,1.22,4.49,7.52,1.75,0.3,6.34,7.92,6.29,3.32,0.73,8.19,9.87,8.22,8.1,7.1,4.87,3.13,7.44,6.34,2.2,3.16,6.31,0.27,4.24,7.04,9.71,6.28,6.01,2.29,1.19,3.89,4.57,4.78,2.03,1.6,3.79,1.98,4.09,9.93,9.31,3.52,3.72,3.85,5.09,9.07,9.93,2.55,0.05,3.41,2.47,9.45,1.01,7,4.17,7.33,6.47,8.36,9.26,5.2,5.49,1.34,3.1,2.4,4.02,7.02,5.96
5.2,3.2,4.6,5.82,3.21,6.79,3.78,1.57,1.72,0.35,3.87,1.88,0.91,7.89,1.78,9.06,7.23,3.29,8.47,0.08,4.61,-1,0.42,0.28,9.41,6.81,3.82,7.08,5.46,3.54,4.83,5.29,3.65,3.1,1.76,5.46,0.93,1.44,4.3,1.07,3.47,5.38,4.19,5.31,6.12,5.09,4,8.38,2.5,6.15,4.82,8.61,8.61,5.8,0.47,8.5,0.78,7.63,9.63,2.26,6.09,2.44,0.12,2.79,3.55,1.19,7.67,7.44,5.47,6.05,0.25,8.6,6.47,1.58,9.24,9.09,3.28,8.75,7.42,5.3,8.54,5.5,4.78,5,5.48,6.7,0.68,1.71,3.92,3.97,0.6,3.43,8.42,5.68,8.02,8.99,9.77,5.09,8.87,0.1
4.83,6.84,1.2,1.42,2.05,9.37,2.46,4.62,8.11,0.35,6.65,2.59,3.67,4.67,7.07,3.4,0.35,5.1,2.87,1.1,7.29,8.52,-1,5.27,5.95,3.29,1.79,0.45,9.6,7.3,5.93,2.65,2.29,1.69,5.57,5.36,3.1,5.22,0.65,7.53,3.98,0.35,3.3,5.97,5.01,8.61,7.37,8.2,1.46,5.77,4,7.25,9.87,0.37,0.5,3.26,8.42,1.28,2.31,8.15,9.06,8.02,7.67,7.36,8.78,7.51,8.9,9.58,4.77,2.16,5.76,3.09,4.49,0.3,2.99,1.08,3.19,6.69,3.3,8,0.08,0.02,8.59,9.19,5.71,2.16,1.82,3.11,0.82,4.32,4.72,4.61,2,8.09,7.28,1.33,4.77,6.52,9.66,2.5
3.66,2.44,1.93,3.65,7.91,1.22,8.18,8.46,2.27,6.43,2.46,0.44,0.39,4.42,8.22,8.04,9.02,0.02,0.63,2.24,2.12,8.53,6.08,-1,3.8,6.26,4.28,2.69,2.76,8.05,8.21,9.28,4.91,1.07,3.21,4.98,7.81,6.44,9.05,4.1,7.38,8.84,4.46,4.68,6.93,2.11,1.97,8.07,2.96,3.13,2.75,7.58,9.73,7.75,7.72,0.47,8.75,3.88,8.55,9.06,3.44,3.44,4.82,6,1.57,4.75,7,3.16,9.67,9.11,5.58,9.97,4.64,4.06,9.95,9.23,4.02,9.81,4.69,5.12,0.73,4.83,1.48,7.46,6.99,1.33,0.93,4.56,9.6,8.14,9.24,9.85,6.95,5.36,4.59,9.74,2.04,9.06,3.96,6.4
9.03,0.95,5.08,3.11,5.58,9.49,4.07,6.85,1.17,1.72,7.14,8.18,3.18,3.63,6.99,0.81,2.91,4.22,6.34,2.4,7.01,2.95,0.06,5.86,-1,8.67,6.6,2.91,9.64,9.39,6.1,6.75,3.33,3.83,3.33,8.46,1.29,4.82,6.66,3.64,6.95,5.33,5.94,6.96,5.08,6.89,3.47,8.59,8.69,1.5,6.9,7.29,9.67,7.01,6.39,6.65,3.48,3.5,3.12,2,9.53,8.84,3.18,9.4,1.34,5.84,4.9,9.81,5.38,8.85,6.81,3.25,7.04,4.11,1.42,7.58,3,7.64,7.12,3.11,7.66,0.64,6.38,8.07,5.69,6.19,6.22,5.75,5.31,1.55,6.47,9.61,3.33,0.82,1.47,0.16,2.72,1.1,8.07,9.57
4.46,6.03,1.04,6.55,6.65,9.82,3.64,1.12,3.41,1.16,7.48,3.55,0.01,0.28,8.91,5.13,2.16,9.19,2.53,3.97,8.58,9.87,0.43,4.14,8.3,-1,7.92,0.18,4.3,8.4,0.57,3.89,6.35,0.46,7.26,6.83,5.82,1.1,6.3,9.04,9.75,6.09,9.04,2.17,2.51,3.32,0.54,2.82,8.81,1.22,9.61,4.43,7.79,3.08,0.73,4.88,3.84,2.56,7.71,7.11,9.16,7.96,3.88,0.3,7.68,9.78,6.94,4.99,2.07,0.96,4.23,8.11,2.21,5.58,7.42,6.73,6.83,8.82,8.48,1.68,6.1,4.89,2.47,6.64,0.48,8.26,1.33,4.09,9.11,0.58,6.16,1.5,4.56,6.27,6.93,7.73,8.47,6.07,9.06,6.53
5.94,1.52,8.43,8.87,8.44,8.06,8,1.55,4.59,2.07,2.71,9.11,3.18,3.89,1.38,6.15,2.94,0.11,5.28,7.56,4.02,1.38,4.09,7.28,3.7,3.81,-1,5.34,0.28,1.19,0.64,8.69,7.76,6.43,9.59,9.65,5.05,0.88,1.64,5.91,8.28,4.35,0.35,5.39,2.66,9.56,7.48,6.09,8.34,4.34,6.4,8.57,8.39,0.77,9.8,9.79,7.41,7.03,0.49,8.06,4.45,3.83,4.89,8.9,9.35,8.78,7.41,6.77,1.26,6.05,3.53,5.49,6.3,9.83,7.96,6.86,6.09,0.18,1.7,9,3.45,1.45,4.54,1.67,0.1,6.66,1.14,0.96,3.15,1.72,4.73,0.16,8.31,1.13,1.03,3.84,5.39,6.05,3.14,4.41
9.43,8.22,6.83,8.05,1.7,2.8,8.19,7.5,0.91,0.13,1.19,1.06,7.69,9.13,0.58,2.14,1.03,1.35,7.6,6.44,6.08,8.29,9.72,5.72,3.9,5.85,1.9,-1,0.95,9.07,2.9,6.87,0.4,1.72,8.22,0.92,5.04,0.42,1.74,6.49,2.64,0.32,4.23,1.92,8.12,8.44,3.46,8.84,9.13,5.68,9.62,7.39,8.58,5.01,2.88,4.97,1.65,2.3,5.86,9.76,6.6,2.8,8.75,1.33,9.3,7.37,9.97,2.16,4.36,1.83,7.55,4.71,3.65,8.58,4.96,0.89,1.87,7.82,4.64,1.44,3.92,8.74,9.77,2.63,8.81,4.72,5.32,2.26,1.37,8.51,3.43,2.75,6.31,2.87,0.23,4.75,3.8,3.82,4.03,8.79
6.42,1.5,8.75,5.34,3.37,7.81,3.07,1.02,6.53,0.71,5.01,0.39,5.61,3.95,1.57,3.76,8.77,5.44,2.5,1.34,7.51,0.91,1.35,5.14,5.15,8.66,0.41,4.22,-1,7.42,7.57,3.46,8.56,7.33,5.55,2.08,0.31,5.08,5.95,0.98,3.19,0.33,3.88,1.28,8.14,1.93,0.7,5.25,0.85,9.96,1.58,0.57,7.96,4.67,9.08,9.31,1.07,9.5,2.06,2.4,8.5,7.94,0.66,2.27,6.57,6.15,3.11,7.74,8.66,1.8,5.2,8.53,9.16,0.97,5.24,7.15,8.63,0.38,7.66,8.35,2.42,7.93,2.51,4.11,0.92,2.04,6.77,3.23,0.92,5.43,9.16,4.12,1.79,2.83,3.03,8.96,3.82,7.19,6.82,4.89
3.2,0.49,8.8,0.82,0.48,3.6,3.8,3.24,5.82,5.69,8.24,5.88,0.07,9.8,6.22,6.73,3.38,3.5,9.75,7.14,7.58,0.24,6.28,7.5,0.24,4.03,8.39,3.62,6.91,-1,8.6,3.58,2.1,1.12,2.96,1.97,8.63,0.06,3.58,5.95,9.48,3.37,5.88,9.91,5.55,6.1,0.76,6.81,7.64,3.23,0.37,6.2,1.82,7.49,3,5.85,9.82,8.93,5.1,1.95,9.93,7.63,2.16,9.14,2.65,6.21,4.77,0.47,0.42,8.2,3.3,1.66,6.67,1.25,5.3,1.43,5.17,1.36,3.3,2.15,7.61,3.57,9.76,1.52,6.34,0.74,4.1,9.75,6.62,3.34,8.34,2.11,5.24,0.45,6.88,3.66,4.05,2.81,6.89,7.28
8.66,7.85,0.04,1.89,8.19,7.75,5.52,6.68,2.59,7.12,5.37,1.99,4.09,7.9,1.99,9.18,3.75,9.78,4.08,9.74,7.15,1.13,7.33,4.5,6.62,7.05,2.99,5.51,3.92,8.62,-1,0.42,4.46,5.65,4.01,7.93,2.64,5.88,6.7,8.26,0.21,6.13,4.93,5.63,8.8,5.87,8.83,0.37,0.74,0.27,6,4.72,7.1,0.74,6.51,5.93,5.64,9.16,0.04,6.77,0.29,9.24,0.5,5.59,0.16,8.21,1.21,1.8,2.89,7.66,1.43,0.87,5.65,0.7,1.64,0.8,7.01,9.67,5.63,5.63,6.98,2.17,6.47,3.48,3.93,1.37,8.23,7.17,3.85,8.3,4.33,8.73,7.76,1.94,0.38,9.72,8.74,1.6,3.64,1.25
8.59,4.13,5.21,1.02,2.26,0.56,3.76,1.85,8.57,9,5.81,9.52,8.76,7.06,7.9,8.72,0.9,6.19,5.28,2.03,4.74,7.73,3.27,6.15,4.8,3.12,4.37,7.27,3.44,6.52,1.27,-1,9.82,6.3,5.91,6.73,7.5,5.81,1.91,1.17,2.16,0.92,9.74,5.19,6.03,2.85,7.06,3.86,1.2,1.75,4.3,4.42,6.85,5.79,1.57,0.32,3.34,4.3,7.57,0.44,3.38,5.87,6.24,0.78,9.31,7.76,6.37,6.16,2.95,8.65,7.94,6.5,5.26,7.48,8.36,7.44,7.59,2.89,7.22,8.26,4.8,4.67,2.28,8.02,1.19,6.88,8.95,7.2,9.47,6.84,6.79,5.67,6.39,8.71,9.89,6.29,5.66,7.89,9.16,2.41
9.81,9.31,4.45,3.46,7.33,4.44,5.74,2.34,3.63,3.86,7.78,7.23,6.89,9.04,5.22,0.14,7.73,9.89,3.83,9.58,0.46,6.78,4.23,2.71,4.46,5.85,3.18,9.15,5.16,3.35,6.67,4.95,-1,7.5,8.78,9.28,9.3,3.84,5.12,9,2.64,3.42,5.59,3.43,3.83,2.89,8.78,5.73,4.43,8.29,1.14,6.08,7.09,0.95,8.94,6.73,2.85,2.6,6.2,6.33,1.67,5.57,4.71,1.07,5.13,6.23,0.12,6.1,1.54,1.56,8.67,9.05,6.12,1.94,0.5,2.13,9.7,9.05,5.89,4.67,3.66,4.02,8.85,5.26,7.71,1.63,4.31,5.08,6.54,8.41,4.08,8.17,3.3,4.18,1.88,5.07,9.96,0.21,8.39,3.09
9.39,5.96,8.91,7.3,3.65,4.93,3.27,1.91,3.4,3.65,7.33,1.61,0.53,9.97,8.15,9.83,0.16,9.92,1.23,0.64,3.6,0.67,3.54,5.51,4.28,5.26,9.99,1.96,4.9,7.2,1.95,2.06,7.01,-1,5.72,1.97,9.97,7.61,5.21,7.63,8.84,8.97,1.84,9.62,5.8,0.91,9.59,5.18,4.9,1.61,7.12,8.55,6.55,8.26,4.28,6.6,6.55,2.9,8.6,6.18,0.54,5.35,3.12,2.4,3.72,6.33,2.19,4.81,8.28,4.85,5.67,6.06,2.04,1.92,8.86,2.18,2.8,3.82,0.43,1.05,7.29,9.81,7.15,6.42,8.86,2.26,6.75,2.4,2.11,4.48,2.75,0.4,9.84,7.7,2.87,2.59,6.72,7.45,3.12,8.48
8.96,6.71,1.32,4.82,9.14,3.14,6.06,3.64,6.76,5.83,1.92,8.79,3.29,9.06,9.56,6.61,3.03,2.05,9.59,7.76,8.09,6.28,6.26,4.91,9.93,0.67,6.76,1.42,2.09,8.93,0.44,9.09,8.08,5.77,-1,6.98,7.33,0.52,9.1,6.71,7.15,2.74,2.43,5.01,0.27,4.3,6.67,3.99,6.35,8.75,1.35,1.91,8.53,7.49,2.08,3.69,9.3,6.06,4.24,5.28,4.77,1.66,9.91,8.6,9.33,7.88,1.23,3.74,2.42,9.89,2.88,2.05,6.62,9.59,8.93,1.95,2.95,2.12,3.46,0.35,8.02,1.35,5.77,3.34,1.54,2.45,6.82,0.42,2.83,1.83,2.68,0.17,3,1.08,6.53,8.69,8.95,2.08,1.8,0.55
8.21,4.7,8.56,3.45,5.45,0.52,0.63,2.25,7.51,6.9,7.25,6.6,3.33,3.22,9.61,7.56,9.52,2.32,9.9,8.6,6.75,0.54,3.67,9.14,1.57,7.48,5.56,4.78,0.72,8.72,9.33,0.75,7.69,5.75,4.88,-1,4.03,7.26,1.68,3.07,2.45,6.72,3.15,1.84,6.14,9.25,1.36,2.97,7.14,6.19,7.06,1.32,9.23,8.37,2.42,0.52,1.28,2.18,2.31,2.92,8.26,4.09,9.75,5.99,6.97,9.01,3.47,1.42,0.14,1.3,1.49,0.21,0.66,6.55,2.69,8.73,3.93,6.69,2.94,0.4,8.21,0.48,2.05,5.11,5.07,7.89,7.04,4.37,2.06,8.91,4.88,8.22,6.55,9.62,6.95,5.51,1.34,4.39,6.66,4.75
7.02,1.43,1.72,2.07,2.57,2.37,7.26,7.63,3.71,1.95,6.27,1.37,4.77,8.51,7.7,0.95,6.13,3.82,1.89,2.42,7.84,6.55,3.25,1.53,1.02,5.14,2.94,9.26,2.03,4.39,1.64,3.78,9.26,6.3,4,1.41,-1,7.96,7.37,0.81,5.51,3.41,0.79,6.06,4,3.12,7.59,5.42,9.21,6.3,2.12,2.6,5.59,7.64,2.58,4.89,2.63,0.96,6.32,1.51,8.56,1.86,3.06,6.49,4.38,0.07,7.56,8.26,7.18,8.17,5.57,8.4,3.59,1.94,3.03,4.39,9.13,4.85,4.01,5.82,3.62,6.02,9.14,2.08,2.49,2.95,5.39,8.92,5.07,0.16,2.19,0.27,9.24,5.68,3.11,8.87,0.08,7.26,9.22,6.12
3.17,8.9,5.79,0.4,5.22,3.3,9.03,5.05,9.73,7.09,6.47,1.48,8.16,9.17,0.1,9.92,1.59,4.02,6.12,0.02,2.36,2.37,0.33,1.95,9.97,7.48,6.89,8.28,2.43,8.57,9.85,5.94,2.78,2.65,2.98,9,7.53,-1,4.09,4.29,0.81,4.28,4.69,9.99,1.88,9.53,0.07,9.91,0.64,6.29,0.02,1.86,7.68,9.87,8.76,3.33,0.05,6.39,6.29,8.03,7.58,9.97,8.59,6.42,2.73,6.64,1.69,9.85,2.17,9.79,9.95,4.03,2.79,4.45,9,1.85,2.52,4.6,4.49,9.87,7.04,2.49,8.66,9.7,5.49,1.83,2.05,6.21,0.7,8.84,8.67,7.77,6.11,9.34,3.87,2.43,5.19,7.36,5.28,8.15
2.26,4.58,5.64,5.26,4.38,5.52,0.54,1.96,4.37,9.32,6.68,3.49,9.29,5.69,2.95,3.05,4.86,0.42,9.48,2.74,2.55,7.58,5.61,2.75,1.86,3.85,4.12,1.93,4.1,6.47,7.18,4.99,7.99,1.82,5.27,6.24,6.72,0.79,-1,6.89,6.42,5.2,6.95,5.17,9.14,4.55,1.41,9.24,2.9,6.35,5.54,6.73,6,0.93,0.66,0.89,4.06,0.5,7.85,1.57,5.75,0.4,2.69,4.65,0.76,9.88,7.29,2.74,9.44,8.74,4.02,1.7,4.03,7.95,8.65,8.77,6.4,9.43,0.61,6.37,3.06,6.22,2.58,5.2,5,2.64,9.03,5.26,8.32,3.1,4.7,5.35,5.45,8.25,4.89,9.64,9.44,8.06,8.23,6.43
7.9,0.17,4.95,9.79,2.64,5.68,1.2,5.61,1.85,7.01,1.55,7.97,3.04,2.87,5.62,6.85,2.16,7.63,8.52,6.66,5.16,2.24,3.27,7.21,5.84,0.53,4.44,0.55,6.9,1.74,1.49,7.57,3.68,4.77,4.14,4.44,8.39,0.17,2.41,-1,3.46,0.88,9.19,9.88,3.03,7.99,7.42,1.69,9.44,5.36,1.47,4.45,9.44,5.74,3.1,5.76,6.04,8,9.6,1.39,6.76,4.48,2.52,5.51,3.6,5.08,4.1,2.14,4.06,7.09,0.11,3.62,4.99,6.93,2.83,5.72,3.6,7.41,5.87,1.39,6.37,8.76,0.06,9.71,3.46,7.92,8.85,2.31,9.81,0.96,0.67,9.23,7.6,5.33,7.95,2.56,4.26,7.15,3.37,4.03
9.73,3.54,6.14,2.51,9.58,7.23,1.18,1.52,2.69,4.08,3.57,1.05,8.79,0.39,2.6,1.84,0.11,9.23,2.06,4.89,2.21,8.21,5.65,8.6,2.4,2.04,0.08,7.28,0.78,1,1.97,6.94,5.93,2.13,1.01,2.7,0.93,3.92,9.67,1.43,-1,9.77,8.25,7.94,4.66,2.33,6.51,9.62,8.24,5.12,2.33,1.8,8.71,4.78,9.2,7.03,4.21,9.8,0.38,3.23,6.16,0.17,0.76,8.39,5.46,4.68,0.02,4.73,6.24,5.51,5.18,3.71,0.89,1.44,6.82,2.26,9.53,5.69,6.86,4.78,1.07,1.58,5.16,3.47,4.82,1.93,8.31,1.7,1.9,9.3,4.16,6.16,1.97,2.9,3.82,3.73,0.82,8.63,8.39,9.85
5.57,7.21,2,0.84,5.17,5.32,7.09,0.01,3.28,3.78,3.32,9.46,7.3,5.53,4.1,4.86,9.74,3.55,5.02,2.54,8.93,5.39,4.56,8.42,6.91,0.32,5.92,8.03,5.3,6.12,0.33,7.02,6.93,8.54,9.18,4.57,3,8.6,1.39,4.65,9.2,-1,4.84,8.07,2.68,4.75,8.4,8.47,1.76,8.3,0.14,9.82,2.76,4.91,3.78,4.85,5.03,1.67,7.19,6.65,1.84,2.4,8.66,4.68,7.41,1.86,4.25,9.16,3.11,1.17,1.79,3.14,4.43,0.49,9.41,0.91,9.73,7.81,7.13,5.94,3.1,5.23,9.19,4.24,8.79,0.16,3.2,6.46,8.1,8.82,5.27,9.3,6.83,0.03,3.59,4.92,2.92,8.32,3.82,6.03
6.14,2.98,6.18,0.16,2.46,6.01,8.21,9.35,3.72,1.97,0.04,4.55,4.25,4.82,0.49,7.1,8.33,7.4,0.76,7.07,8.12,6.22,0.68,5.36,6.77,5.55,0.14,9.93,6.77,4.48,9.65,1.4,3.26,4.37,8.42,4.91,9.84,1.44,6.1,7.55,1.27,7.32,-1,7.29,1.92,3.06,4.72,4.01,9.26,1.39,8.2,9.73,7.61,5.12,5.9,2.34,7.7,4.57,9.58,9.7,4.65,2.43,9.75,4.47,3.39,0.87,5.34,5.23,0.38,5.77,7.49,6.61,7.94,5.27,5.9,8.79,7,2.29,1.65,1.37,2.85,7.81,5.99,8.52,7.01,4.39,3,7.03,8.09,5.77,9.76,8.23,0.11,2.17,2.42,7.77,5.56,1.69,4.36,4.51
4.39,1.49,9.47,6.26,3.61,0.95,7.07,6,0.04,7.32,2.73,9.12,1.34,1.88,9.25,7.5,7.51,9.32,9.97,1.06,1.9,2.23,3.82,6.78,3.27,6.29,6.57,3.18,1.34,8.93,6.96,6.85,6.58,2.66,1.35,2.74,1.32,4.14,0.74,4.66,3.24,5.67,5.17,-1,6.03,3.65,7.29,1.49,0.25,9.92,0.49,3.01,9.94,6.49,3.51,4.26,2.59,7.74,6.28,8.44,5.56,6.56,8.42,5.01,2.93,4.82,9.09,1.99,7.8,7.72,2.47,0.25,4.3,0.28,6.9,3.69,7.28,2,9.35,9.57,9.63,2.98,9.67,6.12,5.87,2.43,0.05,1.34,7.54,4.95,5.53,8.36,3.53,5.93,7.62,1.53,2.48,3.09,8.87,7.61
3.53,9.65,9.19,3.49,2.83,4.12,4.57,1.47,0.33,0.52,5.11,3.75,9.4,8.79,0.99,5.96,9.09,3.95,8.37,6.93,1.07,9.83,1.59,3.4,1.18,6.07,6.09,7.24,2.62,4.61,0.83,8.33,3.24,1.79,7.47,3.11,6.37,5.33,4.98,2.15,4.38,3.28,2.6,8.77,-1,7.08,5.54,0.13,6.4,5.36,1.86,3.4,4,0.54,4.61,9.62,0.27,2.62,2.78,1.51,7.91,0.11,5.98,0.33,9.92,6.54,1.18,3.44,3.2,2.83,6.77,1.23,3.57,7.07,4.89,2.29,9.86,6.67,2.85,8.32,8.46,5.12,8.74,6.29,8.87,4.04,8.48,2.46,5.63,7.27,9.45,3.05,1.69,1.93,7.06,0.53,5.91,7.36,8.88,3.66
1.02,8.29,3.18,2.8,0.69,2.31,6.43,2.91,1.94,2.85,1,1.34,2.51,9.72,9.84,4.7,1.85,3.31,1.54,8.64,8.94,1.89,7.02,6.59,5.48,7.81,0.59,6.76,0.18,3.25,3.14,0.87,8.26,2.01,1.4,4.16,6.12,0.19,2.8,5.89,5.83,7.15,7.66,6.93,1.15,-1,7.21,9.81,4.32,4.07,4.1,3.07,3.44,7.11,4.61,2.55,9.92,8.06,4.04,1.66,1.12,9.17,2.49,1.94,2.83,7.17,3.42,5.73,0.23,0.63,9.75,9.95,4.11,5.86,9.9,3.17,3.3,4.53,6.67,0.54,7.23,7.34,7.46,4.56,8.7,1.54,9.15,7.93,2.98,1.86,6.23,7.22,1.04,6.66,9.54,6.03,9.79,1.27,6.2,8.34
4.8,2.37,7.48,1.28,9.63,5.96,3.43,5.36,3.3,0.42,0.78,1.6,7.28,8.8,7.2,4.7,6.36,7.81,4.02,1.49,2.08,2.03,8.55,9.74,8.74,8.62,8.92,5.93,7.94,7.65,0.44,7.6,5.01,3.69,4.92,1.86,0.46,4.16,1.84,0.32,3.56,8.8,1.18,1.5,2.09,6.62,-1,6.85,5.62,0.75,6.81,8.27,4.25,6.78,7.94,7.46,7.62,3.52,1.11,9.86,0.66,8.21,2.95,9.53,9.44,9.9,2.86,3.16,8.28,2.4,0.86,4,5.38,0.83,8.03,8.48,1.31,9.63,7.32,6.5,1.44,2.46,4.33,1.86,8.32,5.16,6.89,7.61,4.37,1.8,6.24,5.39,3.94,1.89,5.24,0.49,4.02,5.72,5.25,7.92
9.65,1.32,0.44,2.39,1.54,5.91,7.51,4.13,2.45,9.79,2.66,3.05,6.39,4.05,1.43,3.31,4.87,3.54,9.91,5.39,1.79,5.34,8.49,1.66,3.78,6.58,7.58,7.3,1.45,2.32,4.32,0.62,9.58,8.12,5.68,3.79,5.4,8.03,5.81,1.2,7.5,0.91,0.94,1.04,5.25,5,0.66,-1,3.56,7.26,8.71,3.31,9.32,9.13,4.75,0.82,1.67,3.88,1.53,1.9,3.5,5.12,8.13,9.63,2.74,9.09,0.84,2.35,5.5,5.37,7.76,7.41,5.33,8.91,9.67,1.59,0.5,4.35,7.32,6.51,9.17,4.02,1.41,7.14,3.86,3.36,9.43,7.82,1.84,0.08,4.43,1.91,1.17,6.82,2,9.47,1.82,3.43,6.65,0.51
3.89,8.08,0.49,9.97,1.91,3.03,4.92,1.6,3.9,6.19,4.97,9.41,3.54,5.81,6.31,9.46,1.6,9.19,3.57,3.08,7.78,2.68,6.16,2.92,9.78,5.22,5.76,3.22,4.56,6.42,9.33,4.2,9.13,1.07,7.05,8.97,3.39,8.75,6.67,8.08,5.65,1.4,1.22,2.18,0.08,8.27,6.23,2.02,-1,1.89,5.88,4.11,4.38,9.35,2.24,5.95,3.8,1,6.84,8.06,5.71,9.73,9.45,6.12,8.86,8.75,6.36,7.14,5.04,1.77,8.09,5.04,1.78,6.77,7.71,0.3,4.62,5.99,7.11,3.53,7.14,7.34,1.76,1.27,5.78,7.53,2.48,7.94,8.43,7.84,7.19,9.24,0.19,6.55,0.92,9.19,3.63,7.09,0.23,8.08
9.46,8.94,1.57,2.65,2.48,2.28,8.85,3.85,3.27,4.22,7.27,6.04,4.91,9.17,6.56,6.4,3.26,2.58,9.34,1.98,1.85,2.64,0.63,9.52,5.88,4.15,3.51,4.64,7.59,9.64,2.39,5.29,0.81,7,7.09,3.54,2.17,8.31,2.86,9.08,7.69,6.52,4.58,3.81,6.92,6.94,3.8,4.28,7.46,-1,9.71,3.01,9.23,1,2.47,0.22,3.64,3.36,9.94,4.5,5.18,4.6,9.23,7.31,3.17,7.35,0.44,9.52,3.24,6.96,0.01,8.52,0.18,1.53,0.65,1.37,4.13,2.9,7.96,7.13,7.85,0.41,0.77,1.68,7.67,1.21,2.52,2.28,3.86,7.19,0.31,8.39,6.04,9.53,2.65,2.09,8.73,6.53,5.02,7.43
4.26,1.98,9.69,4.04,0.08,8.48,0.6,7.61,2.42,6.51,9.97,7.7,3.62,4.98,7,4.38,1.3,7.32,4.74,4.44,0.11,9.1,6.27,1.18,6.89,9.01,6.66,8.59,4.85,3.98,6.94,4.46,5.57,9.96,1.67,0.78,5.78,0.79,6.93,6.64,6.43,3.32,5,5.09,8.59,9.52,2.28,8.15,4.47,9.5,-1,7.67,6.15,0.52,4.08,8.02,2.75,3.77,4.78,7.34,6.85,7.31,5.66,9.87,9.03,6.63,4.34,6.45,8.76,5.58,3.83,3.69,1.59,7.33,2.95,0.03,4.19,1.44,1.1,7.8,6.03,2.31,0.81,1.2,4,0.33,8.21,0.4,4.18,7.87,5.29,0.32,3.81,7.9,9.49,1.14,3,5.9,9.81,3.5
2.54,4.29,2.44,8.6,7.13,7.47,3.17,5.46,8.74,1.15,3.45,2.24,9.83,7.04,5.06,1.43,3.52,6.03,2.87,1.75,7.02,7.5,7.03,9.43,9.63,0.08,6.01,3.38,1.62,4.05,0.67,7.52,2.43,7.83,5.84,3.6,2.1,8.02,3.3,3.73,0.46,3.41,5.4,6.26,9.51,3.74,3.89,3.5,2.12,9.65,4.32,-1,6.69,7.77,8.12,0.69,1.59,4.42,2.25,4.93,7.6,4.33,5.77,2.98,8.39,3.34,3.68,9.49,9.92,2.99,1.99,0.67,3.01,5.93,4.85,6.03,6.03,5.06,7.02,8.93,2.92,9.2,5.04,7.71,1.44,1.41,4.77,0.17,4.98,2.01,9.16,1.07,5.03,3.86,4.05,6.97,0.02,9.86,9.49,9.4
5.54,6.94,0.77,3.54,1.2,8.6,5.3,7.32,3.24,3.05,2.72,5.18,3.14,1.65,8.42,8.41,3.04,0.6,1.26,7.04,2.92,8.61,8.16,7.16,9.47,9.15,0.2,5.61,8.76,6.18,3.75,4.05,4.02,7.96,2.93,3.66,8.74,0.53,9.85,6.44,0.39,0.91,0.21,7.91,2.71,3.03,7.27,5.53,1.93,4.22,6.47,8.1,-1,1.23,7.55,7.74,7.77,3.81,9.6,7.21,5.42,7.43,3.49,4.67,1.49,5.43,9.43,0.66,7.87,8.63,9.27,3.29,1.07,3.52,7.9,8.6,1.86,0.7,5.92,6.57,4.6,4.21,1.89,9.26,7.54,1.32,4.84,5.85,8.74,6.07,5.6,5.73,0.92,8.18,5.72,1.5,4.48,4.09,4.51,3.61
0.02,0.05,3.48,4.9,4.86,7.76,2.2,7.08,9.58,9.14,5.86,7.85,5.81,1.63,1.62,9.8,1,0.08,6.4,2.23,0.12,2.71,2.22,0.13,1.09,4.36,4.94,3.81,2.08,0.76,6.96,0.72,2.08,1.57,4.09,8.02,7.62,8.6,1.57,2.59,7.86,9.7,9.5,3.05,2,5.01,4.84,3.06,6.22,7.76,6.4,9.3,2.12,-1,4.14,5.49,7.25,3.8,3.59,3.95,3.46,9.9,0.25,8.75,3.95,7.98,1.42,5.81,8.77,2.42,4.81,9.1,6.1,9.04,4.46,1.89,6.87,7.92,9.89,2.88,3.11,1.86,5.55,0.5,5.33,1.22,6.62,5.83,2.64,0.64,3.8,2.6,3.44,0.09,8.34,8.62,5.96,8.25,1.88,2.1
4.86,8.48,5.6,8.78,0.6,5.5,5.39,7.14,5.7,3.92,1.73,5.76,4.34,0.08,3.47,6.89,8.04,0.6,0.38,0.04,7.25,5.81,8.34,1.79,2.74,6.57,5.44,5.29,4.39,8.14,8.65,4.29,3.55,2.03,2.03,4.16,0.4,3.19,6.14,8.47,1.16,2.41,1.5,6.31,6.9,0.28,0.36,8.16,1.32,0.21,8.41,9.63,0.26,8.64,-1,6.55,0.25,9.85,4.29,5.36,0.97,9.27,5.94,8.23,0.26,4.06,1.65,4.25,2.26,5.35,6.7,4.79,0.77,0.57,9.23,6,8.36,9.55,0.48,5.81,3.9,8.47,0.91,1.4,0.21,9.5,5.82,9.42,0.72,0.49,7.62,0.11,3.73,7.92,4.45,0.06,9.37,0.52,1.27,3.9
7.28,8.12,1.2,0.81,7.54,7.64,3.61,7.33,1.87,7.72,4.2,8.75,9.83,1.87,9.8,3.83,6.97,8.56,4.52,9.08,6.26,3.68,1.45,6.83,1.26,5.68,3.66,8.11,6.03,5.72,1.1,2.97,6.49,9.34,9.38,7.66,4.79,4.94,8.42,0.61,2.75,2.02,7.71,6.15,2.72,7.23,3.51,5.57,4.93,6.68,6.38,0.28,9.1,0.79,9.21,-1,5.63,9.25,3.73,0.72,6.23,9.52,5.21,6.28,9.21,0.4,2.75,0.39,1.63,4.95,5.23,3.66,5.94,7.61,3.44,6.04,1.67,1.06,0.7,6.7,0.49,2.27,8.42,2.74,7.86,4.56,8.53,2.45,2.05,1.05,3.71,6.25,1.72,1.81,9.85,1.53,4.3,0.9,1.72,1.93
6.46,0.56,7.89,7.9,8.21,5.78,6.65,9.54,5.51,5.26,5.5,0.23,1.74,8.45,0.15,1.17,9.59,7.48,7.28,7.52,2.79,0.3,9.84,9.59,8.42,6.18,4.41,4.44,3.65,7.3,0.82,0.69,7.47,9.05,9.81,8.52,3.92,6.19,8.38,9.54,1.41,0.05,2.18,9.53,1.13,3.61,8.13,7.81,3.65,6.45,6.69,1.25,3.39,6.47,7.13,6.74,-1,8.54,6.94,9.89,4.57,8.28,8.88,7.08,3.86,8.28,0.15,1.53,9.85,7.78,7.24,7.76,7.8,3.89,8.22,3.84,5.41,6.53,8.85,0.19,7.72,7.88,0.89,8,2.62,4.73,4.98,0.13,8.71,4.7,4.48,9.66,4.99,2.88,3.93,5.52,8.89,4.75,7.6,0.81
5.67,5.92,6.34,8.27,2.07,5.97,0.85,5.09,2.26,7.68,8.6,9.22,0.93,8.14,5.35,8.68,6.4,9.96,3.01,1.31,2.52,1.69,1.43,3.77,5.12,5.89,8.63,2.23,4.98,0.95,7.99,8.27,1.21,3.17,9.46,8.62,6.62,1.37,0.91,8.06,3.48,2.8,5.24,5.26,1,1.33,4.94,1.74,5.21,4.86,9.03,0.25,3.73,4.42,6.09,7.4,7.74,-1,2.24,3.68,7.04,3.28,3.91,3.68,0.85,8.58,9.87,3.32,9.09,8.55,6.12,6.35,6.24,5.63,9.76,3.91,6.11,7.7,3.62,9.13,2.96,9.98,9.22,7.96,6.41,2.52,5.9,3.95,4.42,3.06,7.07,3.51,2.69,1.49,0.63,0.97,4.61,4.94,8.81,8.82
3.54,9.07,5.3,8.45,1.21,3.33,8.72,7.02,5.93,2.58,9.62,6.51,7.3,4.17,8.61,4.07,9.56,8.01,9.87,6.6,4.77,7.94,6.66,3.62,0.31,7.36,9.28,0.67,0,6.08,1.25,5.54,8.58,8.63,1.19,0.98,1.33,0.98,0.46,9.22,3.37,9.01,3.21,2.71,5.77,3.95,4.86,5.1,9.15,0.42,5.51,2.7,9.93,0.35,4.62,3.04,6.5,4.28,-1,7.05,8.33,7.72,6.47,0.14,0.82,7.15,7.36,8.91,6.65,8.05,0.61,3.54,3.75,0.25,9.78,8.56,8.86,8.14,1.27,3.91,1.69,5.05,0.04,9.38,9.47,7.71,5.2,5.54,1.71,7.99,4.95,4.44,7.7,1.2,8.61,0.75,1.8,5.6,4.59,8.94
3.19,1.46,0.82,5.02,4.33,8.51,9.66,6.64,1.1,0.79,6.67,0.43,7.12,0.31,6.41,7.85,2.91,3.27,7.98,5.23,0.06,7.42,1.74,1.28,3.74,4.76,5.09,0.06,1.75,8.28,2.1,2.9,5.64,4.68,8.55,4.54,1.74,6.28,1.84,6.01,6.62,3.87,8.18,0.21,0.27,4.76,8.58,4.64,6.22,1.3,2.14,5.3,4.68,2.57,6.74,7.97,7.5,4.5,8.49,-1,1.77,2.62,3.16,9.79,4.65,9.46,9.24,2.06,3.18,8.88,1,9.09,9.76,0.4,6.25,7.51,4.45,1.84,1.78,2.42,6.48,5.26,1.45,3.33,9.1,4.84,0.81,7.95,4.32,0.89,3.21,5.99,2.43,8.65,4.99,9.08,7.42,5.72,3.08,6.21
3.99,0.93,6.14,9.36,4.53,7.9,0.49,6.76,8.55,1.17,7.04,6.17,3.81,4.94,9.37,9.73,0.86,0.6,9.88,3.58,6.1,3.63,5.67,1.7,6.85,9.63,2.66,3.34,4.45,5.54,3.39,4.95,1.71,6.3,5.12,2.71,0.48,2.44,5.36,4.83,4.99,3.43,9.3,6.95,4.3,7.75,3.52,2.47,2.24,9.21,7.5,6.19,2.43,5.4,6.8,9.97,1.58,0.77,7.93,7.5,-1,8.54,0.93,6.66,7.43,9.56,8.17,9.49,6.96,0.07,7.69,7.63,1.92,7.5,6.65,6.87,5.42,7.1,5.43,2.87,5.19,1.6,9.6,2.44,9.01,1.77,7.51,9.73,0.01,2.66,9.11,6.88,0.98,2.91,5.81,0.63,0.47,0.53,3.27,6.21
5.91,3.58,6.86,4.7,1.09,6.2,6.9,2.13,2.53,3.51,1.48,5.13,2.56,6.88,7.01,2.54,8.18,4.98,6.17,5.3,5.03,7.98,1.05,8.72,7.44,5.96,5.49,9.46,8.95,7.23,7.01,4.19,9.4,5.98,8.63,8.44,5.13,5.6,1.98,0.33,7.68,5.51,2.48,1.14,8.37,1.2,9.19,7.02,9.67,6.82,3.79,5.61,0.25,8.78,6.95,5.16,6.43,6.24,7.57,2.9,5.94,-1,7.22,7.97,0.55,7.98,8.89,5.24,8.64,1.73,2.98,3.27,3.26,9.02,6.55,9.95,4.64,5.33,1.22,2.85,3.42,3.27,6.2,4.85,9.48,2.39,4.05,6.1,8.5,1.01,1.19,5.48,9.82,8.48,9.42,3.21,1.35,6.26,6.69,1.3
5.34,5.31,0.97,6.13,6.31,1.58,5.42,2.46,8.03,3.92,5.94,8.08,6.56,4.64,3.63,0.07,2.81,9.44,6.05,4.67,6.31,5.12,7.16,8.72,5.32,2.88,8.12,2.4,9.02,7.63,6.59,4.75,3.91,8.56,8.35,3.13,4.47,1.31,2.6,9.89,4.15,4.27,5.39,4.06,4.92,5.14,4.77,3.12,0.19,8.5,6.24,3.25,8.17,8.16,5.46,8.92,1.41,4.57,4.33,9.71,8.33,0.32,-1,3.93,6.05,2.26,4.45,2.23,7.1,0.38,1.15,9.88,3.66,0.3,2.23,6.46,1.44,9.35,7.92,7.33,7.75,7.7,6.93,5.74,5.26,4.23,1.06,8.19,0.56,2.74,9.07,2.77,5.7,8.18,4.14,3.16,4.54,5.7,9.42,2.8
6.23,4.38,0.65,5.19,5.33,3.32,5.6,3.63,3.78,3.99,8.07,7.28,2.86,8.2,6.1,8.29,6.04,3.38,9.06,3.65,6.36,6.84,7.84,5.08,3.76,1,0.52,3.35,8.7,5.99,5.08,2.19,8.75,8.37,0.33,2.92,6.5,0.2,4.12,9.09,9.1,2.23,2.8,6.63,5.45,2.39,2.22,4.52,9.7,3.31,2.52,0.73,1.27,1.98,8.5,4.6,7.75,9.05,4.81,0.76,2.9,9.83,7.26,-1,3.94,1.76,1.07,8.3,9.96,3.29,8.89,2.89,4.39,5.64,2.95,6.48,4.64,0.38,8.88,1.71,8.57,2.76,3.84,9.04,6.66,1.65,6.59,2.57,7.34,7,6.35,6.15,2.83,2.7,3.01,4.74,2.63,4.77,2.44,6.14
2.14,9.87,8.72,3.07,2.08,2.23,0,3.54,6.75,5.01,3.54,4.43,3.41,4.88,0.84,4.99,2.5,6.45,2.92,6.31,0.1,7.67,1.66,5.46,1.22,2.51,0.54,1.48,3.61,9.37,4.92,9.42,2.76,3.66,5.18,2.93,2.66,4.38,1.63,4.67,2.05,0.81,1.88,5.71,3.67,7.15,7.64,4.68,1.2,3.65,8.33,2.4,6.47,9.26,6.22,8.58,2.37,4.61,3.83,3.64,6.92,8.61,1.64,8.78,-1,0.73,9.15,0.49,0.93,1.35,6.88,5.73,3.47,0.9,9.92,9.76,4.09,3.59,9.41,6.25,5.31,3.76,6.42,9.2,2.1,4.38,8.74,0.8,6.45,6.78,6.2,4.81,6.59,0.15,7.12,6.28,5.41,3.66,1.51,9.9
0.18,6.27,0.4,9.54,8.13,9.61,6.71,0.55,4.74,5.16,5.11,6.38,6.27,4.7,0.89,0.44,7.75,5.06,3.19,2.09,2.08,5.84,5.21,0.32,7.8,1.8,5.09,0.12,7.04,4.4,8.57,3.25,1.77,7.47,3.43,8.34,4.78,2.97,0.51,2.14,3.02,1.78,4.8,1.88,1.24,3.77,9.92,4.47,8.97,7.17,7.64,2.48,4.55,5.56,2.87,0.76,8.07,9.89,6.35,8,9.26,8.68,6.57,1.18,9.97,-1,3.43,6.38,7.12,8.62,1.39,1.09,0.74,5.64,0.6,7.49,4.61,2.21,0.21,6.6,3.87,9.19,3.73,9.96,2.44,0.25,9.8,1.84,4.45,1.04,1.49,3.8,7.23,3.99,7.12,4.86,3.65,3.97,8.68,1.96
2.42,7.94,3.13,2.27,0.99,9.89,3.52,2.96,3.95,6.7,7.83,8.24,3.61,1.19,0.94,8.82,8.6,6.57,1.61,1.68,4.31,1.55,3.7,1.5,8.94,6.68,3.08,8.29,3.3,0.33,1.34,2.26,7.51,7.28,7.34,5.18,1.24,5.52,4.51,5.68,8.68,1.92,6.58,3.33,3.34,4.61,8.9,5.39,0.65,2.77,3.99,1.58,4.14,8.88,7.3,5.4,6.32,6.68,1.81,7.96,6.04,3.87,7.22,3.61,3.84,5.25,-1,0.07,6.02,2.13,9.97,5.22,3.03,5.9,6.88,6.34,1.16,2.41,9.57,4.51,1.41,3.03,0.42,8.12,0.83,3.91,1.71,6.1,0.45,7.92,7.37,6.76,5.66,4.41,7.27,4.34,6.5,5.47,8.38,4.21
5.64,9.14,9.93,8.07,9.48,7.5,5.53,1.21,7.5,6.95,1.11,7.87,7.31,6.32,6.56,2.38,4.74,8.3,9.72,2.42,1.36,7.44,7.41,3.99,8.05,0.4,5.38,9.49,5.25,3.99,0.5,0.41,9.35,7.81,0.34,9.95,4.14,1.97,8.16,6.7,8.06,6.89,8.09,8.41,4.75,0.14,0.49,0.54,9.15,5.48,2.53,1.65,0.28,9.37,2.89,5.95,5.43,0.24,9.86,3.08,3.88,6.28,4.22,0.57,9.61,5.21,0.84,-1,4.18,3.66,4.5,9.86,7.82,5.83,8.45,7.62,4.57,6.48,0.32,0.15,5.12,4.23,7.06,1.74,5.58,4.45,8.27,6.52,1.11,2.29,6.96,4.68,6.37,1.28,7.7,2.7,9.39,6.52,4.92,2.29
5.83,2.98,0.66,6.69,0.42,3.82,0.99,3.54,7.95,1.02,9.94,2.79,4.37,8.21,9.59,4.08,2.61,4.02,1.31,9.1,3.22,7.11,9.54,6.31,9.28,2.62,6.07,5.52,0.99,7.42,7.09,2.87,4.24,2.41,0.56,2.63,9.5,2.15,7.65,7.47,9.13,3.12,8.72,3.82,0.15,0.83,9.94,6.56,5.29,3.92,8.58,2.51,2.82,2.57,8.08,2.14,7.37,6.9,2.71,9.33,1.22,8.42,7.33,5.71,2.45,5.15,2.92,2.31,-1,5.47,3.56,4.06,9.62,3.36,7.52,5.92,5.75,7.86,2.17,8.78,2.98,5.73,5.62,5.15,7.72,2.38,0.73,8.43,2.86,7.95,9.38,3.52,1.6,2.04,2.16,7.67,4.55,1.47,1.34,0.01
2.95,4.27,0.99,3.3,1.04,8.76,8.86,7.67,5.99,9.53,7.07,8.64,2.92,2.59,6.31,8.29,4.43,9,3.94,8.59,4.43,4.36,8.37,1.6,9.61,1.03,0.58,6.33,6.24,8.69,3.7,0.69,4.49,9.07,4.76,2.6,4.88,3.98,7.57,8.13,2.22,0.45,4.42,7.6,2.6,5.71,8.76,6.17,0.46,5.58,0.12,2.04,9.21,6.49,9,3.4,0.72,5.05,9.21,6.48,9.09,7.2,5.04,7.09,9.46,9.88,7.99,8.68,2.96,-1,1.38,2.63,8.92,7.2,8.93,1.7,1.65,1.52,0.07,3.48,2.21,1.85,6.03,0.33,0.42,6.33,0.57,0.07,2.03,8.54,5.29,2.28,2.13,8.52,3.53,0.73,3.11,0.54,1.03,0.3
4.26,1.35,7.72,2.28,2.25,6.56,0.42,5.5,3.3,0.95,1.93,4.94,8.86,6.21,7.88,3.73,4.18,2.76,3.05,0.6,0.44,1.38,5.69,9.04,3.47,9,9.87,5.69,4.03,2.41,1.13,1.49,1.34,1.9,5.47,4.3,4.95,4.89,2.57,8.34,6.67,9.51,5.3,6.44,5.6,7.72,6.52,6.19,3.01,3.55,4.89,4.53,0.31,4.98,7.58,1.59,3.04,8.29,6.55,1.85,0.12,8.97,6.93,5.35,9.65,1.79,9.58,5.03,5.99,8.54,-1,8.06,4.2,7.01,1.81,5.04,5.81,5.38,6.73,6.07,6.95,2.38,7.8,7.74,9.01,0.1,8.6,9.62,6.2,0.15,1.54,2.22,2.31,4.3,8.64,4.22,7.16,2.77,4.17,9.9
2.43,7.35,9.2,5.7,7.39,9.59,7.36,3.54,9.99,6.98,4.08,4.74,1.9,9.83,9.8,0.82,2.99,8.43,6.76,4.18,4.36,2.36,0.4,7.83,5.43,5.36,8.89,6.14,9.87,1.31,3.86,2.93,6.43,3.57,0.04,6.77,3.34,4.15,9.23,5.61,6.75,3.78,7.91,8.1,0.64,8.87,3.59,1.33,4.02,4.92,1.71,5.25,4.92,1.14,1.72,5.63,4.7,8.39,5.8,0.32,0.31,6.11,7.7,7.98,1.1,3.57,2.16,7.26,5.98,8.12,5.76,-1,9.19,8.67,9.14,2.24,5.08,0.05,4.28,2.6,9.05,8.55,2.8,0.59,0.35,3.22,0.94,2.64,0.08,4.59,9.03,3.71,2.47,1.42,4.75,1,1.27,9.13,0.27,5.46
0.7,4.11,8.48,5.98,2.32,6.63,4.69,1.56,3.79,2.7,4.4,1.48,2.49,3.74,2.88,6.72,2.02,9.72,9.49,4.39,6.04,6.99,4.48,7.46,0.86,2.97,4.79,1.12,4.6,9.04,9.89,1.38,1.14,4.13,6.91,8.26,8.35,1.87,7.41,1.74,4.6,7.42,8.18,2.89,8.8,2.33,0.19,7.93,5.27,8.74,9.22,6.27,3.91,6.64,5.44,7.64,6.23,3.04,2.71,6.33,6.45,0,1.33,8.62,5.99,3.89,7.05,4.39,4.26,7.59,9.66,5.05,-1,1.2,9.81,3.77,8.93,1.13,7.04,8.12,9.64,3.85,9.99,7.85,4.85,1.17,2.25,5.72,7.83,8.66,0.93,0.96,8.72,0.71,5.29,4.6,7.61,5.23,8.05,0.44
6.68,1.39,4.23,3.79,7.74,9.42,2.6,3.26,9.01,0.4,9.09,1.2,4.09,1.29,7.69,4.61,0.28,0.47,3.85,5.31,3.51,2.9,0.92,3.34,7.34,5.25,1.69,7.77,8.74,6.17,0.49,8.4,4.79,7.43,0.11,7.6,2.28,7.33,8.96,9.7,7.01,6.45,6.26,7.03,7.08,0.58,2.72,6.73,3.64,3.8,9.55,0.89,4.24,7.58,0.71,8.03,8.3,9.69,7.03,5.53,4.88,5.59,6.04,4.56,5.06,4.69,4.57,3.47,2.23,9.81,5.93,4.62,2.35,-1,8.89,7.75,3.06,5.4,3.97,6.06,8.28,4.98,5.71,7.85,9.16,4.26,3.87,6.01,8.98,9.53,4.67,6.43,6.72,8.17,3.32,0.24,4,6.33,1.82,3.92
8.4,1.54,6.31,0.87,7.55,8.78,5.82,1.74,5.46,0.97,1.36,7.87,9.57,1.61,2.41,1.12,2.02,2.5,5.04,5.67,7.44,1.5,1.33,0.13,3.1,3.58,1.79,1.75,3.3,1.78,4.65,6.77,3.22,3.82,2.96,8.21,8.33,2.68,6.5,1.75,6.44,8.4,9.03,7.9,0.16,5.24,7.24,5.22,1.68,1.66,0.83,3.67,4.65,2.13,9.78,0.69,1.96,5.4,6.26,7.86,1.97,6.76,9.02,5.47,9.95,8.93,0.62,3.37,6.88,4.15,0.45,5.74,4.9,6.96,-1,6.87,1.26,5.38,7.03,4.41,9.75,4.72,0.15,9.73,5.13,4.98,2.58,5.09,1.52,7.27,8.6,0.42,8.22,8.75,1.05,7.62,8.41,8.84,3.05,4.41
3.33,3.95,0.26,1.52,9.12,0.57,5.72,2.85,3.84,2.75,0.47,3.8,7.46,1.59,9.46,6.19,0.29,4.34,6.95,3.16,3.2,2.71,5.65,0.22,8.71,8.65,8.21,5.81,3.25,4.16,9.42,2.36,0.47,4,1.52,8.63,2.94,3.14,2.64,5.28,3.81,2.23,1.37,8.71,5.83,9.23,5.11,3.76,6.55,3.95,5.61,8.25,4.57,7.28,3.07,0.66,9.26,0.04,5.85,3.46,0,5.45,1.6,9.5,9.61,0.51,7.29,9.95,8.11,1.46,5.27,9.85,4.47,6.97,9.6,-1,1.69,2.49,3.59,9.31,6.2,8.22,0.97,9.76,5.63,9.38,4.09,7.46,1.7,7.41,0.45,4.28,2.43,0.34,3.14,0.33,8.56,8.35,6.99,1.48
9.92,7.31,5.39,1.06,5.27,2.03,7.43,6.68,5.8,8.37,0.76,5.65,4.78,9.13,8.45,1.89,8.85,0.45,4.15,1.66,3.91,4.88,2.36,2.32,8.6,4.36,6.95,1.43,6.71,2.75,1.58,3.13,1.19,4.67,1.67,0.42,3.51,1.35,4.13,1.17,4.38,0.99,7.22,4.33,1.46,7.06,6.53,5.78,8.2,8.52,1.36,4.16,5.31,7.18,9.13,6.24,3.44,0.64,6.32,7.18,5.99,1.35,2.89,1.78,9.75,8.45,8.32,6.38,3.98,5.26,4.91,3.79,6.41,7.03,6.47,6.18,-1,6.76,8.25,2.91,6,2.51,3.81,1.1,9.13,5.64,6.24,0.69,2.45,5.67,3.15,9.13,6.06,8.83,3.85,2.89,9.24,4.86,8.07,2.3
5.05,4.55,6.26,0.47,3.59,9.7,8.22,2.38,8.94,9.67,1,2.46,3.04,0.06,1.66,6.98,1.66,8.97,3.13,6.59,5.02,8.61,6.5,4.75,9.24,0.29,0.8,0.57,7.42,2.94,6.49,3.11,7.35,2.53,5.59,0.69,0.49,0.25,2.35,9.25,7.1,7.46,9.29,5.61,0.02,7.69,9.13,6,0.79,6.63,3.63,0.33,1.82,5.18,5.15,4.49,6.46,2.42,9.41,8.37,8.74,4.03,7.37,9.62,3.31,7.56,9.54,3.25,5.98,6.57,1.31,3.77,4.94,4.11,6.89,6.83,1.62,-1,3.9,3.19,0.29,8.87,9.03,8.14,8.04,7.41,1.42,8.07,3.83,4.64,3.43,8.57,8.81,5.22,1.65,8.28,8.43,3.17,5.02,1.29
0.94,7.58,2.52,3.05,7.63,6.85,4.65,7.85,1.61,6.29,2.14,9.45,7.09,7.61,2.68,3.85,2.06,8.73,5.45,9.57,9.25,1.44,7.67,7.33,8.59,3.67,7.33,5.05,6.48,3.68,7.95,3.74,5.13,1.68,6.45,7.06,7.42,5.14,5.1,2.45,6.43,9.75,8.34,9.31,3.78,4.43,8.64,4.95,2.64,0.12,0.49,0.04,0.2,2.17,9.76,8.6,2.36,8.37,5.22,9.38,8.06,9.21,3.61,6.41,5.76,5.15,5.18,6.22,3.97,0.03,0.35,1.38,6.37,3.68,6.14,7.52,8.74,1.96,-1,9.18,6,9.57,0.4,8.53,1.19,0.55,9.9,4.32,9.68,1.4,4.7,2.48,5.76,4.31,8.22,7.43,7.7,7.69,6.12,9.19
4.41,5.33,5.25,2.61,0.25,2.42,1.74,2.77,0.73,1.1,0.12,0.25,4.6,3.57,2.73,6.23,8.71,9.5,3.5,3.33,0.97,7.58,2.7,8.55,2.98,1.24,7.25,5.75,4.43,9.42,6.95,7.92,4.69,2.52,0.5,5.92,7.68,4.56,5.81,2.16,1.75,1.19,4.25,2.02,8.62,9.76,8.71,4.18,9.2,0.78,2.26,8.13,9.49,9.05,5.36,8.44,8.97,8.28,5.08,0.85,8.52,5.06,1.91,3.75,0.14,8.07,6.98,8.06,8.83,5.67,7.22,2.26,2,4.21,0.91,0.73,6.94,4.75,5.38,-1,4.51,2.92,9.91,6.57,5.92,0.52,9.27,0.61,0,6.27,7.48,5.04,3.94,6.3,4.03,0.87,7.53,5.04,0.95,6.28
0.41,1.99,2.32,6.61,7.44,5.5,8.75,4.39,6.41,9.56,9.24,3.47,8.7,4.84,2,6.08,1.14,3.49,6.71,7.83,3.13,7.13,1.36,3.28,9.2,0.18,3.57,0.43,9.32,7.68,8.82,9.64,9.17,6.22,4.44,7.76,2.23,6.06,4.18,3.02,8.61,3.71,5.32,5.66,9.56,2.56,7.77,2.82,4.72,0.19,7.06,1.97,2.06,8.69,5.16,7.69,6.48,5.09,7.48,6.49,6.29,6.26,8.99,7.18,0.57,0.1,0.55,4.17,0.54,3.83,0.6,9.44,4.08,3.36,6.46,5.91,4.82,7.44,6.6,0.54,-1,9.46,3.93,8.88,6.94,3.28,6.58,1.58,7.71,0.62,4.28,8.7,3.7,2.01,9.66,6.8,7.52,8.96,8.16,2.8
6.96,7.98,2.94,4.82,7.69,8.44,0.01,5.36,5.79,2.25,4.88,0.7,6.21,5.34,6.98,8.62,6.52,4.3,3.54,5.47,0.72,0.6,0.31,7.07,9.92,8.53,6.18,3.93,4.25,1.78,6.38,4.99,5.61,1.73,4.65,5.59,2.99,0.37,3.11,4.04,1.88,8.57,1.29,6.26,5.85,7.06,2.02,3.74,0.04,1.52,0.12,3.6,9.06,0.32,7.97,5.46,1.32,8.2,3.57,5.18,8.35,5.94,6.45,9.03,1.87,6.68,2.01,7.89,1.18,2.02,4.47,0.4,1.91,6.77,8.29,5.84,2.96,8.71,6.83,3.85,8.32,-1,0.36,0.07,3.53,1.08,7.72,5.4,8.96,6.6,5.42,0.6,0.5,8.09,2.79,0.67,3.6,8.28,0.23,7.35
0.82,6.18,1.43,3.45,1.18,7.88,8.88,0.04,7.83,0.97,3.33,8.77,5.61,1.24,8.71,8.58,5.45,3.53,5.26,6.07,9.61,7.78,1.2,0.91,7.98,8.7,0.8,4.35,7.63,0.88,4.97,0.71,7.81,1.22,0.88,5.01,1.48,9.18,5.19,3.82,9.56,9.26,1.71,8.98,9.37,1.59,7.73,6.77,2.24,2.93,4.91,4.82,6.93,5.96,2.82,5.5,9.74,2.82,6.13,0.27,6.67,3.28,7.83,1.67,6.01,1.74,7.39,7.96,2.63,0.11,4.22,4.52,3.79,3.75,0.42,9.66,0.09,9.44,4.49,4.52,8.95,2.68,-1,7.57,0.56,0.57,0.97,0.24,5.16,8.56,6.56,2.97,4.45,1.32,7.91,9.39,8.83,7.39,3.04,0.2
8.56,8.21,9.87,8.6,4.69,8.93,8.23,5.76,5.13,8.76,1.69,4.93,7.43,8.91,3.42,8.58,4.94,3.49,7.99,7.13,9.46,5.07,6.93,6.53,1.67,0.27,2.28,5.97,2.82,8.82,1.22,8.58,2.63,3.25,9.04,5.26,7.31,3.44,6.43,7.91,7.2,8.94,1.58,9.6,4.87,7.84,0.63,8.17,3.96,9.51,5.48,7.81,5.08,4.22,5.29,6.44,8.51,6.73,4.13,3.53,7.26,3.02,6.44,6.63,0.37,0.21,7.91,4.29,6.31,0.42,4.52,5.81,6.76,2.47,9.03,8.34,4.73,5.87,2.89,0.31,0.6,2.78,1.68,-1,5.36,8.03,5.55,7.32,8.9,7.02,5.82,5.86,0.88,0.96,2.53,2.23,7.47,4.94,6.08,5.18
2.06,0.68,2.02,5.43,7.67,4.74,5.66,2.29,2.89,9.81,6.49,9.72,3.64,1.01,3.53,0.08,8.68,8.4,6.58,5.63,9.06,9.73,3.5,1.25,7.47,8.21,2.17,3.86,8.24,1.38,1.98,2.12,5.98,5.6,3.45,7.21,5.13,2.87,9.78,1.7,9,8.18,2.48,2.02,4.86,7.48,7.02,2.14,1.26,0.96,0.38,8.58,5.3,7.56,6.6,3.43,2.74,3.73,0.27,7.64,3.7,7.47,7.56,3.47,0.81,0.06,1.41,0.53,0.31,7.01,9.36,9.89,6.78,9.57,6.75,3.18,3.4,7.93,5.41,4.14,5.08,2.13,3.88,5.62,-1,8.45,8.96,4.11,6.64,0.28,8.82,3.42,1.3,3.45,3.93,6.76,2.75,1.98,5.84,5.44
4.05,2.2,2.77,2.13,4.11,1.79,4.88,7.14,8.43,3.74,1.44,2.72,6.17,0.42,9.91,0.25,3.43,1.91,9.82,7.3,1.13,3.63,1.76,0.32,2.78,0.11,5.54,8.87,8.56,3.97,0.56,5.89,5.69,5.69,5.08,7.95,9.63,8.51,8.21,4.22,3.79,4.85,7.16,3.37,7.44,6.3,6.7,9.11,1.91,1.98,0.13,0.45,0.11,7.89,0.61,4.57,3.4,2.64,1.16,1.04,2.74,0.33,3.22,0.63,1.21,7.08,6.2,5.23,6.2,0.3,5.81,9.5,9.72,7.17,1.69,7.76,8.18,3.16,1.81,9.58,1.95,9.07,1.38,8.99,6.85,-1,2.04,2.66,2.11,3.05,0.15,0.94,8.72,6.78,5.38,8.69,7.91,6.61,4.51,7.4
4.44,9.46,5.31,4.45,7.17,7.11,9.48,2.06,6.53,9.03,1.92,7.74,5.5,4.25,5.39,1.42,9.19,4.27,2.84,3.48,6.3,1.43,9.83,3.72,9.9,0.78,1.53,3.59,3.57,5.97,8.75,5.81,0.68,1.64,0.18,7,2.17,5.72,9.73,0.72,1.24,3.22,7.92,0.84,6.24,6.54,6.68,5.87,8.37,4.06,2.92,1.23,7.48,7.98,6.44,9.82,2.4,8.69,5.8,0.82,9.72,7.74,1.24,0.9,4.85,3.83,1.33,9.51,4.66,9.47,5.22,3.15,0.02,7.26,2.2,8.12,1.56,6.24,1,4.77,1.6,0.91,7.44,5.72,0.21,7.35,-1,0.49,9.07,4.75,0.36,0.26,7.13,9.27,7.92,7.51,2.88,1.4,4.4,8.42
4.6,9.46,8.22,7.54,7.46,2.26,7.12,0.7,1.06,1.47,9.42,6.72,1.45,8.05,7.48,5.45,2.17,5.01,7.97,0.13,6.24,0.18,5.75,6.55,2.42,1.28,0.65,3.41,4.49,4.76,6.16,6.83,2.7,1.99,9.3,2.07,6.1,4.99,6.47,1.62,8.37,6.72,6.33,2.19,2.91,8.93,2.74,0.04,2.31,4.56,6.93,5.66,0.92,9.04,9.51,5.33,0.73,9.89,9.74,1.26,6.25,3.82,1.38,8.09,9.48,8.37,0.34,7.99,3.35,9.36,4.7,7.73,5.17,6.89,5.07,6.15,5.54,6.56,5.71,2.36,1.06,8.75,8.13,3.08,9.69,0.99,8.79,-1,7.34,6.53,6.67,5.49,2.78,2.35,9.1,4.66,2.02,3.07,4.65,8.26
7.25,1,1.23,5.69,3.06,0.23,5.8,9.44,6.68,4.1,7.4,5.98,7.39,7.42,7.15,0.23,6.35,6.52,9.52,6.22,6.67,7.55,4.35,9.85,9.92,3.67,2.79,5.78,9.25,7.83,3.32,2.96,1.27,9.5,0.36,3.41,8.87,3.11,8.53,5.33,1.14,3.36,5,6.43,5.63,6.22,5.47,2.71,5,8.36,2.51,7.66,7.84,0.93,0.29,2.34,7.79,2.94,0.06,1.92,6.35,0.2,6.43,9.82,3.41,7.55,9.17,3.63,1.08,6.52,2.33,6.13,8.33,0.41,9.37,3.79,6.93,7.8,5.57,5.82,9.87,3.74,8.63,2.38,9.44,0.11,0.24,7.64,-1,8.75,7.17,4.8,8.01,3.48,8.2,8.48,1.24,7.55,0.12,2.57
5.98,3.92,8.72,2.98,2.09,6.46,8.98,9.92,3.26,3.27,2.57,6.98,2.86,7.47,9.45,8.21,3.21,8.08,3.05,9.3,9.09,9.59,9.14,2.22,9.36,8.76,5.39,1.05,6.24,4.62,2.26,5.16,4.28,4.82,3.29,1.77,0.26,1.26,7.66,6.79,1.36,8.03,0.26,7.4,3.95,9.38,5.41,5.26,7.57,5.39,8.03,1.62,5.74,3.07,2.29,9.82,0.89,4.42,4.98,8.81,0.54,5.95,0.21,4.63,4.05,5.28,0.08,5.77,3.61,4.78,6.07,8.85,1.7,4.34,8.25,0.33,3.5,6.67,5.12,9.92,6.48,9.87,1.71,1.27,1.61,8.55,5.43,6.1,2.02,-1,1.69,0.4,9.27,7.2,4.96,3.68,0.92,5.48,3.94,2.62
1.62,9.24,1.57,8,3.21,5.06,8.84,7.85,2.62,6.87,2.2,8.53,2.92,5.23,7.18,0.04,2.46,2.99,7.06,4.29,6.7,9.5,6.61,3.79,5.28,2.51,9.18,3.23,6.64,0.39,3.57,1.32,2.9,9.86,7.26,4.79,4.56,1.88,4.62,5.94,5.69,3.09,6.69,9.41,3.51,2.65,6.88,5.7,5.05,9.03,4.9,9.92,3.58,6.02,7.51,3.9,7.14,3.45,9.59,8.67,8.14,8.03,3.2,6.55,1.45,8.7,3.09,9.18,8.86,3.78,9.89,2.88,5.84,2.52,2.31,5.22,4.45,9.85,4.16,5.95,0.73,0.46,1.52,8.07,2.59,6.13,6.11,9.68,0.28,4.56,-1,7.66,4.76,0.39,1.26,7.44,0.4,8.83,2.87,1.7
0.67,4.12,1.93,6.98,1.61,2.4,1.12,3.55,7.09,2.15,9.38,1.77,0.04,4.67,0.69,6.17,0.76,0.58,1.75,0.99,5.06,5.57,6.66,3.64,9.88,0.7,6.52,1.26,7.26,0.91,3.93,6.98,4.74,2.11,6.63,2.87,0.28,3.49,9.03,7.49,1.6,3.7,6.12,5.39,3.21,0.27,6.28,8.46,7.97,9.5,1.1,7.82,5.24,3.54,9.88,0.63,3.53,1.59,6.06,4.2,3.98,2.27,3.11,7.71,5.23,8.78,8.29,4.02,3,0.74,8.24,0.64,5.16,4.41,0.81,7.57,2.02,3.38,0.69,8.4,9.52,5.17,0.19,2.8,7.08,9.41,7.46,1.25,5.88,7.41,7.1,-1,5.39,4.57,4.79,7.27,0.2,2.94,3.76,3.18
4.76,2.2,0.79,4.68,5.53,8.31,3.26,8.52,2.59,2.37,8.57,9.57,1.95,7.36,9.5,4.71,3.58,5.53,4.5,2.31,7.8,8.93,9.3,7.81,9.04,4.82,8.9,5,9.59,6.43,5.75,8.78,7.74,3.98,1.61,0.26,1.2,4.72,9.34,7.66,5.57,1.64,5.45,8.94,6.53,4.19,3.67,2.08,7.91,6.21,9.31,5.01,2.23,0.85,1.62,4.16,9.75,7.31,8.87,0.51,2.18,9.64,5.19,6.58,7.78,7.45,2.33,0.67,7.19,1.22,3.96,7.46,0.41,8.25,6.41,1.98,2.11,4.55,4.36,2.95,3.59,9.11,7.48,7.98,1.45,3.04,3.39,2.81,5.1,9.13,2.44,3.7,-1,6.07,8.28,9.85,9.14,3.58,9.04,6.19
5.74,8.92,9.68,9.02,7.35,9.95,6.19,5.1,8.79,5.32,9.07,6.5,1.21,5.83,4.34,1.74,5.98,3.6,8.01,5.53,1.27,7.88,7.8,1.77,5.86,1.88,9.68,8.4,2.19,6.56,4.76,9.01,5.27,3.23,1.9,2.17,7.49,4.07,7.01,2.14,4.79,1.06,7.45,1.66,6.56,6.49,3.2,9.7,9.6,4.43,9.72,0.26,7.45,9.09,0.47,0.97,8.97,1.18,2.49,2.13,6.66,4.38,7.81,8.71,7.35,2.11,8.69,4.58,7.38,4.09,6.87,4.03,0.14,9.14,6.21,1.45,1.34,2.6,8.46,8.52,0.72,4.78,8.01,0.82,2.85,1.05,6.97,2.52,9.46,6.74,0.03,9.5,9.53,-1,4.98,1.04,8.57,3.21,0.13,7.45
6.05,0.04,3.33,2.91,9.48,2.18,7.23,3.11,1.16,7.52,7.68,6.64,8.65,2.01,8.26,8.21,1.19,5.31,7.52,3.88,3.85,7.68,1.9,3.03,0.62,9.65,4.68,0.76,1.66,6.96,4.66,7.3,1.96,8.47,3.25,2.83,9.39,0.17,8.28,1.91,5.08,8.97,6.72,4.02,2.89,1.58,1.82,1.3,2.35,6.03,2.7,9.73,1.85,3.91,5.99,8.71,5.26,6.79,7.59,9.32,2.47,5.22,1.34,9.84,9.19,2.64,0.06,0.84,1.65,7.79,7.67,3.41,0.45,9.05,0.27,3.48,3.78,6.52,6.51,6.11,4.87,9.03,4.79,1.04,1.7,2.76,3.48,2.1,2.43,8.56,9.8,5.67,1.39,4.78,-1,2.72,0.88,8.94,3.44,8.74
0.02,1.55,4.53,2.36,2.54,4.12,3.87,5.82,0.24,7.17,6.64,8.28,6.96,5.24,7.91,3.04,8.83,5.08,1.74,4.45,9.15,4.4,0.01,8.69,8.3,7.14,4.98,5.66,1.63,3.37,2.6,9.89,9.76,3.78,0.79,6.85,9.6,9.4,9.11,8.96,9.64,4.28,4.68,1.31,5.91,3.43,6.9,1.65,3.32,6.6,3,1.65,4.01,6.57,1.54,7.22,4.28,4.17,9.61,2.21,5.36,8.7,8.59,1.83,8.69,7,3.6,1.62,6.94,9.24,7.48,4.81,8.49,3.76,1.92,8.9,5.17,4.1,0.88,5.87,8.62,9.19,2.74,9.77,0.37,9.62,4.73,9.98,9.56,0.1,0.31,5.55,1.56,3.41,2.94,-1,2.35,8.66,2.49,5.48
1.04,2.5,0.3,6.29,2.5,9.15,1.7,2.57,6.93,2.41,6.36,5.23,4.11,2.19,9.26,1.57,9.48,6.15,6.29,3.42,7.1,0.94,5.27,9.16,4.18,7.25,1.33,2.28,2.28,3.84,5.94,6.12,3.9,9.6,9.5,9.62,2.65,0.28,8.61,8.09,1.14,4.12,2.26,6.71,9.67,6.87,6.94,2.31,6.17,8.35,2.26,5,8.09,3.27,3.23,2.15,7.28,7,0.07,5.8,1.57,6.27,6.58,2.9,8.33,2.39,1.73,1.96,7.45,3.29,7.56,8.46,6.59,4.22,8.61,5.93,6.56,7.44,4.41,0.68,1.08,1.39,6.62,1.89,0.47,5.6,2.95,6.27,6.1,6.03,1.85,1.63,2.18,6.58,4.77,1.55,-1,2.85,3.9,0.2
5.68,0.67,9.22,3.3,3.04,2.66,0.76,0.33,4.39,3.92,6.85,3.87,2.53,7.76,9.7,3.75,6.87,8.74,5.28,9.8,8.41,0.65,8.38,6.75,1.46,2.63,1.49,6.65,7.44,4.79,8.92,9.03,5.8,1.96,4.34,2.46,2.51,8.77,5.09,2.35,1.5,6.45,0.51,6.76,2.98,8.87,4.65,7.75,6.93,3.94,2.11,3.37,8.37,9.01,5.56,3,3.97,9.96,4.67,2.01,0.3,4.94,2.02,3.8,9.3,5.8,6.34,9.91,8.81,5.16,7.81,1.77,3.5,0.55,6.16,0.37,8.51,8.77,2.41,9.88,1.61,3.23,8.1,1.63,9.32,3.77,4.45,2.39,4.03,7.56,4.99,0.14,7.96,3.98,2.01,8.39,5.4,-1,2.92,0.85
8,6.59,7.37,9.17,1.95,9.8,2.39,0.09,7.91,1.64,7.23,1.03,1.7,5.43,0.88,2.64,3.57,7.42,2.18,3.76,6.2,7.05,8.36,6.75,7.22,0.23,7.79,8.85,8.26,5.97,2.83,0.38,5.19,4.65,1.45,1.05,6.79,1.04,3.91,6.83,8.47,2.56,3.63,0.44,4.88,1.37,6.06,9,7.63,1.16,3.36,3.95,3.5,3.35,0.8,6.04,2.82,2.47,3.83,5.16,5.96,2.58,1.88,2.58,2.84,7.65,8.05,4.35,7.61,1.73,0.58,2.65,0.48,7.72,4.81,3.66,5.66,3.33,2.73,1.49,7.24,0.38,4.87,4.21,8.79,2.37,1.55,9.16,7.66,4.4,1.6,5.21,7.82,1.31,1.79,2.1,9.89,3.21,-1,9.94
4.16,1.12,4.94,8.25,1.55,6.08,6.65,6.93,9.61,4.51,1.4,8.26,9.37,8.06,6.26,8.18,9.66,9.54,6.43,9.49,6.37,1.48,9.94,4,4.44,9.61,1.32,5.18,4.05,1.7,4.56,0.31,0.06,2.29,5.24,3.99,8.14,7.32,9,2.81,6.76,2.27,1.12,6.2,5.58,1.99,4.19,1.84,4.47,2.05,1.11,8.01,7.19,2.68,1.44,1.42,5.76,9.3,7.22,7.09,0.61,8.84,9.11,7.98,1.26,4.18,4.25,9.63,7.62,4.28,5.94,9.35,6.8,6.45,4.51,3.59,8.65,4.44,2.81,8.23,2.76,4.54,1.58,4.61,2.78,4.57,4.37,4.98,2.17,6.68,5.61,3.09,7.96,2.86,5.76,1.46,7.64,5.05,6.84,-1
